time,Open,High,Low,Close,Volume
2026-03-12 00:50:00,5153.195,5155.749,5152.576,5154.96,584.0
2026-03-12 00:55:00,5154.82,5154.82,5151.84,5152.9,597.0
2026-03-12 01:00:00,5152.861,5166.631,5151.502,5158.819,1782.0
2026-03-12 01:05:00,5158.899,5159.419,5152.212,5156.216,1221.0
2026-03-12 01:10:00,5156.376,5159.142,5153.9,5157.014,950.0
2026-03-12 01:15:00,5157.009,5159.47,5151.562,5158.775,1042.0
2026-03-12 01:20:00,5158.86,5160.824,5155.014,5159.559,841.0
2026-03-12 01:25:00,5159.49,5160.449,5154.542,5157.23,870.0
2026-03-12 01:30:00,5157.236,5159.158,5154.694,5158.033,1083.0
2026-03-12 01:35:00,5157.934,5164.589,5156.295,5163.037,883.0
2026-03-12 01:40:00,5162.925,5170.46,5161.194,5169.546,720.0
2026-03-12 01:45:00,5169.632,5172.842,5167.511,5171.592,774.0
2026-03-12 01:50:00,5171.314,5171.734,5166.899,5167.225,642.0
2026-03-12 01:55:00,5167.443,5168.59,5164.42,5168.425,720.0
2026-03-12 02:00:00,5168.572,5172.987,5167.205,5171.564,574.0
2026-03-12 02:05:00,5171.552,5173.826,5169.069,5173.401,594.0
2026-03-12 02:10:00,5173.427,5174.403,5171.201,5173.883,523.0
2026-03-12 02:15:00,5173.806,5174.25,5170.795,5173.875,755.0
2026-03-12 02:20:00,5173.838,5175.152,5168.62,5169.399,556.0
2026-03-12 02:25:00,5169.495,5172.193,5167.102,5168.235,473.0
2026-03-12 02:30:00,5168.324,5171.421,5164.287,5165.509,687.0
2026-03-12 02:35:00,5165.602,5165.859,5159.649,5160.609,977.0
2026-03-12 02:40:00,5160.692,5161.665,5155.559,5157.514,1086.0
2026-03-12 02:45:00,5157.613,5158.261,5148.587,5150.582,1250.0
2026-03-12 02:50:00,5150.634,5153.993,5145.762,5151.468,1110.0
2026-03-12 02:55:00,5151.393,5154.393,5150.252,5150.633,645.0
2026-03-12 03:00:00,5150.706,5155.325,5148.396,5152.774,774.0
2026-03-12 03:05:00,5152.67,5154.536,5150.586,5152.846,651.0
2026-03-12 03:10:00,5152.857,5155.186,5151.876,5153.752,538.0
2026-03-12 03:15:00,5153.677,5153.929,5147.376,5152.328,646.0
2026-03-12 03:20:00,5152.398,5154.859,5151.036,5151.564,629.0
2026-03-12 03:25:00,5151.54,5153.104,5148.885,5151.722,670.0
2026-03-12 03:30:00,5151.807,5153.255,5148.053,5149.649,545.0
2026-03-12 03:35:00,5149.555,5152.206,5148.189,5148.831,513.0
2026-03-12 03:40:00,5148.507,5153.42,5148.507,5152.212,449.0
2026-03-12 03:45:00,5152.493,5153.754,5151.216,5153.286,394.0
2026-03-12 03:50:00,5153.303,5154.193,5152.149,5152.497,370.0
2026-03-12 03:55:00,5152.753,5154.27,5151.934,5152.927,309.0
2026-03-12 04:00:00,5153.009,5153.085,5149.863,5152.7,319.0
2026-03-12 04:05:00,5152.554,5153.162,5151.695,5152.576,260.0
2026-03-12 04:10:00,5152.875,5152.904,5151.653,5152.127,288.0
2026-03-12 04:15:00,5152.225,5153.821,5151.571,5153.42,305.0
2026-03-12 04:20:00,5153.414,5153.512,5150.359,5150.796,398.0
2026-03-12 04:25:00,5150.887,5153.062,5150.116,5152.371,369.0
2026-03-12 04:30:00,5152.372,5152.511,5148.042,5148.362,353.0
2026-03-12 04:35:00,5148.403,5149.785,5144.217,5145.46,595.0
2026-03-12 04:40:00,5145.46,5146.857,5143.763,5143.977,496.0
2026-03-12 04:45:00,5144.005,5146.538,5142.8,5145.422,494.0
2026-03-12 04:50:00,5145.42,5146.174,5142.203,5142.941,411.0
2026-03-12 04:55:00,5142.943,5143.134,5140.408,5142.404,443.0
2026-03-12 05:00:00,5142.67,5145.846,5142.211,5145.138,562.0
2026-03-12 05:05:00,5145.061,5147.04,5141.334,5146.508,603.0
2026-03-12 05:10:00,5146.508,5148.831,5145.082,5146.259,440.0
2026-03-12 05:15:00,5146.333,5148.566,5145.135,5147.116,481.0
2026-03-12 05:20:00,5146.982,5146.993,5141.464,5141.499,504.0
2026-03-12 05:25:00,5141.462,5143.146,5137.024,5142.77,591.0
2026-03-12 05:30:00,5142.887,5149.63,5141.095,5147.336,802.0
2026-03-12 05:35:00,5147.382,5152.32,5146.819,5149.406,689.0
2026-03-12 05:40:00,5149.151,5154.448,5148.259,5153.264,553.0
2026-03-12 05:45:00,5153.263,5156.818,5152.817,5156.408,587.0
2026-03-12 05:50:00,5156.396,5156.542,5151.664,5153.312,500.0
2026-03-12 05:55:00,5153.168,5157.471,5151.881,5154.547,451.0
2026-03-12 06:00:00,5154.55,5157.848,5154.486,5154.868,509.0
2026-03-12 06:05:00,5155.073,5155.476,5152.247,5154.268,522.0
2026-03-12 06:10:00,5154.227,5155.652,5151.589,5154.438,527.0
2026-03-12 06:15:00,5154.299,5154.344,5150.445,5150.782,463.0
2026-03-12 06:20:00,5150.775,5156.033,5147.272,5155.484,518.0
2026-03-12 06:25:00,5155.494,5157.746,5155.461,5156.557,533.0
2026-03-12 06:30:00,5156.477,5162.13,5156.129,5161.1,537.0
2026-03-12 06:35:00,5161.001,5164.426,5159.675,5164.426,502.0
2026-03-12 06:40:00,5164.437,5169.855,5163.27,5168.292,720.0
2026-03-12 06:45:00,5168.382,5170.143,5167.122,5167.985,631.0
2026-03-12 06:50:00,5168.205,5170.199,5166.545,5167.952,595.0
2026-03-12 06:55:00,5168.29,5168.542,5165.035,5165.945,505.0
2026-03-12 07:00:00,5166.263,5167.471,5164.496,5166.222,563.0
2026-03-12 07:05:00,5166.256,5167.784,5165.324,5166.137,398.0
2026-03-12 07:10:00,5166.335,5170.148,5165.922,5169.991,406.0
2026-03-12 07:15:00,5170.106,5170.526,5166.578,5167.191,474.0
2026-03-12 07:20:00,5167.306,5168.502,5165.748,5168.502,459.0
2026-03-12 07:25:00,5168.42,5169.341,5166.342,5168.771,435.0
2026-03-12 07:30:00,5168.766,5173.128,5168.165,5169.963,563.0
2026-03-12 07:35:00,5169.969,5170.787,5168.088,5168.466,418.0
2026-03-12 07:40:00,5168.154,5179.626,5168.071,5178.65,673.0
2026-03-12 07:45:00,5178.679,5185.373,5178.395,5179.262,757.0
2026-03-12 07:50:00,5179.09,5180.272,5176.066,5178.817,487.0
2026-03-12 07:55:00,5178.494,5182.52,5176.938,5181.793,490.0
2026-03-12 08:00:00,5181.901,5189.676,5181.313,5184.476,968.0
2026-03-12 08:05:00,5184.389,5185.587,5181.846,5183.509,656.0
2026-03-12 08:10:00,5183.457,5188.67,5180.729,5181.333,607.0
2026-03-12 08:15:00,5181.297,5184.191,5180.801,5181.835,506.0
2026-03-12 08:20:00,5181.538,5181.922,5178.291,5178.385,568.0
2026-03-12 08:25:00,5178.284,5180.339,5177.103,5177.485,554.0
2026-03-12 08:30:00,5177.407,5181.153,5177.407,5180.818,484.0
2026-03-12 08:35:00,5180.678,5181.786,5179.64,5180.066,439.0
2026-03-12 08:40:00,5180.411,5181.719,5178.292,5181.091,435.0
2026-03-12 08:45:00,5181.158,5182.943,5175.643,5179.675,506.0
2026-03-12 08:50:00,5179.419,5180.282,5175.955,5178.894,524.0
2026-03-12 08:55:00,5178.748,5180.272,5177.635,5177.833,465.0
2026-03-12 09:00:00,5178.07,5180.204,5177.131,5177.444,596.0
2026-03-12 09:05:00,5177.317,5181.069,5175.441,5179.767,533.0
2026-03-12 09:10:00,5179.554,5179.933,5175.644,5176.569,493.0
2026-03-12 09:15:00,5176.232,5178.778,5175.62,5176.997,501.0
2026-03-12 09:20:00,5177.01,5177.389,5174.375,5175.874,479.0
2026-03-12 09:25:00,5176.011,5181.399,5175.663,5179.912,585.0
2026-03-12 09:30:00,5179.987,5185.549,5179.987,5183.94,615.0
2026-03-12 09:35:00,5183.866,5186.624,5182.355,5184.843,561.0
2026-03-12 09:40:00,5184.68,5187.252,5183.202,5184.428,537.0
2026-03-12 09:45:00,5184.428,5186.221,5183.2,5183.595,470.0
2026-03-12 09:50:00,5183.801,5186.734,5183.08,5183.547,539.0
2026-03-12 09:55:00,5183.869,5190.195,5182.508,5187.991,601.0
2026-03-12 10:00:00,5188.115,5191.657,5186.636,5188.103,616.0
2026-03-12 10:05:00,5188.368,5191.62,5187.983,5187.983,534.0
2026-03-12 10:10:00,5188.104,5190.652,5186.794,5187.127,424.0
2026-03-12 10:15:00,5187.227,5187.304,5183.131,5184.879,532.0
2026-03-12 10:20:00,5184.96,5185.974,5182.905,5184.908,421.0
2026-03-12 10:25:00,5184.836,5184.998,5179.904,5180.297,449.0
2026-03-12 10:30:00,5180.324,5182.506,5178.509,5181.249,804.0
2026-03-12 10:35:00,5181.546,5181.704,5176.027,5179.829,586.0
2026-03-12 10:40:00,5179.533,5182.823,5178.891,5182.036,556.0
2026-03-12 10:45:00,5182.247,5184.011,5181.182,5182.268,524.0
2026-03-12 10:50:00,5182.206,5183.024,5178.788,5180.184,480.0
2026-03-12 10:55:00,5179.906,5182.454,5179.785,5182.213,382.0
2026-03-12 11:00:00,5182.146,5183.822,5179.881,5180.744,422.0
2026-03-12 11:05:00,5180.871,5182.272,5180.325,5181.537,356.0
2026-03-12 11:10:00,5181.564,5182.003,5178.715,5178.911,390.0
2026-03-12 11:15:00,5178.749,5179.297,5174.26,5174.449,558.0
2026-03-12 11:20:00,5174.385,5179.017,5172.547,5178.7,555.0
2026-03-12 11:25:00,5178.751,5179.211,5176.391,5176.519,426.0
2026-03-12 11:30:00,5176.48,5179.686,5176.281,5177.042,570.0
2026-03-12 11:35:00,5177.293,5180.228,5175.478,5179.394,485.0
2026-03-12 11:40:00,5179.451,5180.853,5177.473,5180.577,467.0
2026-03-12 11:45:00,5180.665,5181.424,5177.628,5178.32,514.0
2026-03-12 11:50:00,5178.094,5179.112,5176.584,5176.947,518.0
2026-03-12 11:55:00,5176.942,5181.184,5176.639,5178.779,567.0
2026-03-12 12:00:00,5178.864,5180.372,5174.489,5174.554,784.0
2026-03-12 12:05:00,5174.317,5175.06,5167.463,5169.616,1000.0
2026-03-12 12:10:00,5169.527,5172.001,5167.515,5168.828,813.0
2026-03-12 12:15:00,5168.704,5170.611,5165.555,5168.327,786.0
2026-03-12 12:20:00,5168.404,5171.063,5163.419,5170.631,1075.0
2026-03-12 12:25:00,5170.79,5172.614,5168.893,5172.1,756.0
2026-03-12 12:30:00,5172.068,5175.98,5170.057,5172.493,710.0
2026-03-12 12:35:00,5172.615,5174.99,5169.772,5169.97,733.0
2026-03-12 12:40:00,5169.961,5174.534,5168.579,5173.976,792.0
2026-03-12 12:45:00,5173.696,5181.677,5173.696,5181.262,687.0
2026-03-12 12:50:00,5181.34,5185.474,5181.089,5183.572,699.0
2026-03-12 12:55:00,5183.692,5185.73,5178.348,5181.487,731.0
2026-03-12 13:00:00,5181.183,5186.047,5179.538,5179.658,1286.0
2026-03-12 13:05:00,5179.864,5185.694,5178.889,5183.012,969.0
2026-03-12 13:10:00,5182.923,5184.662,5181.419,5184.469,876.0
2026-03-12 13:15:00,5184.586,5184.586,5172.413,5173.929,1602.0
2026-03-12 13:20:00,5174.056,5174.675,5159.224,5171.836,2095.0
2026-03-12 13:25:00,5171.76,5173.016,5167.778,5171.212,1440.0
2026-03-12 13:30:00,5171.086,5171.086,5160.695,5166.49,2319.0
2026-03-12 13:35:00,5166.453,5168.13,5158.409,5161.585,2184.0
2026-03-12 13:40:00,5161.663,5162.483,5155.678,5158.981,2316.0
2026-03-12 13:45:00,5158.869,5158.869,5151.613,5151.795,1931.0
2026-03-12 13:50:00,5151.894,5159.541,5147.557,5150.997,1851.0
2026-03-12 13:55:00,5151.058,5154.237,5145.877,5151.27,1467.0
2026-03-12 14:00:00,5151.193,5163.315,5149.862,5161.938,1570.0
2026-03-12 14:05:00,5162.095,5162.614,5155.674,5157.054,1227.0
2026-03-12 14:10:00,5157.132,5161.234,5154.964,5160.954,1110.0
2026-03-12 14:15:00,5160.885,5163.036,5152.34,5154.567,1356.0
2026-03-12 14:20:00,5154.477,5157.321,5149.585,5153.318,1264.0
2026-03-12 14:25:00,5152.942,5155.121,5150.36,5152.123,1157.0
2026-03-12 14:30:00,5152.199,5153.745,5143.463,5146.507,1502.0
2026-03-12 14:35:00,5146.705,5151.428,5139.489,5144.892,1514.0
2026-03-12 14:40:00,5144.732,5148.712,5139.806,5148.712,1314.0
2026-03-12 14:45:00,5148.615,5153.413,5138.282,5142.388,1826.0
2026-03-12 14:50:00,5142.281,5143.609,5139.311,5141.735,1588.0
2026-03-12 14:55:00,5141.605,5144.443,5139.292,5142.931,1251.0
2026-03-12 15:00:00,5142.759,5144.917,5130.576,5131.963,2322.0
2026-03-12 15:05:00,5131.867,5136.556,5127.145,5130.463,1731.0
2026-03-12 15:10:00,5130.388,5130.916,5109.486,5124.632,3149.0
2026-03-12 15:15:00,5124.402,5127.921,5117.806,5125.776,1745.0
2026-03-12 15:20:00,5125.851,5130.358,5125.468,5129.291,1113.0
2026-03-12 15:25:00,5129.364,5132.562,5127.998,5129.148,1014.0
2026-03-12 15:30:00,5129.027,5129.376,5123.025,5125.055,1006.0
2026-03-12 15:35:00,5124.933,5132.339,5118.263,5131.845,1530.0
2026-03-12 15:40:00,5131.924,5134.327,5125.382,5130.843,2029.0
2026-03-12 15:45:00,5130.931,5131.821,5125.458,5130.099,1357.0
2026-03-12 15:50:00,5130.174,5135.154,5127.422,5133.222,1183.0
2026-03-12 15:55:00,5133.31,5133.818,5128.728,5132.431,875.0
2026-03-12 16:00:00,5132.109,5134.787,5130.74,5133.594,1010.0
2026-03-12 16:05:00,5133.672,5134.868,5122.317,5124.559,1028.0
2026-03-12 16:10:00,5124.459,5128.886,5121.155,5128.229,1100.0
2026-03-12 16:15:00,5128.303,5131.754,5127.646,5131.501,851.0
2026-03-12 16:20:00,5131.379,5137.954,5130.729,5133.958,916.0
2026-03-12 16:25:00,5134.037,5135.455,5131.366,5131.854,897.0
2026-03-12 16:30:00,5131.774,5131.774,5124.965,5128.655,1129.0
2026-03-12 16:35:00,5128.735,5133.378,5127.793,5131.38,1018.0
2026-03-12 16:40:00,5131.462,5137.337,5130.736,5134.759,972.0
2026-03-12 16:45:00,5134.683,5135.319,5128.553,5133.526,941.0
2026-03-12 16:50:00,5133.656,5133.656,5124.504,5125.039,1036.0
2026-03-12 16:55:00,5125.118,5126.425,5121.43,5123.428,1001.0
2026-03-12 17:00:00,5123.306,5126.84,5122.522,5126.371,796.0
2026-03-12 17:05:00,5126.296,5129.424,5123.541,5124.885,832.0
2026-03-12 17:10:00,5124.802,5126.004,5120.687,5121.608,877.0
2026-03-12 17:15:00,5121.513,5121.828,5113.28,5118.161,1185.0
2026-03-12 17:20:00,5118.085,5122.486,5117.087,5119.986,926.0
2026-03-12 17:25:00,5120.085,5121.778,5117.302,5118.901,1126.0
2026-03-12 17:30:00,5118.674,5119.889,5111.2,5111.823,1014.0
2026-03-12 17:35:00,5112.058,5115.644,5109.061,5112.712,1090.0
2026-03-12 17:40:00,5112.999,5113.462,5104.904,5110.713,973.0
2026-03-12 17:45:00,5110.388,5112.26,5106.379,5107.613,977.0
2026-03-12 17:50:00,5107.712,5109.619,5105.639,5107.162,962.0
2026-03-12 17:55:00,5107.211,5108.384,5102.383,5105.334,995.0
2026-03-12 18:00:00,5105.228,5112.351,5104.743,5108.455,1016.0
2026-03-12 18:05:00,5108.514,5112.492,5105.187,5107.4,859.0
2026-03-12 18:10:00,5107.321,5109.509,5105.377,5107.179,802.0
2026-03-12 18:15:00,5107.406,5110.34,5106.246,5106.731,722.0
2026-03-12 18:20:00,5106.509,5107.101,5101.1,5103.012,1019.0
2026-03-12 18:25:00,5103.09,5105.752,5102.305,5104.285,830.0
2026-03-12 18:30:00,5104.208,5104.359,5099.707,5100.419,882.0
2026-03-12 18:35:00,5100.492,5103.562,5098.755,5100.263,937.0
2026-03-12 18:40:00,5100.191,5100.506,5098.416,5098.808,480.0
2026-03-12 18:45:00,5098.734,5099.121,5091.986,5092.46,1041.0
2026-03-12 18:50:00,5092.446,5099.496,5090.733,5098.333,873.0
2026-03-12 18:55:00,5098.3,5099.291,5093.765,5094.408,698.0
2026-03-12 19:00:00,5094.325,5094.814,5079.182,5087.378,1598.0
2026-03-12 19:05:00,5087.297,5093.809,5087.211,5092.784,1033.0
2026-03-12 19:10:00,5092.867,5092.926,5083.137,5084.957,1010.0
2026-03-12 19:15:00,5085.059,5088.279,5080.953,5086.4,986.0
2026-03-12 19:20:00,5086.686,5093.588,5084.248,5092.573,839.0
2026-03-12 19:25:00,5092.595,5095.496,5088.892,5093.656,750.0
2026-03-12 19:30:00,5093.599,5096.775,5092.897,5094.719,690.0
2026-03-12 19:35:00,5094.561,5096.321,5091.827,5094.608,655.0
2026-03-12 19:40:00,5094.845,5095.577,5090.452,5091.913,609.0
2026-03-12 19:45:00,5091.878,5095.701,5089.754,5094.944,745.0
2026-03-12 19:50:00,5094.853,5096.137,5092.145,5093.995,698.0
2026-03-12 19:55:00,5093.922,5094.059,5081.156,5084.796,1172.0
2026-03-12 20:00:00,5084.72,5090.193,5083.494,5088.72,588.0
2026-03-12 20:05:00,5088.789,5090.53,5087.344,5088.985,427.0
2026-03-12 20:10:00,5088.978,5089.989,5085.074,5085.342,535.0
2026-03-12 20:15:00,5085.281,5088.871,5083.585,5085.125,611.0
2026-03-12 20:20:00,5084.968,5085.104,5076.787,5081.496,1079.0
2026-03-12 20:25:00,5081.579,5082.201,5071.119,5071.545,1081.0
2026-03-12 20:30:00,5071.674,5072.103,5054.751,5071.083,2496.0
2026-03-12 20:35:00,5071.131,5072.835,5065.937,5070.276,888.0
2026-03-12 20:40:00,5070.074,5072.971,5067.467,5072.378,739.0
2026-03-12 20:45:00,5072.174,5081.387,5071.805,5080.739,717.0
2026-03-12 20:50:00,5080.664,5080.909,5076.264,5078.553,705.0
2026-03-12 20:55:00,5078.478,5080.537,5076.958,5079.869,390.0
2026-03-12 22:00:00,5078.073,5083.734,5072.883,5083.608,401.0
2026-03-12 22:05:00,5083.418,5086.7,5078.839,5081.748,697.0
2026-03-12 22:10:00,5081.712,5085.869,5079.395,5081.322,519.0
2026-03-12 22:15:00,5081.385,5091.033,5080.922,5089.535,708.0
2026-03-12 22:20:00,5089.351,5094.643,5088.453,5093.609,543.0
2026-03-12 22:25:00,5093.77,5095.131,5090.06,5092.288,517.0
2026-03-12 22:30:00,5092.442,5092.509,5090.051,5090.152,363.0
2026-03-12 22:35:00,5090.176,5090.176,5085.404,5086.499,373.0
2026-03-12 22:40:00,5086.451,5090.251,5086.014,5089.241,404.0
2026-03-12 22:45:00,5089.241,5092.433,5088.198,5088.354,372.0
2026-03-12 22:50:00,5088.054,5092.575,5088.054,5092.163,564.0
2026-03-12 22:55:00,5092.429,5096.164,5092.129,5096.015,312.0
2026-03-12 23:00:00,5095.737,5095.931,5089.121,5093.093,540.0
2026-03-12 23:05:00,5092.793,5096.184,5092.77,5093.93,474.0
2026-03-12 23:10:00,5093.979,5095.079,5089.797,5090.558,425.0
2026-03-12 23:15:00,5090.758,5094.98,5090.502,5093.861,435.0
2026-03-12 23:20:00,5093.868,5098.918,5092.87,5096.623,461.0
2026-03-12 23:25:00,5096.626,5099.379,5093.247,5093.961,460.0
2026-03-12 23:30:00,5094.177,5097.933,5092.072,5095.179,690.0
2026-03-12 23:35:00,5095.461,5097.391,5092.992,5097.3,532.0
2026-03-12 23:40:00,5097.386,5098.199,5094.278,5094.978,399.0
2026-03-12 23:45:00,5094.898,5099.366,5094.722,5098.493,400.0
2026-03-12 23:50:00,5098.505,5100.907,5097.189,5099.273,389.0
2026-03-12 23:55:00,5099.29,5101.191,5098.062,5098.163,324.0
2026-03-13 00:00:00,5098.067,5103.771,5097.287,5099.152,673.0
2026-03-13 00:05:00,5099.133,5104.329,5099.086,5103.779,491.0
2026-03-13 00:10:00,5103.688,5108.077,5102.388,5106.08,520.0
2026-03-13 00:15:00,5105.997,5108.081,5104.922,5105.062,538.0
2026-03-13 00:20:00,5104.987,5108.373,5104.566,5105.784,451.0
2026-03-13 00:25:00,5105.796,5106.533,5103.963,5106.296,402.0
2026-03-13 00:30:00,5106.07,5110.597,5105.777,5109.247,527.0
2026-03-13 00:35:00,5109.177,5109.853,5107.812,5108.523,405.0
2026-03-13 00:40:00,5108.37,5109.775,5106.749,5107.588,383.0
2026-03-13 00:45:00,5107.493,5109.677,5107.265,5107.789,348.0
2026-03-13 00:50:00,5108.065,5112.879,5107.445,5111.388,461.0
2026-03-13 00:55:00,5111.525,5115.109,5110.743,5113.424,433.0
2026-03-13 01:00:00,5113.549,5120.515,5113.291,5118.4,937.0
2026-03-13 01:05:00,5118.477,5120.587,5117.123,5118.733,626.0
2026-03-13 01:10:00,5118.591,5120.685,5115.357,5119.302,702.0
2026-03-13 01:15:00,5119.355,5120.242,5114.074,5115.955,711.0
2026-03-13 01:20:00,5116.094,5119.382,5114.48,5116.335,905.0
2026-03-13 01:25:00,5116.551,5120.632,5116.117,5118.672,459.0
2026-03-13 01:30:00,5118.869,5121.543,5118.15,5120.799,523.0
2026-03-13 01:35:00,5120.819,5121.28,5114.943,5118.365,662.0
2026-03-13 01:40:00,5118.284,5118.876,5111.603,5112.359,814.0
2026-03-13 01:45:00,5112.441,5114.885,5108.802,5112.654,1069.0
2026-03-13 01:50:00,5112.734,5115.698,5110.156,5113.473,808.0
2026-03-13 01:55:00,5113.46,5124.204,5113.46,5124.178,811.0
2026-03-13 02:00:00,5124.247,5128.363,5123.613,5126.611,847.0
2026-03-13 02:05:00,5126.626,5127.191,5122.44,5124.59,513.0
2026-03-13 02:10:00,5124.584,5126.423,5122.773,5122.976,546.0
2026-03-13 02:15:00,5123.193,5123.193,5119.688,5120.815,531.0
2026-03-13 02:20:00,5120.775,5123.109,5114.636,5118.229,697.0
2026-03-13 02:25:00,5117.967,5122.192,5117.806,5121.247,386.0
2026-03-13 02:30:00,5121.313,5121.687,5118.477,5119.667,486.0
2026-03-13 02:35:00,5119.923,5121.054,5117.082,5117.64,474.0
2026-03-13 02:40:00,5117.328,5120.436,5115.688,5118.01,599.0
2026-03-13 02:45:00,5117.974,5118.507,5112.519,5113.77,580.0
2026-03-13 02:50:00,5113.77,5115.201,5111.672,5115.006,571.0
2026-03-13 02:55:00,5115.088,5115.479,5110.47,5111.797,615.0
2026-03-13 03:00:00,5112.005,5113.839,5109.198,5112.026,717.0
2026-03-13 03:05:00,5112.265,5115.65,5111.656,5113.582,503.0
2026-03-13 03:10:00,5113.571,5115.352,5109.885,5110.605,525.0
2026-03-13 03:15:00,5110.501,5112.636,5109.492,5110.436,495.0
2026-03-13 03:20:00,5110.648,5113.798,5109.873,5112.014,494.0
2026-03-13 03:25:00,5112.097,5113.608,5108.236,5110.334,484.0
2026-03-13 03:30:00,5110.366,5112.073,5108.596,5110.268,438.0
2026-03-13 03:35:00,5110.526,5111.466,5106.097,5108.905,445.0
2026-03-13 03:40:00,5108.98,5111.458,5108.5,5110.364,328.0
2026-03-13 03:45:00,5110.668,5116.562,5110.317,5115.054,403.0
2026-03-13 03:50:00,5115.283,5115.609,5113.636,5114.545,337.0
2026-03-13 03:55:00,5114.335,5116.326,5114.299,5115.304,328.0
2026-03-13 04:00:00,5115.599,5117.87,5115.102,5115.846,349.0
2026-03-13 04:05:00,5115.848,5117.25,5113.047,5115.307,373.0
2026-03-13 04:10:00,5114.986,5116.18,5112.255,5114.016,383.0
2026-03-13 04:15:00,5114.326,5114.424,5110.723,5111.126,341.0
2026-03-13 04:20:00,5111.42,5112.028,5103.568,5105.061,477.0
2026-03-13 04:25:00,5104.738,5107.759,5104.738,5105.605,425.0
2026-03-13 04:30:00,5105.585,5107.144,5104.572,5105.604,409.0
2026-03-13 04:35:00,5105.684,5106.232,5102.649,5104.56,438.0
2026-03-13 04:40:00,5104.57,5105.824,5103.372,5104.538,344.0
2026-03-13 04:45:00,5104.532,5106.084,5102.939,5105.658,360.0
2026-03-13 04:50:00,5105.493,5106.683,5104.385,5105.113,355.0
2026-03-13 04:55:00,5104.995,5105.444,5102.977,5104.215,326.0
2026-03-13 05:00:00,5104.309,5106.217,5103.677,5104.302,396.0
2026-03-13 05:05:00,5104.281,5106.674,5102.433,5105.517,412.0
2026-03-13 05:10:00,5105.512,5109.126,5105.268,5108.766,411.0
2026-03-13 05:15:00,5108.763,5110.056,5107.828,5108.678,361.0
2026-03-13 05:20:00,5108.898,5109.854,5107.348,5108.517,398.0
2026-03-13 05:25:00,5108.492,5109.885,5104.864,5105.974,386.0
2026-03-13 05:30:00,5106.118,5110.862,5103.78,5108.64,865.0
2026-03-13 05:35:00,5108.344,5109.133,5105.305,5107.649,692.0
2026-03-13 05:40:00,5107.417,5108.853,5100.068,5100.639,850.0
2026-03-13 05:45:00,5100.497,5104.156,5098.287,5103.114,621.0
2026-03-13 05:50:00,5103.082,5105.143,5098.481,5099.389,621.0
2026-03-13 05:55:00,5099.43,5105.513,5098.217,5103.088,813.0
2026-03-13 06:00:00,5103.023,5107.082,5101.636,5106.088,852.0
2026-03-13 06:05:00,5105.991,5107.79,5104.445,5105.522,627.0
2026-03-13 06:10:00,5105.448,5107.081,5102.938,5104.049,531.0
2026-03-13 06:15:00,5103.853,5104.181,5098.582,5099.634,634.0
2026-03-13 06:20:00,5099.86,5100.44,5094.626,5096.553,780.0
2026-03-13 06:25:00,5096.508,5097.281,5089.0,5095.424,1010.0
2026-03-13 06:30:00,5095.35,5098.243,5091.874,5092.855,772.0
2026-03-13 06:35:00,5092.931,5097.048,5087.698,5093.817,938.0
2026-03-13 06:40:00,5093.711,5094.605,5089.737,5091.596,868.0
2026-03-13 06:45:00,5091.601,5094.708,5088.665,5091.426,906.0
2026-03-13 06:50:00,5091.504,5092.227,5085.691,5088.201,970.0
2026-03-13 06:55:00,5087.966,5090.507,5086.673,5088.257,853.0
2026-03-13 07:00:00,5088.052,5090.288,5083.645,5089.719,703.0
2026-03-13 07:05:00,5089.533,5093.06,5088.501,5090.554,775.0
2026-03-13 07:10:00,5090.673,5093.893,5089.529,5090.326,624.0
2026-03-13 07:15:00,5090.165,5090.312,5075.103,5078.117,1308.0
2026-03-13 07:20:00,5078.167,5078.708,5071.729,5076.88,1130.0
2026-03-13 07:25:00,5076.896,5085.193,5075.991,5084.535,725.0
2026-03-13 07:30:00,5084.453,5090.857,5083.719,5090.659,633.0
2026-03-13 07:35:00,5090.679,5092.923,5088.155,5088.155,675.0
2026-03-13 07:40:00,5088.154,5092.623,5087.33,5089.178,613.0
2026-03-13 07:45:00,5089.178,5092.445,5084.186,5085.377,651.0
2026-03-13 07:50:00,5085.323,5086.724,5083.949,5084.295,549.0
2026-03-13 07:55:00,5084.379,5085.369,5082.4,5084.89,598.0
2026-03-13 08:00:00,5085.117,5085.117,5068.174,5068.416,1368.0
2026-03-13 08:05:00,5068.435,5074.913,5066.471,5072.72,1039.0
2026-03-13 08:10:00,5072.611,5078.54,5071.134,5077.823,960.0
2026-03-13 08:15:00,5077.743,5079.056,5072.19,5073.604,897.0
2026-03-13 08:20:00,5073.68,5074.089,5061.251,5066.857,1158.0
2026-03-13 08:25:00,5066.773,5071.119,5065.729,5070.897,774.0
2026-03-13 08:30:00,5070.817,5078.548,5070.204,5077.489,700.0
2026-03-13 08:35:00,5077.491,5082.967,5076.589,5081.26,764.0
2026-03-13 08:40:00,5081.186,5084.273,5075.876,5076.062,760.0
2026-03-13 08:45:00,5076.088,5083.774,5075.918,5083.539,622.0
2026-03-13 08:50:00,5083.367,5087.197,5081.764,5082.136,666.0
2026-03-13 08:55:00,5082.154,5087.979,5081.742,5087.117,576.0
2026-03-13 09:00:00,5087.291,5093.877,5085.928,5093.441,981.0
2026-03-13 09:05:00,5093.528,5096.93,5091.838,5092.264,661.0
2026-03-13 09:10:00,5092.19,5096.239,5090.242,5092.08,623.0
2026-03-13 09:15:00,5092.442,5093.101,5086.455,5089.286,697.0
2026-03-13 09:20:00,5089.193,5089.73,5084.246,5085.276,569.0
2026-03-13 09:25:00,5085.062,5092.16,5085.062,5091.529,658.0
2026-03-13 09:30:00,5091.546,5092.731,5088.579,5089.743,547.0
2026-03-13 09:35:00,5089.749,5090.924,5086.793,5088.947,589.0
2026-03-13 09:40:00,5088.862,5089.032,5083.27,5085.129,589.0
2026-03-13 09:45:00,5085.509,5089.12,5084.76,5088.825,563.0
2026-03-13 09:50:00,5088.804,5094.225,5088.508,5090.185,549.0
2026-03-13 09:55:00,5090.172,5093.321,5089.347,5089.639,446.0
2026-03-13 10:00:00,5089.425,5089.776,5085.942,5087.969,504.0
2026-03-13 10:05:00,5088.001,5091.175,5086.924,5088.792,559.0
2026-03-13 10:10:00,5088.641,5093.621,5087.172,5093.33,636.0
2026-03-13 10:15:00,5093.352,5096.779,5091.758,5092.219,531.0
2026-03-13 10:20:00,5092.302,5093.896,5090.636,5091.867,536.0
2026-03-13 10:25:00,5092.005,5093.243,5088.342,5089.321,560.0
2026-03-13 10:30:00,5089.317,5089.506,5079.767,5082.643,1057.0
2026-03-13 10:35:00,5082.722,5087.651,5081.949,5087.651,596.0
2026-03-13 10:40:00,5087.504,5088.936,5086.391,5087.574,393.0
2026-03-13 10:45:00,5087.376,5094.482,5084.394,5094.482,749.0
2026-03-13 10:50:00,5094.604,5098.407,5094.123,5096.458,733.0
2026-03-13 10:55:00,5096.359,5097.433,5093.531,5094.631,540.0
2026-03-13 11:00:00,5095.031,5097.581,5091.199,5094.685,749.0
2026-03-13 11:05:00,5094.678,5095.502,5087.718,5089.406,783.0
2026-03-13 11:10:00,5089.154,5091.013,5086.158,5090.233,710.0
2026-03-13 11:15:00,5090.156,5096.082,5088.845,5094.721,550.0
2026-03-13 11:20:00,5094.786,5094.977,5092.606,5094.433,531.0
2026-03-13 11:25:00,5094.546,5097.394,5093.593,5095.112,590.0
2026-03-13 11:30:00,5095.038,5095.376,5092.014,5093.385,515.0
2026-03-13 11:35:00,5093.612,5095.573,5092.234,5094.731,612.0
2026-03-13 11:40:00,5094.608,5096.501,5093.018,5094.645,500.0
2026-03-13 11:45:00,5094.551,5097.754,5092.023,5093.901,747.0
2026-03-13 11:50:00,5094.119,5096.015,5093.522,5094.869,530.0
2026-03-13 11:55:00,5094.885,5107.729,5094.746,5107.366,803.0
2026-03-13 12:00:00,5107.275,5118.768,5107.096,5114.083,1433.0
2026-03-13 12:05:00,5113.986,5116.861,5109.519,5110.131,998.0
2026-03-13 12:10:00,5110.193,5111.5,5107.236,5108.398,740.0
2026-03-13 12:15:00,5108.219,5109.057,5104.297,5106.656,719.0
2026-03-13 12:20:00,5106.579,5113.8,5105.301,5113.23,917.0
2026-03-13 12:25:00,5113.307,5115.195,5110.932,5113.427,708.0
2026-03-13 12:30:00,5113.656,5116.056,5111.919,5114.306,972.0
2026-03-13 12:35:00,5114.248,5115.951,5110.821,5113.396,942.0
2026-03-13 12:40:00,5113.421,5115.833,5108.03,5111.91,905.0
2026-03-13 12:45:00,5111.852,5121.882,5110.755,5121.102,1571.0
2026-03-13 12:50:00,5121.045,5121.045,5115.394,5117.628,936.0
2026-03-13 12:55:00,5117.654,5120.456,5116.139,5118.312,669.0
2026-03-13 13:00:00,5118.131,5121.072,5113.28,5120.198,1825.0
2026-03-13 13:05:00,5120.172,5121.233,5113.442,5114.489,968.0
2026-03-13 13:10:00,5114.565,5114.762,5110.111,5112.627,1100.0
2026-03-13 13:15:00,5112.705,5115.084,5109.675,5112.173,982.0
2026-03-13 13:20:00,5111.959,5115.332,5111.653,5113.346,683.0
2026-03-13 13:25:00,5113.268,5113.792,5107.202,5108.558,774.0
2026-03-13 13:30:00,5108.939,5109.476,5100.253,5101.819,1849.0
2026-03-13 13:35:00,5102.026,5108.542,5096.269,5106.792,1546.0
2026-03-13 13:40:00,5106.509,5112.355,5103.21,5111.973,1202.0
2026-03-13 13:45:00,5111.882,5116.771,5109.804,5110.714,1227.0
2026-03-13 13:50:00,5110.544,5111.533,5105.926,5108.541,1105.0
2026-03-13 13:55:00,5108.298,5108.369,5099.389,5101.5,1071.0
2026-03-13 14:00:00,5101.718,5105.804,5095.603,5105.333,1032.0
2026-03-13 14:05:00,5105.258,5107.861,5099.252,5100.377,1316.0
2026-03-13 14:10:00,5100.317,5101.154,5090.788,5090.788,1605.0
2026-03-13 14:15:00,5090.736,5094.248,5082.677,5089.475,1745.0
2026-03-13 14:20:00,5089.399,5092.043,5087.172,5090.932,1363.0
2026-03-13 14:25:00,5091.008,5092.795,5085.232,5088.751,1421.0
2026-03-13 14:30:00,5088.67,5091.791,5084.003,5090.239,1648.0
2026-03-13 14:35:00,5090.013,5090.469,5082.256,5083.318,1490.0
2026-03-13 14:40:00,5083.191,5083.251,5074.594,5079.178,1738.0
2026-03-13 14:45:00,5079.044,5079.365,5072.069,5077.771,2021.0
2026-03-13 14:50:00,5077.831,5078.414,5057.717,5064.159,2382.0
2026-03-13 14:55:00,5064.063,5064.063,5035.303,5041.73,4726.0
2026-03-13 15:00:00,5041.535,5051.006,5038.159,5049.513,3658.0
2026-03-13 15:05:00,5049.483,5064.835,5048.741,5064.391,1986.0
2026-03-13 15:10:00,5064.313,5071.31,5059.692,5068.897,1486.0
2026-03-13 15:15:00,5068.822,5071.075,5062.215,5062.753,1487.0
2026-03-13 15:20:00,5062.622,5069.029,5058.297,5059.356,1418.0
2026-03-13 15:25:00,5059.375,5066.968,5056.873,5063.098,1538.0
2026-03-13 15:30:00,5063.263,5068.259,5059.575,5064.695,1759.0
2026-03-13 15:35:00,5064.751,5066.382,5056.332,5056.856,1791.0
2026-03-13 15:40:00,5056.931,5059.005,5041.698,5046.732,1923.0
2026-03-13 15:45:00,5046.591,5057.242,5042.501,5049.274,3401.0
2026-03-13 15:50:00,5049.202,5053.854,5036.102,5037.137,2363.0
2026-03-13 15:55:00,5037.064,5044.743,5031.64,5034.814,2004.0
2026-03-13 16:00:00,5034.718,5037.96,5024.431,5027.96,2826.0
2026-03-13 16:05:00,5028.052,5037.201,5018.84,5037.156,2669.0
2026-03-13 16:10:00,5037.109,5040.752,5024.164,5031.665,2051.0
2026-03-13 16:15:00,5031.775,5037.705,5030.429,5031.02,1922.0
2026-03-13 16:20:00,5030.95,5039.613,5030.457,5039.157,1699.0
2026-03-13 16:25:00,5039.274,5041.781,5033.857,5040.851,1389.0
2026-03-13 16:30:00,5040.923,5049.314,5039.978,5044.612,1371.0
2026-03-13 16:35:00,5044.497,5053.075,5044.497,5045.42,1298.0
2026-03-13 16:40:00,5045.508,5049.765,5042.927,5044.309,1308.0
2026-03-13 16:45:00,5044.152,5045.362,5041.679,5043.693,1190.0
2026-03-13 16:50:00,5043.617,5051.696,5042.551,5049.165,1134.0
2026-03-13 16:55:00,5049.207,5050.94,5044.465,5046.014,1090.0
2026-03-13 17:00:00,5045.924,5050.42,5043.326,5044.96,1103.0
2026-03-13 17:05:00,5044.789,5050.458,5043.856,5049.188,937.0
2026-03-13 17:10:00,5049.119,5057.021,5046.89,5057.021,1077.0
2026-03-13 17:15:00,5056.842,5062.076,5055.818,5061.149,970.0
2026-03-13 17:20:00,5061.074,5061.342,5054.684,5054.917,1072.0
2026-03-13 17:25:00,5055.047,5059.299,5052.193,5056.314,1072.0
2026-03-13 17:30:00,5056.44,5059.402,5053.334,5058.651,987.0
2026-03-13 17:35:00,5058.711,5063.926,5057.904,5059.535,927.0
2026-03-13 17:40:00,5059.697,5059.779,5051.022,5053.526,1062.0
2026-03-13 17:45:00,5053.345,5055.126,5045.952,5046.403,860.0
2026-03-13 17:50:00,5046.433,5048.377,5044.399,5045.882,980.0
2026-03-13 17:55:00,5045.807,5047.434,5043.347,5046.451,955.0
2026-03-13 18:00:00,5046.432,5049.456,5044.658,5048.903,900.0
2026-03-13 18:05:00,5049.061,5051.453,5046.744,5047.783,799.0
2026-03-13 18:10:00,5048.01,5048.476,5040.698,5042.53,1010.0
2026-03-13 18:15:00,5042.572,5046.072,5040.645,5043.302,878.0
2026-03-13 18:20:00,5043.229,5044.934,5037.167,5040.515,950.0
2026-03-13 18:25:00,5040.667,5042.317,5036.255,5041.645,947.0
2026-03-13 18:30:00,5041.568,5049.305,5040.406,5045.456,852.0
2026-03-13 18:35:00,5045.301,5047.435,5042.151,5042.193,789.0
2026-03-13 18:40:00,5042.28,5046.588,5041.75,5044.058,628.0
2026-03-13 18:45:00,5044.062,5045.115,5041.196,5041.808,625.0
2026-03-13 18:50:00,5041.733,5044.958,5041.444,5044.217,623.0
2026-03-13 18:55:00,5044.141,5046.367,5043.135,5046.323,715.0
2026-03-13 19:00:00,5046.536,5049.943,5046.503,5047.564,768.0
2026-03-13 19:05:00,5047.517,5048.048,5040.431,5043.442,973.0
2026-03-13 19:10:00,5043.493,5044.211,5033.734,5039.674,996.0
2026-03-13 19:15:00,5040.04,5040.1,5032.489,5036.054,828.0
2026-03-13 19:20:00,5035.991,5040.17,5035.118,5040.17,764.0
2026-03-13 19:25:00,5040.076,5040.154,5032.165,5034.866,817.0
2026-03-13 19:30:00,5035.035,5036.728,5031.418,5032.48,785.0
2026-03-13 19:35:00,5032.56,5033.974,5028.608,5029.524,893.0
2026-03-13 19:40:00,5029.554,5029.947,5023.016,5025.415,973.0
2026-03-13 19:45:00,5025.556,5026.007,5012.76,5015.585,1664.0
2026-03-13 19:50:00,5015.673,5017.211,5009.525,5016.024,1479.0
2026-03-13 19:55:00,5016.087,5023.182,5013.75,5016.41,1466.0
2026-03-13 20:00:00,5016.494,5021.11,5016.279,5020.041,773.0
2026-03-13 20:05:00,5019.957,5020.671,5012.205,5016.344,752.0
2026-03-13 20:10:00,5016.401,5018.478,5014.195,5016.392,658.0
2026-03-13 20:15:00,5016.398,5021.199,5014.638,5015.551,742.0
2026-03-13 20:20:00,5015.561,5016.284,5012.253,5014.186,744.0
2026-03-13 20:25:00,5014.042,5015.441,5012.803,5013.93,472.0
2026-03-13 20:30:00,5013.975,5018.813,5012.929,5015.66,540.0
2026-03-13 20:35:00,5015.392,5020.044,5014.738,5018.698,470.0
2026-03-13 20:40:00,5018.665,5025.413,5016.644,5024.678,765.0
2026-03-13 20:45:00,5024.537,5024.973,5018.352,5018.901,616.0
2026-03-13 20:50:00,5018.953,5022.063,5016.883,5021.427,816.0
2026-03-13 20:55:00,5021.593,5021.652,5017.194,5020.977,597.0
2026-03-15 22:00:00,5017.112,5020.178,5010.246,5014.806,543.0
2026-03-15 22:05:00,5015.216,5030.407,5015.216,5024.301,834.0
2026-03-15 22:10:00,5024.537,5025.93,5019.719,5023.457,986.0
2026-03-15 22:15:00,5023.137,5023.789,5006.615,5008.684,921.0
2026-03-15 22:20:00,5008.516,5014.603,5000.793,5009.458,1143.0
2026-03-15 22:25:00,5009.459,5013.949,5007.627,5013.106,592.0
2026-03-15 22:30:00,5013.039,5018.281,5010.409,5015.825,904.0
2026-03-15 22:35:00,5015.748,5017.312,5011.287,5013.198,546.0
2026-03-15 22:40:00,5012.929,5014.477,5008.254,5010.634,634.0
2026-03-15 22:45:00,5010.605,5021.213,5010.334,5020.631,659.0
2026-03-15 22:50:00,5020.551,5023.57,5018.185,5021.846,548.0
2026-03-15 22:55:00,5021.931,5025.872,5021.758,5024.786,436.0
2026-03-15 23:00:00,5024.71,5026.154,5005.946,5005.946,825.0
2026-03-15 23:05:00,5006.05,5011.657,5002.024,5007.107,1098.0
2026-03-15 23:10:00,5007.136,5009.669,5004.15,5007.219,755.0
2026-03-15 23:15:00,5007.218,5007.98,5001.95,5002.305,660.0
2026-03-15 23:20:00,5002.33,5002.813,4966.796,4985.255,2985.0
2026-03-15 23:25:00,4985.236,4990.695,4982.478,4989.81,1452.0
2026-03-15 23:30:00,4989.613,4992.466,4979.056,4982.054,1379.0
2026-03-15 23:35:00,4982.143,4989.636,4982.081,4987.25,1099.0
2026-03-15 23:40:00,4987.174,4987.461,4980.006,4984.117,1034.0
2026-03-15 23:45:00,4984.199,4984.589,4972.044,4974.975,1286.0
2026-03-15 23:50:00,4975.066,4986.954,4975.066,4985.703,1104.0
2026-03-15 23:55:00,4985.66,4998.566,4985.66,4997.507,1174.0
2026-03-16 00:00:00,4997.434,5023.046,4996.521,5022.041,2952.0
2026-03-16 00:05:00,5022.163,5028.691,5019.371,5019.859,1844.0
2026-03-16 00:10:00,5019.936,5026.247,5017.813,5022.665,1157.0
2026-03-16 00:15:00,5022.487,5023.782,5015.223,5018.897,1120.0
2026-03-16 00:20:00,5018.805,5021.318,5016.761,5021.31,670.0
2026-03-16 00:25:00,5021.125,5022.095,5015.107,5016.885,695.0
2026-03-16 00:30:00,5016.622,5031.104,5014.913,5030.566,1037.0
2026-03-16 00:35:00,5030.662,5030.748,5022.153,5026.576,788.0
2026-03-16 00:40:00,5026.807,5028.371,5023.136,5027.808,706.0
2026-03-16 00:45:00,5027.802,5030.169,5025.199,5027.284,725.0
2026-03-16 00:50:00,5027.339,5027.484,5016.774,5021.933,994.0
2026-03-16 00:55:00,5022.018,5028.357,5019.921,5025.742,921.0
2026-03-16 01:00:00,5025.914,5026.642,5011.59,5017.021,3227.0
2026-03-16 01:05:00,5017.047,5023.08,5012.466,5014.015,2123.0
2026-03-16 01:10:00,5013.937,5018.43,4986.219,4986.39,2769.0
2026-03-16 01:15:00,4986.539,5005.125,4983.346,5002.029,3170.0
2026-03-16 01:20:00,5002.101,5005.446,4990.721,4995.24,1821.0
2026-03-16 01:25:00,4995.318,4997.28,4985.98,4987.977,1743.0
2026-03-16 01:30:00,4987.952,4991.89,4982.525,4989.5,1847.0
2026-03-16 01:35:00,4989.547,4997.424,4985.119,4996.528,1824.0
2026-03-16 01:40:00,4996.421,5004.143,4995.733,5003.636,1203.0
2026-03-16 01:45:00,5003.71,5009.215,5002.594,5003.974,1173.0
2026-03-16 01:50:00,5003.945,5009.668,5002.407,5009.053,1084.0
2026-03-16 01:55:00,5009.13,5016.443,5009.13,5015.901,988.0
2026-03-16 02:00:00,5015.873,5018.779,5012.061,5014.421,904.0
2026-03-16 02:05:00,5014.66,5016.711,5010.454,5013.534,926.0
2026-03-16 02:10:00,5013.662,5015.575,5010.752,5015.004,874.0
2026-03-16 02:15:00,5015.237,5017.947,5012.614,5017.11,778.0
2026-03-16 02:20:00,5017.035,5018.516,5012.619,5012.803,679.0
2026-03-16 02:25:00,5012.727,5013.902,5010.216,5012.97,766.0
2026-03-16 02:30:00,5012.758,5014.574,5005.64,5008.9,1120.0
2026-03-16 02:35:00,5008.815,5010.116,5002.377,5003.701,1046.0
2026-03-16 02:40:00,5003.675,5008.547,5002.942,5005.86,1021.0
2026-03-16 02:45:00,5005.958,5008.495,4997.882,5000.766,1136.0
2026-03-16 02:50:00,5000.64,5002.913,4999.211,5002.368,901.0
2026-03-16 02:55:00,5002.442,5006.023,5001.532,5003.696,695.0
2026-03-16 03:00:00,5003.673,5005.289,5000.604,5003.056,812.0
2026-03-16 03:05:00,5002.975,5005.205,5001.273,5003.006,729.0
2026-03-16 03:10:00,5003.063,5006.928,4998.233,4999.414,784.0
2026-03-16 03:15:00,4999.113,5001.223,4998.492,5000.73,664.0
2026-03-16 03:20:00,5000.514,5004.335,4999.926,5003.685,687.0
2026-03-16 03:25:00,5003.712,5011.629,5003.712,5010.968,713.0
2026-03-16 03:30:00,5010.856,5013.787,5009.951,5013.266,617.0
2026-03-16 03:35:00,5013.24,5015.75,5011.491,5013.822,536.0
2026-03-16 03:40:00,5013.735,5018.849,5011.394,5018.632,525.0
2026-03-16 03:45:00,5018.862,5020.204,5016.043,5019.122,504.0
2026-03-16 03:50:00,5019.129,5020.269,5016.863,5019.906,425.0
2026-03-16 03:55:00,5019.999,5020.841,5018.223,5019.074,435.0
2026-03-16 04:00:00,5019.134,5025.995,5018.861,5023.566,546.0
2026-03-16 04:05:00,5023.479,5023.701,5019.905,5023.095,440.0
2026-03-16 04:10:00,5023.099,5025.26,5022.3,5024.182,465.0
2026-03-16 04:15:00,5024.251,5026.054,5022.952,5023.836,454.0
2026-03-16 04:20:00,5023.879,5025.963,5021.064,5021.598,444.0
2026-03-16 04:25:00,5021.598,5023.327,5020.441,5021.18,385.0
2026-03-16 04:30:00,5021.494,5024.733,5018.78,5022.255,509.0
2026-03-16 04:35:00,5022.193,5022.286,5017.944,5018.508,419.0
2026-03-16 04:40:00,5018.552,5018.879,5014.372,5016.902,481.0
2026-03-16 04:45:00,5016.891,5017.0,5014.789,5014.817,330.0
2026-03-16 04:50:00,5014.825,5016.073,5013.753,5014.946,369.0
2026-03-16 04:55:00,5014.946,5015.336,5012.209,5012.908,342.0
2026-03-16 05:00:00,5012.811,5015.789,5012.217,5013.626,516.0
2026-03-16 05:05:00,5013.605,5015.242,5010.923,5012.717,451.0
2026-03-16 05:10:00,5012.424,5014.697,5011.681,5012.697,431.0
2026-03-16 05:15:00,5012.772,5013.272,5007.656,5010.106,544.0
2026-03-16 05:20:00,5009.83,5012.603,5008.353,5011.582,412.0
2026-03-16 05:25:00,5011.688,5013.14,5008.616,5010.952,476.0
2026-03-16 05:30:00,5010.777,5010.777,5003.857,5004.072,877.0
2026-03-16 05:35:00,5004.124,5012.155,5003.274,5012.155,840.0
2026-03-16 05:40:00,5011.841,5017.228,5010.712,5016.147,709.0
2026-03-16 05:45:00,5016.159,5017.787,5015.669,5016.343,505.0
2026-03-16 05:50:00,5016.18,5019.778,5015.27,5019.554,619.0
2026-03-16 05:55:00,5019.627,5019.993,5015.888,5017.368,570.0
2026-03-16 06:00:00,5017.487,5018.698,5013.053,5016.409,837.0
2026-03-16 06:05:00,5016.463,5022.196,5015.786,5021.556,677.0
2026-03-16 06:10:00,5021.636,5027.86,5020.702,5027.053,775.0
2026-03-16 06:15:00,5026.979,5036.013,5025.862,5033.545,963.0
2026-03-16 06:20:00,5033.894,5034.692,5027.68,5027.888,798.0
2026-03-16 06:25:00,5027.871,5030.265,5025.551,5027.595,690.0
2026-03-16 06:30:00,5027.739,5029.381,5024.87,5024.995,612.0
2026-03-16 06:35:00,5025.039,5026.783,5023.319,5025.27,598.0
2026-03-16 06:40:00,5025.175,5025.549,5020.89,5022.418,692.0
2026-03-16 06:45:00,5022.343,5022.75,5009.404,5012.628,1419.0
2026-03-16 06:50:00,5012.554,5013.913,5005.544,5009.55,1311.0
2026-03-16 06:55:00,5009.438,5014.872,5008.763,5012.005,838.0
2026-03-16 07:00:00,5012.294,5015.568,5009.861,5015.503,642.0
2026-03-16 07:05:00,5015.218,5016.204,5009.316,5015.169,643.0
2026-03-16 07:10:00,5015.428,5015.428,5009.452,5009.844,606.0
2026-03-16 07:15:00,5009.652,5009.855,5000.819,5006.918,1286.0
2026-03-16 07:20:00,5007.14,5007.936,5001.614,5003.237,1168.0
2026-03-16 07:25:00,5003.249,5005.467,4998.126,5002.325,839.0
2026-03-16 07:30:00,5002.434,5007.005,5002.282,5004.318,692.0
2026-03-16 07:35:00,5004.244,5005.088,4991.674,4998.294,1772.0
2026-03-16 07:40:00,4998.257,4998.257,4991.676,4992.827,774.0
2026-03-16 07:45:00,4992.811,4999.954,4992.745,4996.506,776.0
2026-03-16 07:50:00,4996.589,4999.578,4993.426,4993.853,668.0
2026-03-16 07:55:00,4993.766,4997.716,4993.284,4995.23,681.0
2026-03-16 08:00:00,4995.312,4999.361,4992.081,4996.797,1069.0
2026-03-16 08:05:00,4996.889,4999.06,4993.617,4996.376,1050.0
2026-03-16 08:10:00,4996.399,5000.557,4988.314,4988.75,1216.0
2026-03-16 08:15:00,4988.83,4993.268,4987.553,4990.639,958.0
2026-03-16 08:20:00,4990.472,5003.03,4989.475,5001.376,966.0
2026-03-16 08:25:00,5001.57,5003.25,4994.949,4997.02,1394.0
2026-03-16 08:30:00,4996.939,4998.518,4991.872,4992.714,1002.0
2026-03-16 08:35:00,4992.978,4995.092,4985.444,4989.177,905.0
2026-03-16 08:40:00,4989.316,4990.424,4984.763,4987.388,1088.0
2026-03-16 08:45:00,4987.316,4993.599,4985.73,4992.805,939.0
2026-03-16 08:50:00,4992.584,4997.637,4990.941,4995.346,728.0
2026-03-16 08:55:00,4995.656,4995.796,4989.791,4991.209,665.0
2026-03-16 09:00:00,4990.881,4991.423,4983.455,4986.034,1127.0
2026-03-16 09:05:00,4985.675,4986.219,4980.002,4984.52,1069.0
2026-03-16 09:10:00,4984.641,4987.072,4983.55,4985.248,1181.0
2026-03-16 09:15:00,4985.164,4988.63,4984.401,4987.377,813.0
2026-03-16 09:20:00,4987.527,4988.56,4985.999,4986.522,647.0
2026-03-16 09:25:00,4986.323,4990.562,4983.753,4988.816,668.0
2026-03-16 09:30:00,4988.855,4991.394,4984.231,4988.522,762.0
2026-03-16 09:35:00,4988.602,4989.558,4982.717,4983.784,733.0
2026-03-16 09:40:00,4983.541,4986.273,4981.164,4981.516,867.0
2026-03-16 09:45:00,4981.517,4983.354,4972.214,4979.956,1261.0
2026-03-16 09:50:00,4979.88,4985.322,4976.885,4977.231,848.0
2026-03-16 09:55:00,4977.136,4979.689,4972.489,4975.387,849.0
2026-03-16 10:00:00,4975.464,4976.294,4970.011,4974.507,1027.0
2026-03-16 10:05:00,4974.562,4980.069,4973.356,4979.555,875.0
2026-03-16 10:10:00,4979.481,4980.12,4975.312,4976.91,827.0
2026-03-16 10:15:00,4976.834,4981.273,4976.649,4979.47,731.0
2026-03-16 10:20:00,4979.273,4985.536,4978.909,4984.532,842.0
2026-03-16 10:25:00,4984.316,4990.836,4983.855,4986.753,795.0
2026-03-16 10:30:00,4986.837,4988.073,4985.072,4986.543,869.0
2026-03-16 10:35:00,4986.456,4987.769,4981.03,4981.825,652.0
2026-03-16 10:40:00,4981.903,4985.573,4980.354,4985.386,773.0
2026-03-16 10:45:00,4985.383,4994.533,4983.81,4994.501,792.0
2026-03-16 10:50:00,4994.416,4998.916,4992.049,4995.702,909.0
2026-03-16 10:55:00,4995.599,4999.602,4995.439,4998.604,663.0
2026-03-16 11:00:00,4998.68,5000.775,4995.78,4996.015,675.0
2026-03-16 11:05:00,4996.042,4999.562,4995.675,4998.663,544.0
2026-03-16 11:10:00,4998.7,5006.167,4998.181,5002.251,597.0
2026-03-16 11:15:00,5002.327,5013.697,5002.274,5012.7,632.0
2026-03-16 11:20:00,5012.625,5020.162,5011.56,5019.83,915.0
2026-03-16 11:25:00,5019.843,5022.694,5017.393,5019.119,799.0
2026-03-16 11:30:00,5018.937,5020.079,5016.415,5018.046,652.0
2026-03-16 11:35:00,5018.125,5019.45,5015.548,5018.24,581.0
2026-03-16 11:40:00,5018.308,5019.319,5013.722,5015.539,573.0
2026-03-16 11:45:00,5015.386,5017.892,5010.202,5011.281,648.0
2026-03-16 11:50:00,5011.354,5011.755,4996.267,4998.875,1150.0
2026-03-16 11:55:00,4998.87,4999.973,4992.213,4997.068,1171.0
2026-03-16 12:00:00,4997.144,5001.441,4994.242,5000.379,1090.0
2026-03-16 12:05:00,5000.454,5004.476,4998.729,4998.82,739.0
2026-03-16 12:10:00,4998.88,5006.591,4998.88,5005.639,761.0
2026-03-16 12:15:00,5005.542,5013.79,5002.627,5013.309,682.0
2026-03-16 12:20:00,5013.299,5019.23,5012.071,5013.818,1077.0
2026-03-16 12:25:00,5013.924,5024.717,5013.558,5022.609,1129.0
2026-03-16 12:30:00,5022.785,5025.612,5018.969,5022.132,765.0
2026-03-16 12:35:00,5022.213,5024.206,5018.84,5023.189,771.0
2026-03-16 12:40:00,5023.169,5024.55,5018.942,5021.818,712.0
2026-03-16 12:45:00,5021.724,5022.207,5016.506,5017.56,899.0
2026-03-16 12:50:00,5017.633,5018.932,5012.072,5018.44,1188.0
2026-03-16 12:55:00,5018.337,5021.478,5015.177,5019.91,646.0
2026-03-16 13:00:00,5019.927,5021.473,5013.784,5015.533,1432.0
2026-03-16 13:05:00,5015.462,5020.961,5015.462,5020.768,827.0
2026-03-16 13:10:00,5020.578,5023.623,5019.509,5022.223,767.0
2026-03-16 13:15:00,5022.296,5030.149,5022.296,5026.622,932.0
2026-03-16 13:20:00,5026.421,5026.873,5023.094,5026.347,858.0
2026-03-16 13:25:00,5026.217,5027.8,5018.183,5020.964,945.0
2026-03-16 13:30:00,5020.81,5029.78,5017.943,5028.437,1855.0
2026-03-16 13:35:00,5028.364,5034.727,5026.609,5027.402,1792.0
2026-03-16 13:40:00,5027.678,5033.371,5022.424,5031.357,1646.0
2026-03-16 13:45:00,5031.278,5033.59,5023.721,5028.363,1609.0
2026-03-16 13:50:00,5028.508,5029.513,5023.779,5028.642,1279.0
2026-03-16 13:55:00,5028.685,5030.721,5023.082,5029.744,1392.0
2026-03-16 14:00:00,5029.517,5034.282,5027.105,5030.915,1352.0
2026-03-16 14:05:00,5030.929,5038.067,5029.927,5032.814,1253.0
2026-03-16 14:10:00,5032.537,5037.563,5027.238,5028.137,1337.0
2026-03-16 14:15:00,5028.284,5029.802,5023.951,5024.453,1442.0
2026-03-16 14:20:00,5024.313,5028.019,5019.409,5021.575,1263.0
2026-03-16 14:25:00,5021.656,5021.729,5014.687,5014.765,1284.0
2026-03-16 14:30:00,5014.927,5015.195,5007.236,5011.002,1385.0
2026-03-16 14:35:00,5010.786,5013.399,5006.217,5006.217,1140.0
2026-03-16 14:40:00,5006.24,5009.517,5000.313,5001.041,1462.0
2026-03-16 14:45:00,5001.115,5002.35,4987.99,4999.165,2050.0
2026-03-16 14:50:00,4999.14,4999.749,4991.246,4995.514,1788.0
2026-03-16 14:55:00,4995.578,5001.515,4991.6,4995.804,1614.0
2026-03-16 15:00:00,4995.599,5002.309,4992.114,4999.099,1773.0
2026-03-16 15:05:00,4998.88,4999.311,4992.963,4997.028,1292.0
2026-03-16 15:10:00,4996.879,4998.665,4990.272,4998.278,1289.0
2026-03-16 15:15:00,4998.35,5004.598,4997.708,5004.539,975.0
2026-03-16 15:20:00,5004.449,5005.598,5001.043,5001.284,723.0
2026-03-16 15:25:00,5001.267,5001.513,4984.047,4991.632,1392.0
2026-03-16 15:30:00,4991.896,4995.669,4990.52,4995.045,875.0
2026-03-16 15:35:00,4995.083,5002.27,4995.083,5000.066,729.0
2026-03-16 15:40:00,4999.971,5003.258,4996.504,4996.703,779.0
2026-03-16 15:45:00,4996.724,4999.172,4993.1,4995.076,828.0
2026-03-16 15:50:00,4995.149,4995.149,4985.937,4988.746,1074.0
2026-03-16 15:55:00,4988.903,4990.476,4983.907,4986.963,965.0
2026-03-16 16:00:00,4986.936,4992.476,4985.485,4988.51,969.0
2026-03-16 16:05:00,4988.446,4996.478,4988.073,4992.59,958.0
2026-03-16 16:10:00,4992.853,4998.521,4992.853,4996.229,804.0
2026-03-16 16:15:00,4996.157,4998.198,4992.407,4993.019,756.0
2026-03-16 16:20:00,4992.965,4993.755,4987.044,4987.321,911.0
2026-03-16 16:25:00,4987.261,4987.898,4977.812,4979.933,1256.0
2026-03-16 16:30:00,4979.72,4982.545,4975.618,4976.382,1448.0
2026-03-16 16:35:00,4976.289,4984.29,4973.936,4983.778,1288.0
2026-03-16 16:40:00,4983.691,4989.413,4983.245,4987.15,895.0
2026-03-16 16:45:00,4987.079,4990.435,4982.991,4989.481,870.0
2026-03-16 16:50:00,4989.39,4992.924,4989.315,4992.074,693.0
2026-03-16 16:55:00,4992.047,4992.547,4988.901,4990.568,590.0
2026-03-16 17:00:00,4990.653,4997.075,4990.471,4993.563,1237.0
2026-03-16 17:05:00,4993.617,4997.025,4993.617,4996.256,635.0
2026-03-16 17:10:00,4996.213,5003.675,4995.793,5001.824,739.0
2026-03-16 17:15:00,5001.9,5002.824,4999.831,5000.946,833.0
2026-03-16 17:20:00,5000.927,5001.71,4996.539,4997.413,740.0
2026-03-16 17:25:00,4997.73,5001.849,4994.796,4995.961,1000.0
2026-03-16 17:30:00,4995.806,4996.574,4988.836,4989.955,1032.0
2026-03-16 17:35:00,4989.95,4990.294,4986.414,4986.506,789.0
2026-03-16 17:40:00,4986.53,4989.08,4985.623,4987.648,782.0
2026-03-16 17:45:00,4987.492,4992.664,4985.199,4986.291,653.0
2026-03-16 17:50:00,4986.096,4989.448,4983.858,4988.059,625.0
2026-03-16 17:55:00,4988.106,4991.683,4987.398,4991.227,565.0
2026-03-16 18:00:00,4991.297,4995.914,4991.297,4992.771,608.0
2026-03-16 18:05:00,4993.087,4999.898,4989.918,4999.849,830.0
2026-03-16 18:10:00,4999.563,5000.978,4997.558,4998.845,614.0
2026-03-16 18:15:00,4999.04,5000.439,4997.19,4997.471,563.0
2026-03-16 18:20:00,4997.462,5000.662,4997.096,4999.049,595.0
2026-03-16 18:25:00,4999.072,5008.077,4998.749,5006.241,836.0
2026-03-16 18:30:00,5006.031,5011.293,5005.154,5010.453,703.0
2026-03-16 18:35:00,5010.518,5014.307,5008.611,5013.757,687.0
2026-03-16 18:40:00,5013.794,5015.796,5011.638,5014.275,607.0
2026-03-16 18:45:00,5014.353,5017.735,5013.59,5015.578,601.0
2026-03-16 18:50:00,5015.275,5017.637,5013.469,5014.149,584.0
2026-03-16 18:55:00,5013.979,5014.111,5011.71,5012.766,483.0
2026-03-16 19:00:00,5012.624,5017.191,5011.042,5012.318,564.0
2026-03-16 19:05:00,5011.98,5017.348,5008.847,5017.155,612.0
2026-03-16 19:10:00,5017.071,5020.121,5010.606,5011.825,959.0
2026-03-16 19:15:00,5011.524,5015.386,5010.983,5012.485,659.0
2026-03-16 19:20:00,5012.574,5014.62,5010.953,5012.449,622.0
2026-03-16 19:25:00,5012.372,5012.469,5009.669,5010.346,720.0
2026-03-16 19:30:00,5010.521,5011.369,5008.145,5009.364,670.0
2026-03-16 19:35:00,5009.397,5014.283,5008.717,5013.192,556.0
2026-03-16 19:40:00,5013.118,5014.532,5009.494,5010.186,522.0
2026-03-16 19:45:00,5010.206,5011.83,5008.396,5010.672,555.0
2026-03-16 19:50:00,5010.595,5015.932,5009.723,5013.884,584.0
2026-03-16 19:55:00,5013.816,5015.586,5011.592,5012.69,785.0
2026-03-16 20:00:00,5012.618,5014.11,5007.964,5010.902,487.0
2026-03-16 20:05:00,5011.061,5020.606,5011.061,5018.651,445.0
2026-03-16 20:10:00,5018.645,5021.612,5016.691,5016.888,473.0
2026-03-16 20:15:00,5016.736,5017.64,5014.673,5014.761,325.0
2026-03-16 20:20:00,5015.022,5016.473,5014.553,5015.849,283.0
2026-03-16 20:25:00,5015.98,5017.006,5013.821,5014.262,356.0
2026-03-16 20:30:00,5014.113,5014.186,5009.143,5010.68,355.0
2026-03-16 20:35:00,5010.607,5010.923,5007.76,5009.23,463.0
2026-03-16 20:40:00,5009.023,5010.569,5007.773,5008.981,339.0
2026-03-16 20:45:00,5008.898,5010.466,5007.009,5009.385,502.0
2026-03-16 20:50:00,5009.395,5009.924,5004.613,5006.206,425.0
2026-03-16 20:55:00,5006.38,5008.47,5004.831,5006.311,328.0
2026-03-16 22:00:00,5007.678,5015.611,5007.494,5011.245,485.0
2026-03-16 22:05:00,5011.182,5015.645,5006.27,5006.584,358.0
2026-03-16 22:10:00,5006.457,5008.741,5000.838,5003.943,624.0
2026-03-16 22:15:00,5003.88,5008.083,5003.88,5006.251,510.0
2026-03-16 22:20:00,5006.407,5006.407,4998.825,4999.907,451.0
2026-03-16 22:25:00,5000.002,5002.122,4999.167,5001.798,446.0
2026-03-16 22:30:00,5001.766,5004.427,4998.555,5003.544,409.0
2026-03-16 22:35:00,5003.501,5004.648,5001.45,5001.631,354.0
2026-03-16 22:40:00,5001.717,5002.708,4999.951,5001.696,370.0
2026-03-16 22:45:00,5001.407,5006.124,5000.945,5005.449,398.0
2026-03-16 22:50:00,5005.293,5006.218,5003.623,5004.011,330.0
2026-03-16 22:55:00,5003.778,5004.07,5000.436,5002.386,321.0
2026-03-16 23:00:00,5002.093,5006.393,5002.073,5005.117,315.0
2026-03-16 23:05:00,5005.112,5006.155,5002.886,5005.734,305.0
2026-03-16 23:10:00,5005.548,5006.339,5004.87,5006.006,274.0
2026-03-16 23:15:00,5005.944,5006.485,5005.343,5005.965,249.0
2026-03-16 23:20:00,5005.685,5009.139,5005.197,5007.763,263.0
2026-03-16 23:25:00,5007.687,5009.928,5007.625,5009.33,312.0
2026-03-16 23:30:00,5009.351,5012.789,5009.115,5012.529,376.0
2026-03-16 23:35:00,5012.527,5013.774,5010.215,5011.978,343.0
2026-03-16 23:40:00,5011.886,5014.317,5008.793,5008.847,341.0
2026-03-16 23:45:00,5008.741,5010.438,5006.827,5010.435,409.0
2026-03-16 23:50:00,5010.364,5014.228,5010.169,5013.782,362.0
2026-03-16 23:55:00,5013.835,5015.495,5011.52,5012.795,350.0
2026-03-17 00:00:00,5012.899,5014.007,5005.206,5006.551,681.0
2026-03-17 00:05:00,5006.695,5011.457,5002.36,5004.621,794.0
2026-03-17 00:10:00,5004.727,5007.487,5003.754,5006.592,611.0
2026-03-17 00:15:00,5006.349,5010.176,5005.488,5007.408,454.0
2026-03-17 00:20:00,5007.558,5007.819,5004.439,5004.544,453.0
2026-03-17 00:25:00,5004.299,5005.548,5000.042,5003.598,779.0
2026-03-17 00:30:00,5003.313,5005.769,5001.675,5001.995,473.0
2026-03-17 00:35:00,5002.079,5007.088,5002.079,5003.358,539.0
2026-03-17 00:40:00,5003.324,5004.12,4998.273,5001.725,522.0
2026-03-17 00:45:00,5001.738,5003.842,4999.88,5000.478,605.0
2026-03-17 00:50:00,5000.476,5004.328,4998.002,5004.182,1051.0
2026-03-17 00:55:00,5004.29,5006.196,5002.456,5003.17,609.0
2026-03-17 01:00:00,5002.965,5006.832,4994.53,5002.857,1886.0
2026-03-17 01:05:00,5002.977,5009.211,5001.513,5009.211,1024.0
2026-03-17 01:10:00,5009.077,5012.518,5006.244,5010.204,921.0
2026-03-17 01:15:00,5010.008,5014.07,5008.535,5008.812,799.0
2026-03-17 01:20:00,5008.677,5009.713,5007.581,5008.805,633.0
2026-03-17 01:25:00,5008.891,5014.453,5007.583,5013.369,633.0
2026-03-17 01:30:00,5013.295,5016.225,5011.193,5012.641,711.0
2026-03-17 01:35:00,5012.81,5019.834,5012.431,5016.492,785.0
2026-03-17 01:40:00,5016.409,5019.519,5016.409,5017.753,687.0
2026-03-17 01:45:00,5017.659,5021.218,5016.671,5020.63,716.0
2026-03-17 01:50:00,5020.451,5026.662,5020.253,5025.39,694.0
2026-03-17 01:55:00,5025.399,5027.902,5024.838,5027.562,601.0
2026-03-17 02:00:00,5027.582,5029.699,5023.347,5023.561,717.0
2026-03-17 02:05:00,5023.646,5026.316,5021.244,5022.033,564.0
2026-03-17 02:10:00,5021.924,5024.401,5020.962,5021.554,608.0
2026-03-17 02:15:00,5021.554,5023.131,5020.505,5021.169,449.0
2026-03-17 02:20:00,5021.089,5023.589,5019.836,5022.004,415.0
2026-03-17 02:25:00,5022.013,5025.547,5021.955,5025.474,423.0
2026-03-17 02:30:00,5025.123,5027.604,5023.705,5023.886,446.0
2026-03-17 02:35:00,5024.019,5025.515,5022.149,5024.944,493.0
2026-03-17 02:40:00,5024.864,5029.229,5024.56,5028.833,526.0
2026-03-17 02:45:00,5028.98,5029.241,5024.411,5024.945,445.0
2026-03-17 02:50:00,5024.845,5026.514,5021.37,5026.317,545.0
2026-03-17 02:55:00,5026.293,5026.791,5022.179,5022.863,472.0
2026-03-17 03:00:00,5022.763,5025.164,5020.704,5024.525,472.0
2026-03-17 03:05:00,5024.455,5025.467,5022.073,5022.423,440.0
2026-03-17 03:10:00,5022.365,5023.474,5021.921,5022.744,394.0
2026-03-17 03:15:00,5023.02,5027.319,5022.488,5027.319,400.0
2026-03-17 03:20:00,5027.014,5030.491,5027.014,5030.181,475.0
2026-03-17 03:25:00,5030.212,5032.847,5029.37,5032.388,460.0
2026-03-17 03:30:00,5032.415,5033.501,5029.61,5029.958,582.0
2026-03-17 03:35:00,5029.945,5031.167,5027.588,5028.001,546.0
2026-03-17 03:40:00,5027.903,5029.065,5027.547,5028.856,376.0
2026-03-17 03:45:00,5028.812,5028.812,5025.764,5026.82,399.0
2026-03-17 03:50:00,5026.817,5030.135,5026.599,5028.651,347.0
2026-03-17 03:55:00,5028.692,5029.044,5026.134,5027.65,334.0
2026-03-17 04:00:00,5027.365,5029.245,5026.229,5028.149,400.0
2026-03-17 04:05:00,5027.871,5029.922,5027.378,5029.601,323.0
2026-03-17 04:10:00,5029.754,5030.405,5027.997,5028.962,357.0
2026-03-17 04:15:00,5029.245,5029.582,5026.581,5027.443,327.0
2026-03-17 04:20:00,5027.702,5030.184,5026.449,5029.376,352.0
2026-03-17 04:25:00,5029.378,5032.644,5026.343,5032.325,463.0
2026-03-17 04:30:00,5032.353,5035.269,5031.912,5033.146,444.0
2026-03-17 04:35:00,5033.182,5034.31,5033.055,5033.612,300.0
2026-03-17 04:40:00,5033.831,5041.688,5033.624,5039.48,568.0
2026-03-17 04:45:00,5039.594,5041.655,5037.741,5038.92,665.0
2026-03-17 04:50:00,5038.951,5041.932,5037.483,5037.483,534.0
2026-03-17 04:55:00,5037.507,5039.462,5036.93,5037.944,476.0
2026-03-17 05:00:00,5038.004,5038.432,5034.549,5035.612,470.0
2026-03-17 05:05:00,5035.474,5037.585,5033.953,5034.429,507.0
2026-03-17 05:10:00,5034.362,5040.837,5032.569,5040.252,637.0
2026-03-17 05:15:00,5040.463,5044.474,5037.326,5037.705,739.0
2026-03-17 05:20:00,5037.682,5038.146,5035.951,5036.382,444.0
2026-03-17 05:25:00,5036.458,5036.996,5033.445,5035.421,588.0
2026-03-17 05:30:00,5035.343,5039.193,5034.412,5035.835,828.0
2026-03-17 05:35:00,5035.673,5036.542,5033.703,5034.497,638.0
2026-03-17 05:40:00,5034.397,5035.474,5031.361,5032.297,609.0
2026-03-17 05:45:00,5032.313,5033.163,5027.27,5030.201,685.0
2026-03-17 05:50:00,5030.302,5030.581,5022.728,5026.75,769.0
2026-03-17 05:55:00,5026.452,5027.877,5020.208,5020.831,954.0
2026-03-17 06:00:00,5020.903,5022.696,5009.636,5018.205,1628.0
2026-03-17 06:05:00,5018.298,5019.371,5007.234,5008.451,1382.0
2026-03-17 06:10:00,5008.371,5013.382,5007.009,5012.889,1069.0
2026-03-17 06:15:00,5012.584,5013.497,5007.21,5012.245,911.0
2026-03-17 06:20:00,5012.286,5014.121,5005.153,5007.617,974.0
2026-03-17 06:25:00,5007.844,5012.807,5006.87,5011.675,772.0
2026-03-17 06:30:00,5011.805,5015.436,5010.204,5013.622,717.0
2026-03-17 06:35:00,5013.624,5015.332,5011.706,5014.006,612.0
2026-03-17 06:40:00,5014.188,5016.772,5012.921,5014.818,577.0
2026-03-17 06:45:00,5015.13,5015.729,5009.955,5010.911,686.0
2026-03-17 06:50:00,5010.947,5011.913,5009.475,5010.213,495.0
2026-03-17 06:55:00,5010.239,5012.091,5008.32,5010.133,670.0
2026-03-17 07:00:00,5010.057,5014.902,5009.304,5013.203,817.0
2026-03-17 07:05:00,5013.25,5016.894,5012.129,5012.129,766.0
2026-03-17 07:10:00,5012.405,5015.204,5011.36,5014.142,489.0
2026-03-17 07:15:00,5014.252,5014.802,5010.324,5011.622,418.0
2026-03-17 07:20:00,5011.809,5013.944,5008.805,5013.665,571.0
2026-03-17 07:25:00,5013.817,5018.584,5013.095,5015.927,495.0
2026-03-17 07:30:00,5015.91,5024.27,5015.669,5024.217,693.0
2026-03-17 07:35:00,5024.124,5027.365,5023.057,5026.667,573.0
2026-03-17 07:40:00,5026.556,5027.971,5021.688,5023.123,539.0
2026-03-17 07:45:00,5023.305,5025.405,5021.844,5023.003,411.0
2026-03-17 07:50:00,5022.957,5023.418,5017.314,5019.957,529.0
2026-03-17 07:55:00,5019.781,5022.913,5019.589,5021.081,419.0
2026-03-17 08:00:00,5021.039,5025.196,5020.301,5024.176,648.0
2026-03-17 08:05:00,5024.054,5026.188,5018.992,5021.244,707.0
2026-03-17 08:10:00,5021.166,5024.307,5019.906,5021.666,670.0
2026-03-17 08:15:00,5021.622,5026.332,5021.109,5026.154,621.0
2026-03-17 08:20:00,5026.24,5029.507,5020.15,5020.91,750.0
2026-03-17 08:25:00,5021.142,5025.085,5019.011,5020.945,668.0
2026-03-17 08:30:00,5021.045,5023.15,5019.096,5022.044,465.0
2026-03-17 08:35:00,5021.888,5022.867,5018.981,5022.403,610.0
2026-03-17 08:40:00,5022.314,5025.312,5019.847,5022.205,575.0
2026-03-17 08:45:00,5022.121,5023.978,5018.103,5023.227,583.0
2026-03-17 08:50:00,5023.155,5024.314,5020.775,5023.324,470.0
2026-03-17 08:55:00,5023.416,5025.228,5021.089,5024.548,557.0
2026-03-17 09:00:00,5024.377,5025.695,5019.04,5019.917,539.0
2026-03-17 09:05:00,5019.638,5021.084,5015.65,5018.36,664.0
2026-03-17 09:10:00,5018.347,5018.841,5013.091,5013.895,786.0
2026-03-17 09:15:00,5013.89,5017.524,5012.895,5014.646,797.0
2026-03-17 09:20:00,5014.566,5018.1,5013.632,5015.825,681.0
2026-03-17 09:25:00,5015.59,5019.634,5015.309,5017.735,532.0
2026-03-17 09:30:00,5017.69,5018.259,5013.375,5014.998,515.0
2026-03-17 09:35:00,5015.127,5016.423,5012.49,5014.559,594.0
2026-03-17 09:40:00,5014.824,5015.166,5011.052,5014.238,604.0
2026-03-17 09:45:00,5014.274,5015.791,5013.228,5013.696,457.0
2026-03-17 09:50:00,5013.528,5014.053,5012.779,5013.348,396.0
2026-03-17 09:55:00,5013.539,5014.076,5009.784,5010.613,545.0
2026-03-17 10:00:00,5010.533,5016.314,5006.989,5009.146,676.0
2026-03-17 10:05:00,5009.081,5010.772,5001.015,5001.687,958.0
2026-03-17 10:10:00,5001.769,5005.633,5001.712,5004.059,570.0
2026-03-17 10:15:00,5003.939,5006.846,5003.434,5005.619,746.0
2026-03-17 10:20:00,5005.868,5007.882,5004.615,5007.631,564.0
2026-03-17 10:25:00,5007.625,5009.211,5001.648,5003.648,643.0
2026-03-17 10:30:00,5003.416,5009.434,5001.833,5004.149,1054.0
2026-03-17 10:35:00,5003.97,5005.434,4998.815,4998.815,757.0
2026-03-17 10:40:00,4998.92,5000.497,4991.665,4998.987,1120.0
2026-03-17 10:45:00,4998.909,5001.188,4995.999,4998.021,773.0
2026-03-17 10:50:00,4998.233,5004.74,4998.029,5003.21,554.0
2026-03-17 10:55:00,5003.26,5004.312,4998.84,5000.249,626.0
2026-03-17 11:00:00,5000.192,5002.004,4996.593,5001.573,761.0
2026-03-17 11:05:00,5001.679,5004.245,4999.67,5003.35,521.0
2026-03-17 11:10:00,5003.317,5005.983,5002.735,5004.64,570.0
2026-03-17 11:15:00,5004.715,5010.097,5004.715,5007.573,608.0
2026-03-17 11:20:00,5007.664,5009.465,5006.319,5009.18,415.0
2026-03-17 11:25:00,5009.23,5009.627,5006.506,5006.791,413.0
2026-03-17 11:30:00,5007.101,5008.318,5004.009,5004.421,409.0
2026-03-17 11:35:00,5004.507,5008.678,5004.322,5008.223,452.0
2026-03-17 11:40:00,5008.151,5009.984,5006.979,5009.16,373.0
2026-03-17 11:45:00,5009.195,5011.531,5008.906,5009.493,427.0
2026-03-17 11:50:00,5009.556,5009.706,5006.045,5006.7,454.0
2026-03-17 11:55:00,5006.389,5007.366,5002.089,5003.115,548.0
2026-03-17 12:00:00,5003.178,5004.726,4999.287,5004.368,694.0
2026-03-17 12:05:00,5004.34,5007.666,5001.406,5007.245,527.0
2026-03-17 12:10:00,5007.246,5010.05,5007.018,5008.393,519.0
2026-03-17 12:15:00,5008.434,5013.185,5008.279,5012.942,522.0
2026-03-17 12:20:00,5012.843,5017.676,5012.383,5015.826,633.0
2026-03-17 12:25:00,5015.751,5020.489,5015.297,5019.806,676.0
2026-03-17 12:30:00,5019.87,5022.58,5018.957,5021.069,819.0
2026-03-17 12:35:00,5021.174,5023.681,5015.826,5017.354,689.0
2026-03-17 12:40:00,5017.4,5018.402,5016.431,5017.383,592.0
2026-03-17 12:45:00,5017.631,5017.631,5010.053,5011.906,769.0
2026-03-17 12:50:00,5011.99,5013.835,5009.581,5012.555,691.0
2026-03-17 12:55:00,5012.574,5013.343,5010.872,5011.505,583.0
2026-03-17 13:00:00,5011.856,5016.948,5009.804,5016.927,1142.0
2026-03-17 13:05:00,5016.936,5017.832,5013.239,5014.145,752.0
2026-03-17 13:10:00,5014.172,5017.957,5012.165,5016.764,829.0
2026-03-17 13:15:00,5016.626,5019.547,5013.907,5017.655,781.0
2026-03-17 13:20:00,5017.655,5018.208,5012.227,5013.519,974.0
2026-03-17 13:25:00,5013.609,5014.906,5010.467,5012.809,756.0
2026-03-17 13:30:00,5012.608,5026.932,5010.866,5024.273,1673.0
2026-03-17 13:35:00,5024.051,5025.351,5017.991,5025.351,1442.0
2026-03-17 13:40:00,5025.407,5031.492,5022.627,5027.181,1534.0
2026-03-17 13:45:00,5027.108,5027.657,5022.644,5024.345,1403.0
2026-03-17 13:50:00,5024.415,5024.659,5005.253,5012.576,1788.0
2026-03-17 13:55:00,5012.749,5017.69,5012.069,5016.372,1011.0
2026-03-17 14:00:00,5016.393,5017.526,5009.444,5010.554,1061.0
2026-03-17 14:05:00,5010.714,5020.469,5009.95,5017.202,1395.0
2026-03-17 14:10:00,5017.05,5019.995,5015.087,5017.94,1038.0
2026-03-17 14:15:00,5018.014,5018.446,5011.207,5012.694,1229.0
2026-03-17 14:20:00,5012.762,5014.442,5009.051,5009.544,950.0
2026-03-17 14:25:00,5009.721,5011.719,5006.901,5008.391,1039.0
2026-03-17 14:30:00,5008.276,5009.732,5002.71,5008.78,1276.0
2026-03-17 14:35:00,5008.994,5013.216,5006.975,5009.468,1102.0
2026-03-17 14:40:00,5009.553,5014.604,5007.949,5013.466,975.0
2026-03-17 14:45:00,5013.583,5018.977,5012.427,5018.484,789.0
2026-03-17 14:50:00,5018.158,5019.356,5008.555,5010.498,840.0
2026-03-17 14:55:00,5010.678,5011.518,5007.181,5007.655,959.0
2026-03-17 15:00:00,5007.59,5016.954,5006.243,5015.229,1262.0
2026-03-17 15:05:00,5015.155,5017.35,5008.195,5010.009,1046.0
2026-03-17 15:10:00,5010.009,5011.997,5007.365,5008.349,1004.0
2026-03-17 15:15:00,5008.497,5014.905,5008.238,5011.541,1035.0
2026-03-17 15:20:00,5011.377,5014.165,5005.527,5007.386,1155.0
2026-03-17 15:25:00,5007.294,5009.556,4993.587,4994.84,1360.0
2026-03-17 15:30:00,4994.913,5000.424,4992.077,4993.721,1379.0
2026-03-17 15:35:00,4993.519,4995.67,4981.727,4982.295,2410.0
2026-03-17 15:40:00,4982.186,4985.107,4973.345,4984.369,2078.0
2026-03-17 15:45:00,4984.258,4994.248,4983.735,4991.206,1173.0
2026-03-17 15:50:00,4991.004,4997.183,4990.916,4995.079,1014.0
2026-03-17 15:55:00,4995.016,4998.858,4994.143,4997.823,893.0
2026-03-17 16:00:00,4998.045,4999.406,4992.372,4994.08,1081.0
2026-03-17 16:05:00,4993.95,4997.949,4991.524,4993.739,1181.0
2026-03-17 16:10:00,4993.763,4998.74,4993.486,4994.485,951.0
2026-03-17 16:15:00,4994.502,5002.82,4992.842,5000.69,894.0
2026-03-17 16:20:00,5000.59,5002.468,4998.577,5001.802,796.0
2026-03-17 16:25:00,5001.875,5005.389,5001.787,5003.88,762.0
2026-03-17 16:30:00,5004.046,5005.763,5001.733,5002.926,742.0
2026-03-17 16:35:00,5002.913,5003.995,5000.497,5000.93,701.0
2026-03-17 16:40:00,5001.197,5002.262,4999.659,5002.168,607.0
2026-03-17 16:45:00,5001.988,5003.18,4998.629,4998.975,572.0
2026-03-17 16:50:00,4998.904,5001.665,4997.517,5000.219,583.0
2026-03-17 16:55:00,5000.541,5003.423,4999.851,5001.784,552.0
2026-03-17 17:00:00,5001.721,5006.663,5001.349,5004.655,717.0
2026-03-17 17:05:00,5004.73,5005.947,5002.804,5005.391,532.0
2026-03-17 17:10:00,5005.601,5005.903,5002.768,5003.138,574.0
2026-03-17 17:15:00,5003.213,5004.192,5001.992,5004.09,559.0
2026-03-17 17:20:00,5004.163,5008.556,5003.522,5006.066,657.0
2026-03-17 17:25:00,5006.147,5008.103,5001.149,5002.815,824.0
2026-03-17 17:30:00,5002.889,5004.755,5001.668,5003.874,636.0
2026-03-17 17:35:00,5003.865,5006.444,5002.946,5003.063,550.0
2026-03-17 17:40:00,5003.157,5003.957,4997.523,4997.523,615.0
2026-03-17 17:45:00,4997.732,5000.047,4996.409,4999.622,511.0
2026-03-17 17:50:00,4999.599,5002.527,4999.334,5001.599,404.0
2026-03-17 17:55:00,5001.602,5003.607,5001.128,5002.353,391.0
2026-03-17 18:00:00,5002.425,5006.232,5000.594,5006.074,513.0
2026-03-17 18:05:00,5005.832,5007.377,5005.079,5005.407,504.0
2026-03-17 18:10:00,5005.499,5007.697,5004.714,5006.087,432.0
2026-03-17 18:15:00,5006.351,5008.162,5005.764,5007.622,412.0
2026-03-17 18:20:00,5007.359,5009.035,5005.996,5006.444,503.0
2026-03-17 18:25:00,5006.653,5007.181,5003.822,5003.983,607.0
2026-03-17 18:30:00,5003.869,5004.191,4999.825,5002.986,671.0
2026-03-17 18:35:00,5003.015,5004.523,5002.078,5002.25,450.0
2026-03-17 18:40:00,5002.348,5003.819,5001.575,5003.354,426.0
2026-03-17 18:45:00,5003.339,5007.726,5002.745,5006.832,486.0
2026-03-17 18:50:00,5006.828,5008.412,5005.814,5006.906,439.0
2026-03-17 18:55:00,5006.911,5007.015,5003.496,5003.883,475.0
2026-03-17 19:00:00,5003.801,5005.558,5000.927,5005.369,539.0
2026-03-17 19:05:00,5005.437,5005.486,5002.005,5003.52,432.0
2026-03-17 19:10:00,5003.815,5003.815,5000.277,5001.72,383.0
2026-03-17 19:15:00,5001.743,5002.54,5000.045,5000.841,419.0
2026-03-17 19:20:00,5000.761,5001.179,4998.93,5000.576,450.0
2026-03-17 19:25:00,5000.496,5001.032,4998.222,4999.594,515.0
2026-03-17 19:30:00,4999.946,5000.779,4996.276,4998.857,528.0
2026-03-17 19:35:00,4999.165,5001.717,4999.111,5000.622,569.0
2026-03-17 19:40:00,5000.687,5003.557,4999.842,5002.004,454.0
2026-03-17 19:45:00,5001.806,5003.089,4998.919,5001.482,542.0
2026-03-17 19:50:00,5001.553,5002.219,4999.37,5001.495,564.0
2026-03-17 19:55:00,5001.571,5001.571,4998.144,5000.231,636.0
2026-03-17 20:00:00,5000.363,5003.973,4999.783,5003.55,355.0
2026-03-17 20:05:00,5003.56,5006.424,5003.044,5005.361,338.0
2026-03-17 20:10:00,5005.356,5005.538,5003.245,5003.74,227.0
2026-03-17 20:15:00,5003.714,5004.743,5002.789,5004.342,240.0
2026-03-17 20:20:00,5004.364,5004.421,5001.973,5002.34,252.0
2026-03-17 20:25:00,5002.344,5003.87,5002.038,5003.758,217.0
2026-03-17 20:30:00,5003.604,5005.187,5003.604,5004.329,208.0
2026-03-17 20:35:00,5004.318,5004.318,5002.351,5003.511,8527.0
2026-03-17 20:40:00,5003.774,5004.023,5002.842,5003.656,2959.0
2026-03-17 20:45:00,5003.896,5005.575,5002.779,5002.966,309.0
2026-03-17 20:50:00,5003.064,5004.041,5001.426,5002.017,304.0
2026-03-17 20:55:00,5002.017,5003.323,5001.574,5003.05,194.0
2026-03-17 22:00:00,5004.038,5004.591,5000.085,5000.929,187.0
2026-03-17 22:05:00,5001.111,5002.16,4997.459,5000.918,258.0
2026-03-17 22:10:00,5000.921,5003.798,5000.14,5002.456,257.0
2026-03-17 22:15:00,5002.476,5004.918,5000.078,5000.838,287.0
2026-03-17 22:20:00,5000.846,5002.34,5000.682,5001.543,270.0
2026-03-17 22:25:00,5001.459,5002.58,5001.188,5001.763,157.0
2026-03-17 22:30:00,5001.794,5001.879,4997.18,4997.676,278.0
2026-03-17 22:35:00,4997.672,4999.827,4997.209,4999.042,206.0
2026-03-17 22:40:00,4999.218,4999.594,4995.659,4996.404,264.0
2026-03-17 22:45:00,4996.312,5000.802,4993.262,4999.757,444.0
2026-03-17 22:50:00,4999.992,5003.367,4998.687,4999.111,339.0
2026-03-17 22:55:00,4999.107,5000.602,4998.288,4999.907,254.0
2026-03-17 23:00:00,4999.708,5002.275,4999.571,5001.534,295.0
2026-03-17 23:05:00,5001.737,5002.843,4999.209,5000.276,252.0
2026-03-17 23:10:00,5000.564,5001.014,4998.709,4999.226,196.0
2026-03-17 23:15:00,4999.214,5001.419,4999.038,5000.677,230.0
2026-03-17 23:20:00,5000.535,5001.359,5000.122,5000.42,170.0
2026-03-17 23:25:00,5000.455,5001.068,4999.03,4999.951,328.0
2026-03-17 23:30:00,5000.152,5003.508,4999.852,5002.644,286.0
2026-03-17 23:35:00,5002.882,5002.882,5001.39,5001.39,206.0
2026-03-17 23:40:00,5001.581,5003.067,5001.37,5002.422,177.0
2026-03-17 23:45:00,5002.431,5002.774,5001.273,5001.619,208.0
2026-03-17 23:50:00,5001.69,5003.163,5001.581,5002.645,207.0
2026-03-17 23:55:00,5002.643,5002.978,5002.091,5002.75,204.0
2026-03-18 00:00:00,5002.803,5007.526,5001.024,5006.389,514.0
2026-03-18 00:05:00,5006.575,5012.064,5006.495,5011.955,691.0
2026-03-18 00:10:00,5012.146,5012.358,5009.257,5010.001,513.0
2026-03-18 00:15:00,5010.111,5011.742,5005.716,5006.015,629.0
2026-03-18 00:20:00,5005.934,5007.299,5004.195,5005.706,476.0
2026-03-18 00:25:00,5005.721,5005.82,5002.476,5002.907,424.0
2026-03-18 00:30:00,5002.759,5003.436,5000.551,5001.238,518.0
2026-03-18 00:35:00,5000.972,5001.919,5000.428,5001.1,437.0
2026-03-18 00:40:00,5001.1,5004.412,5000.221,5004.026,466.0
2026-03-18 00:45:00,5004.126,5005.783,5001.237,5004.945,547.0
2026-03-18 00:50:00,5004.941,5008.09,5004.484,5005.678,436.0
2026-03-18 00:55:00,5005.605,5005.605,5003.066,5004.345,362.0
2026-03-18 01:00:00,5004.418,5008.516,4997.745,5008.136,1171.0
2026-03-18 01:05:00,5008.385,5012.303,5007.789,5012.096,802.0
2026-03-18 01:10:00,5011.845,5015.78,5010.973,5011.574,723.0
2026-03-18 01:15:00,5011.247,5014.673,5010.966,5012.475,494.0
2026-03-18 01:20:00,5012.561,5016.048,5011.555,5011.983,552.0
2026-03-18 01:25:00,5011.95,5012.182,5008.091,5008.164,537.0
2026-03-18 01:30:00,5008.159,5009.455,5005.542,5005.939,667.0
2026-03-18 01:35:00,5006.069,5006.378,5001.598,5005.62,794.0
2026-03-18 01:40:00,5005.358,5005.581,5001.555,5001.555,663.0
2026-03-18 01:45:00,5001.693,5001.83,4996.092,4999.061,881.0
2026-03-18 01:50:00,4999.013,4999.157,4991.069,4998.508,1088.0
2026-03-18 01:55:00,4998.417,5000.197,4995.342,4998.672,672.0
2026-03-18 02:00:00,4998.787,5002.51,4998.237,4998.567,722.0
2026-03-18 02:05:00,4998.453,5000.713,4996.32,4999.972,604.0
2026-03-18 02:10:00,5000.056,5001.243,4998.542,4999.778,467.0
2026-03-18 02:15:00,4999.76,5004.33,4998.973,5002.96,433.0
2026-03-18 02:20:00,5003.107,5006.837,5002.082,5002.215,527.0
2026-03-18 02:25:00,5002.133,5004.307,5001.722,5002.142,388.0
2026-03-18 02:30:00,5002.215,5003.391,4999.779,5003.017,589.0
2026-03-18 02:35:00,5003.134,5003.719,5000.324,5001.308,559.0
2026-03-18 02:40:00,5001.516,5002.046,5000.653,5001.34,420.0
2026-03-18 02:45:00,5001.442,5004.114,5001.321,5001.924,442.0
2026-03-18 02:50:00,5001.977,5003.268,4994.826,4995.963,741.0
2026-03-18 02:55:00,4996.017,4996.202,4990.48,4991.69,782.0
2026-03-18 03:00:00,4991.899,4992.56,4986.231,4989.594,784.0
2026-03-18 03:05:00,4989.712,4993.617,4986.931,4991.935,702.0
2026-03-18 03:10:00,4991.897,4996.216,4991.291,4993.891,540.0
2026-03-18 03:15:00,4994.208,4995.798,4993.594,4995.427,479.0
2026-03-18 03:20:00,4995.485,4996.939,4994.634,4996.289,457.0
2026-03-18 03:25:00,4996.097,4996.641,4994.296,4996.299,454.0
2026-03-18 03:30:00,4996.065,4996.906,4994.918,4995.496,384.0
2026-03-18 03:35:00,4995.766,4997.439,4995.002,4995.638,366.0
2026-03-18 03:40:00,4995.598,4997.396,4993.781,4994.9,381.0
2026-03-18 03:45:00,4994.678,4995.461,4993.269,4994.177,339.0
2026-03-18 03:50:00,4993.825,4994.444,4992.376,4992.393,355.0
2026-03-18 03:55:00,4992.401,4992.964,4989.717,4991.384,444.0
2026-03-18 04:00:00,4991.366,4992.868,4989.658,4991.278,419.0
2026-03-18 04:05:00,4991.284,4992.632,4990.596,4991.626,344.0
2026-03-18 04:10:00,4991.636,4992.133,4989.499,4990.685,328.0
2026-03-18 04:15:00,4990.666,4992.528,4990.418,4992.034,335.0
2026-03-18 04:20:00,4992.087,4993.459,4990.774,4992.215,344.0
2026-03-18 04:25:00,4992.228,4992.687,4990.447,4990.72,302.0
2026-03-18 04:30:00,4990.481,4991.096,4985.774,4988.385,458.0
2026-03-18 04:35:00,4988.406,4988.637,4982.481,4983.191,573.0
2026-03-18 04:40:00,4983.237,4985.536,4981.594,4984.497,606.0
2026-03-18 04:45:00,4984.538,4986.392,4984.156,4985.236,349.0
2026-03-18 04:50:00,4985.16,4986.072,4983.333,4983.333,428.0
2026-03-18 04:55:00,4983.162,4987.021,4982.306,4986.884,398.0
2026-03-18 05:00:00,4987.042,4987.516,4984.646,4985.06,391.0
2026-03-18 05:05:00,4984.935,4991.134,4984.545,4990.301,497.0
2026-03-18 05:10:00,4990.308,4991.913,4989.355,4990.021,390.0
2026-03-18 05:15:00,4990.021,4990.408,4985.574,4986.446,393.0
2026-03-18 05:20:00,4986.486,4992.836,4986.225,4991.852,530.0
2026-03-18 05:25:00,4991.98,4992.203,4988.578,4990.732,462.0
2026-03-18 05:30:00,4990.868,4993.238,4987.503,4993.13,846.0
2026-03-18 05:35:00,4993.219,5001.219,4992.627,4997.4,837.0
2026-03-18 05:40:00,4997.112,5001.039,4995.989,4999.293,682.0
2026-03-18 05:45:00,4999.08,5002.456,4997.997,4998.19,620.0
2026-03-18 05:50:00,4998.179,5001.15,4997.472,5000.676,509.0
2026-03-18 05:55:00,5000.586,5001.059,4994.813,4997.465,519.0
2026-03-18 06:00:00,4997.355,5000.943,4997.07,4999.504,536.0
2026-03-18 06:05:00,4999.296,5002.881,4996.325,5002.581,555.0
2026-03-18 06:10:00,5002.508,5009.063,5001.676,5009.063,682.0
2026-03-18 06:15:00,5009.032,5010.736,5007.027,5008.827,683.0
2026-03-18 06:20:00,5008.751,5009.804,5006.93,5009.496,487.0
2026-03-18 06:25:00,5009.426,5009.922,5007.985,5008.713,381.0
2026-03-18 06:30:00,5008.703,5013.116,5008.511,5013.107,603.0
2026-03-18 06:35:00,5013.027,5016.311,5011.793,5012.258,593.0
2026-03-18 06:40:00,5012.068,5013.42,5010.76,5011.379,485.0
2026-03-18 06:45:00,5011.108,5014.547,5010.62,5013.145,491.0
2026-03-18 06:50:00,5012.97,5013.77,5008.58,5010.642,630.0
2026-03-18 06:55:00,5010.326,5011.248,5008.553,5009.469,379.0
2026-03-18 07:00:00,5009.551,5012.688,5009.551,5012.255,462.0
2026-03-18 07:05:00,5012.398,5014.958,5011.307,5011.482,573.0
2026-03-18 07:10:00,5011.3,5011.925,5009.481,5009.579,405.0
2026-03-18 07:15:00,5009.684,5010.079,5006.433,5006.717,392.0
2026-03-18 07:20:00,5006.723,5008.582,5006.464,5008.47,355.0
2026-03-18 07:25:00,5008.658,5009.154,5005.991,5009.154,425.0
2026-03-18 07:30:00,5008.951,5009.731,5007.056,5007.38,344.0
2026-03-18 07:35:00,5007.582,5007.582,5004.646,5006.328,506.0
2026-03-18 07:40:00,5006.336,5007.273,5001.36,5002.069,443.0
2026-03-18 07:45:00,5001.989,5002.318,4995.103,4995.731,805.0
2026-03-18 07:50:00,4995.811,4996.542,4990.244,4991.342,788.0
2026-03-18 07:55:00,4991.307,4996.091,4990.695,4995.045,645.0
2026-03-18 08:00:00,4994.685,4996.663,4992.414,4994.701,638.0
2026-03-18 08:05:00,4994.781,4994.913,4987.6,4992.119,609.0
2026-03-18 08:10:00,4992.06,4994.903,4991.601,4992.811,550.0
2026-03-18 08:15:00,4992.967,4995.507,4989.979,4990.738,526.0
2026-03-18 08:20:00,4990.818,4991.576,4983.425,4985.512,890.0
2026-03-18 08:25:00,4985.59,4989.056,4984.288,4988.846,654.0
2026-03-18 08:30:00,4988.919,4991.612,4988.355,4991.612,434.0
2026-03-18 08:35:00,4991.462,4992.042,4986.926,4987.573,616.0
2026-03-18 08:40:00,4987.723,4989.419,4984.256,4985.436,696.0
2026-03-18 08:45:00,4985.341,4990.242,4977.089,4988.446,963.0
2026-03-18 08:50:00,4988.519,4989.258,4986.329,4987.254,507.0
2026-03-18 08:55:00,4987.177,4988.96,4986.213,4987.692,530.0
2026-03-18 09:00:00,4987.33,4990.532,4986.148,4990.083,556.0
2026-03-18 09:05:00,4990.363,4990.94,4989.168,4989.75,403.0
2026-03-18 09:10:00,4989.815,4990.025,4986.25,4986.445,415.0
2026-03-18 09:15:00,4986.416,4989.047,4984.78,4988.4,441.0
2026-03-18 09:20:00,4988.301,4994.212,4988.129,4991.475,612.0
2026-03-18 09:25:00,4991.682,4994.089,4990.173,4992.464,483.0
2026-03-18 09:30:00,4992.167,4994.623,4991.767,4992.908,389.0
2026-03-18 09:35:00,4992.63,4995.341,4992.63,4993.357,499.0
2026-03-18 09:40:00,4993.434,4993.755,4991.995,4993.255,371.0
2026-03-18 09:45:00,4993.351,4993.439,4991.371,4991.657,391.0
2026-03-18 09:50:00,4991.745,4995.13,4991.638,4992.701,397.0
2026-03-18 09:55:00,4992.712,4993.342,4990.634,4991.963,377.0
2026-03-18 10:00:00,4992.028,4992.028,4988.931,4989.18,343.0
2026-03-18 10:05:00,4989.199,4991.39,4987.157,4990.14,405.0
2026-03-18 10:10:00,4989.892,4991.447,4988.011,4988.87,422.0
2026-03-18 10:15:00,4988.887,4990.076,4986.248,4989.585,423.0
2026-03-18 10:20:00,4989.275,4990.828,4987.779,4988.961,443.0
2026-03-18 10:25:00,4988.966,4988.966,4980.715,4982.51,613.0
2026-03-18 10:30:00,4982.509,4987.078,4979.185,4980.598,907.0
2026-03-18 10:35:00,4980.582,4980.775,4960.29,4976.947,2083.0
2026-03-18 10:40:00,4977.066,4979.6,4973.104,4977.891,1024.0
2026-03-18 10:45:00,4977.664,4980.258,4975.511,4976.869,677.0
2026-03-18 10:50:00,4976.599,4976.82,4971.678,4972.92,776.0
2026-03-18 10:55:00,4972.806,4973.17,4958.782,4967.846,1211.0
2026-03-18 11:00:00,4967.869,4969.784,4957.184,4958.49,1149.0
2026-03-18 11:05:00,4958.745,4958.984,4950.196,4957.256,1672.0
2026-03-18 11:10:00,4957.444,4970.298,4955.595,4970.107,1000.0
2026-03-18 11:15:00,4969.951,4972.467,4968.343,4971.758,904.0
2026-03-18 11:20:00,4971.965,4973.757,4964.946,4965.928,774.0
2026-03-18 11:25:00,4966.004,4966.155,4946.273,4948.528,2108.0
2026-03-18 11:30:00,4948.456,4961.817,4946.15,4956.62,1555.0
2026-03-18 11:35:00,4956.486,4957.095,4946.183,4947.46,1668.0
2026-03-18 11:40:00,4947.36,4947.409,4934.463,4939.215,2098.0
2026-03-18 11:45:00,4939.143,4944.556,4929.803,4938.777,2041.0
2026-03-18 11:50:00,4938.703,4940.207,4931.413,4932.383,1526.0
2026-03-18 11:55:00,4932.31,4935.077,4924.849,4930.041,2043.0
2026-03-18 12:00:00,4930.332,4931.036,4921.13,4929.767,2434.0
2026-03-18 12:05:00,4929.973,4932.313,4912.498,4913.651,2269.0
2026-03-18 12:10:00,4913.581,4919.185,4905.214,4908.493,3028.0
2026-03-18 12:15:00,4908.411,4912.318,4898.154,4905.297,2527.0
2026-03-18 12:20:00,4905.265,4908.285,4896.909,4899.28,3019.0
2026-03-18 12:25:00,4899.307,4904.762,4895.557,4901.201,2225.0
2026-03-18 12:30:00,4901.657,4901.772,4884.439,4887.956,2068.0
2026-03-18 12:35:00,4887.879,4889.264,4878.464,4883.337,2674.0
2026-03-18 12:40:00,4883.497,4889.647,4873.881,4878.216,2924.0
2026-03-18 12:45:00,4878.264,4879.672,4872.991,4873.895,2537.0
2026-03-18 12:50:00,4873.966,4891.551,4870.643,4887.089,2670.0
2026-03-18 12:55:00,4887.188,4888.075,4877.491,4881.409,1931.0
2026-03-18 13:00:00,4881.527,4881.527,4852.95,4860.685,6050.0
2026-03-18 13:05:00,4860.61,4867.695,4855.576,4861.86,2978.0
2026-03-18 13:10:00,4861.742,4865.475,4849.278,4858.416,3017.0
2026-03-18 13:15:00,4858.488,4858.713,4833.975,4850.882,3613.0
2026-03-18 13:20:00,4851.217,4863.082,4849.772,4857.897,2217.0
2026-03-18 13:25:00,4858.2,4865.968,4857.142,4861.266,2038.0
2026-03-18 13:30:00,4861.367,4863.083,4850.298,4857.957,4401.0
2026-03-18 13:35:00,4857.848,4869.551,4853.639,4867.91,3957.0
2026-03-18 13:40:00,4867.956,4885.46,4865.8,4873.002,2786.0
2026-03-18 13:45:00,4873.3,4879.197,4867.172,4871.219,2092.0
2026-03-18 13:50:00,4871.081,4872.017,4860.351,4871.536,3416.0
2026-03-18 13:55:00,4871.602,4880.434,4867.289,4878.111,2640.0
2026-03-18 14:00:00,4877.959,4886.858,4872.189,4883.809,1845.0
2026-03-18 14:05:00,4884.104,4894.571,4883.8,4892.12,2411.0
2026-03-18 14:10:00,4892.263,4893.3,4880.079,4881.118,2388.0
2026-03-18 14:15:00,4881.016,4883.419,4872.601,4872.949,2123.0
2026-03-18 14:20:00,4872.948,4873.528,4863.513,4867.04,2296.0
2026-03-18 14:25:00,4866.88,4866.985,4859.09,4860.895,2223.0
2026-03-18 14:30:00,4860.932,4865.189,4856.614,4861.926,1502.0
2026-03-18 14:35:00,4861.848,4865.08,4856.517,4859.935,2003.0
2026-03-18 14:40:00,4859.81,4864.005,4857.591,4861.235,1573.0
2026-03-18 14:45:00,4860.971,4870.832,4860.429,4865.928,1500.0
2026-03-18 14:50:00,4865.991,4869.579,4860.639,4863.824,1416.0
2026-03-18 14:55:00,4863.701,4872.614,4863.504,4869.65,1315.0
2026-03-18 15:00:00,4869.558,4875.46,4865.747,4869.274,1856.0
2026-03-18 15:05:00,4869.349,4878.222,4868.926,4877.675,1177.0
2026-03-18 15:10:00,4877.718,4877.828,4870.048,4875.266,1326.0
2026-03-18 15:15:00,4875.343,4880.063,4873.707,4875.762,1145.0
2026-03-18 15:20:00,4875.663,4877.101,4867.212,4874.188,1330.0
2026-03-18 15:25:00,4874.004,4874.273,4868.481,4872.208,1072.0
2026-03-18 15:30:00,4872.098,4874.645,4870.697,4873.518,907.0
2026-03-18 15:35:00,4873.442,4875.459,4872.017,4873.327,842.0
2026-03-18 15:40:00,4873.253,4874.385,4864.207,4864.746,1234.0
2026-03-18 15:45:00,4864.654,4866.622,4861.209,4863.163,1234.0
2026-03-18 15:50:00,4863.254,4866.285,4861.923,4864.838,1074.0
2026-03-18 15:55:00,4864.815,4866.415,4862.026,4862.535,811.0
2026-03-18 16:00:00,4862.609,4869.746,4860.787,4865.834,1035.0
2026-03-18 16:05:00,4865.735,4870.639,4865.431,4868.823,885.0
2026-03-18 16:10:00,4868.901,4879.174,4868.901,4877.95,855.0
2026-03-18 16:15:00,4877.885,4878.37,4873.821,4877.049,954.0
2026-03-18 16:20:00,4876.812,4879.367,4875.058,4877.753,764.0
2026-03-18 16:25:00,4877.796,4883.055,4876.256,4882.314,1060.0
2026-03-18 16:30:00,4882.294,4882.856,4875.727,4878.382,1270.0
2026-03-18 16:35:00,4878.297,4879.821,4873.301,4879.71,1133.0
2026-03-18 16:40:00,4879.652,4882.681,4876.817,4882.576,888.0
2026-03-18 16:45:00,4882.492,4885.021,4880.552,4882.069,871.0
2026-03-18 16:50:00,4882.08,4888.942,4880.064,4887.459,1003.0
2026-03-18 16:55:00,4887.426,4890.297,4885.668,4886.777,913.0
2026-03-18 17:00:00,4886.69,4889.825,4884.513,4889.197,956.0
2026-03-18 17:05:00,4889.082,4890.185,4885.946,4887.381,794.0
2026-03-18 17:10:00,4887.309,4888.102,4883.938,4886.83,880.0
2026-03-18 17:15:00,4886.92,4890.143,4885.45,4889.71,819.0
2026-03-18 17:20:00,4889.45,4897.084,4887.664,4896.583,1062.0
2026-03-18 17:25:00,4896.555,4898.119,4890.806,4891.13,1205.0
2026-03-18 17:30:00,4891.049,4894.48,4887.322,4894.477,924.0
2026-03-18 17:35:00,4894.59,4899.001,4894.465,4898.329,726.0
2026-03-18 17:40:00,4898.194,4898.25,4889.916,4894.473,750.0
2026-03-18 17:45:00,4894.392,4895.797,4890.302,4891.377,827.0
2026-03-18 17:50:00,4891.453,4893.593,4888.882,4890.7,961.0
2026-03-18 17:55:00,4890.816,4892.874,4889.859,4890.664,692.0
2026-03-18 18:00:00,4890.753,4899.29,4882.89,4889.073,1553.0
2026-03-18 18:05:00,4889.021,4889.244,4880.825,4883.409,1943.0
2026-03-18 18:10:00,4883.49,4889.832,4881.081,4887.339,1413.0
2026-03-18 18:15:00,4887.264,4889.533,4878.7,4884.535,2043.0
2026-03-18 18:20:00,4884.478,4887.032,4879.835,4881.059,1283.0
2026-03-18 18:25:00,4881.031,4886.391,4876.732,4885.722,992.0
2026-03-18 18:30:00,4885.558,4888.06,4872.248,4876.777,2054.0
2026-03-18 18:35:00,4876.844,4887.185,4874.565,4876.026,2550.0
2026-03-18 18:40:00,4875.953,4882.994,4875.609,4878.412,2062.0
2026-03-18 18:45:00,4878.0,4878.8,4867.575,4868.926,1880.0
2026-03-18 18:50:00,4868.999,4870.413,4862.53,4864.522,1781.0
2026-03-18 18:55:00,4864.435,4866.236,4852.188,4853.077,1905.0
2026-03-18 19:00:00,4852.871,4857.35,4843.383,4856.523,2375.0
2026-03-18 19:05:00,4856.45,4858.77,4851.984,4857.435,1485.0
2026-03-18 19:10:00,4857.285,4861.375,4850.144,4857.098,1517.0
2026-03-18 19:15:00,4857.169,4865.12,4856.606,4861.868,1388.0
2026-03-18 19:20:00,4861.863,4862.817,4844.618,4847.172,1676.0
2026-03-18 19:25:00,4846.812,4850.539,4843.697,4849.373,1665.0
2026-03-18 19:30:00,4849.301,4857.126,4848.42,4856.829,1691.0
2026-03-18 19:35:00,4856.554,4860.106,4854.788,4856.522,1171.0
2026-03-18 19:40:00,4856.51,4858.272,4846.077,4850.692,1338.0
2026-03-18 19:45:00,4850.78,4851.299,4842.572,4844.511,1529.0
2026-03-18 19:50:00,4844.59,4846.342,4838.097,4843.672,1980.0
2026-03-18 19:55:00,4843.62,4846.011,4839.953,4843.007,1783.0
2026-03-18 20:00:00,4842.961,4848.327,4841.726,4846.275,992.0
2026-03-18 20:05:00,4846.416,4847.194,4836.611,4837.3,813.0
2026-03-18 20:10:00,4837.364,4842.441,4823.696,4825.948,1490.0
2026-03-18 20:15:00,4825.871,4825.985,4819.579,4822.46,1477.0
2026-03-18 20:20:00,4822.385,4828.361,4819.865,4821.833,1100.0
2026-03-18 20:25:00,4821.906,4825.528,4808.803,4811.364,1545.0
2026-03-18 20:30:00,4811.295,4814.898,4806.677,4811.974,1242.0
2026-03-18 20:35:00,4811.8,4820.186,4811.758,4815.939,1124.0
2026-03-18 20:40:00,4816.024,4821.467,4816.024,4821.037,930.0
2026-03-18 20:45:00,4821.119,4826.824,4817.927,4825.421,887.0
2026-03-18 20:50:00,4825.493,4826.465,4816.592,4817.722,746.0
2026-03-18 20:55:00,4817.642,4820.07,4816.644,4818.463,573.0
2026-03-18 22:00:00,4828.06,4836.882,4824.42,4825.193,891.0
2026-03-18 22:05:00,4825.171,4831.762,4820.731,4826.728,694.0
2026-03-18 22:10:00,4826.846,4827.432,4815.544,4818.674,687.0
2026-03-18 22:15:00,4818.681,4821.231,4809.796,4821.231,1247.0
2026-03-18 22:20:00,4821.022,4821.318,4804.247,4821.309,1451.0
2026-03-18 22:25:00,4821.267,4825.442,4815.777,4815.823,894.0
2026-03-18 22:30:00,4815.79,4818.132,4808.681,4817.683,915.0
2026-03-18 22:35:00,4817.664,4828.96,4817.488,4823.725,948.0
2026-03-18 22:40:00,4823.723,4828.994,4823.723,4828.054,616.0
2026-03-18 22:45:00,4828.028,4838.765,4826.225,4833.614,924.0
2026-03-18 22:50:00,4833.69,4838.729,4830.127,4832.704,786.0
2026-03-18 22:55:00,4833.008,4834.487,4829.304,4834.291,500.0
2026-03-18 23:00:00,4834.337,4836.786,4829.393,4833.543,663.0
2026-03-18 23:05:00,4833.488,4836.103,4831.419,4834.104,470.0
2026-03-18 23:10:00,4833.97,4836.819,4832.41,4834.535,545.0
2026-03-18 23:15:00,4834.318,4835.896,4828.126,4830.214,546.0
2026-03-18 23:20:00,4830.228,4835.34,4829.932,4835.157,565.0
2026-03-18 23:25:00,4835.343,4840.888,4834.967,4836.938,688.0
2026-03-18 23:30:00,4836.881,4840.017,4834.266,4836.094,519.0
2026-03-18 23:35:00,4836.177,4838.453,4834.572,4838.453,476.0
2026-03-18 23:40:00,4838.362,4842.516,4833.838,4834.308,516.0
2026-03-18 23:45:00,4834.39,4837.565,4829.802,4836.224,746.0
2026-03-18 23:50:00,4836.275,4836.514,4830.087,4835.534,570.0
2026-03-18 23:55:00,4835.598,4838.358,4833.607,4836.86,472.0
2026-03-19 00:00:00,4836.657,4846.584,4835.41,4845.444,959.0
2026-03-19 00:05:00,4845.444,4848.224,4842.254,4842.434,634.0
2026-03-19 00:10:00,4842.401,4845.839,4836.386,4843.152,942.0
2026-03-19 00:15:00,4843.377,4844.229,4838.806,4840.546,577.0
2026-03-19 00:20:00,4840.543,4843.62,4838.814,4842.745,757.0
2026-03-19 00:25:00,4842.819,4843.08,4836.888,4842.31,761.0
2026-03-19 00:30:00,4842.068,4847.021,4839.589,4844.74,872.0
2026-03-19 00:35:00,4844.707,4848.877,4843.072,4843.745,712.0
2026-03-19 00:40:00,4843.757,4845.546,4838.286,4840.787,827.0
2026-03-19 00:45:00,4840.91,4846.121,4837.742,4843.77,874.0
2026-03-19 00:50:00,4843.948,4844.532,4838.775,4840.866,967.0
2026-03-19 00:55:00,4840.794,4843.189,4839.203,4841.052,771.0
2026-03-19 01:00:00,4841.207,4853.288,4840.026,4842.58,2151.0
2026-03-19 01:05:00,4842.498,4842.498,4832.656,4840.954,2030.0
2026-03-19 01:10:00,4841.043,4842.285,4835.001,4837.851,1329.0
2026-03-19 01:15:00,4837.975,4840.872,4835.978,4837.542,1142.0
2026-03-19 01:20:00,4837.598,4839.374,4833.717,4837.085,1073.0
2026-03-19 01:25:00,4837.173,4845.721,4835.13,4845.382,986.0
2026-03-19 01:30:00,4845.456,4849.969,4842.818,4847.854,1244.0
2026-03-19 01:35:00,4847.758,4862.152,4847.685,4862.152,1358.0
2026-03-19 01:40:00,4861.922,4866.892,4861.05,4865.571,1077.0
2026-03-19 01:45:00,4865.586,4865.626,4853.454,4857.758,1146.0
2026-03-19 01:50:00,4857.654,4858.128,4851.827,4857.355,827.0
2026-03-19 01:55:00,4857.237,4859.065,4848.996,4850.011,766.0
2026-03-19 02:00:00,4850.082,4851.941,4845.751,4846.068,1047.0
2026-03-19 02:05:00,4846.222,4848.842,4841.762,4847.379,1167.0
2026-03-19 02:10:00,4847.3,4850.094,4846.127,4849.342,850.0
2026-03-19 02:15:00,4849.364,4853.475,4847.896,4850.589,751.0
2026-03-19 02:20:00,4850.637,4857.389,4850.27,4857.239,560.0
2026-03-19 02:25:00,4857.153,4858.091,4855.725,4857.12,415.0
2026-03-19 02:30:00,4856.951,4858.167,4854.076,4856.901,921.0
2026-03-19 02:35:00,4856.959,4860.013,4855.29,4856.479,809.0
2026-03-19 02:40:00,4856.637,4861.862,4856.008,4861.294,650.0
2026-03-19 02:45:00,4861.366,4861.808,4855.84,4857.818,715.0
2026-03-19 02:50:00,4857.848,4861.599,4853.6,4861.174,747.0
2026-03-19 02:55:00,4861.057,4862.215,4854.569,4858.551,863.0
2026-03-19 03:00:00,4858.559,4861.405,4854.973,4860.049,758.0
2026-03-19 03:05:00,4860.04,4863.909,4855.352,4863.447,714.0
2026-03-19 03:10:00,4863.372,4865.064,4861.33,4864.265,626.0
2026-03-19 03:15:00,4864.451,4865.762,4863.111,4864.71,487.0
2026-03-19 03:20:00,4864.601,4864.914,4857.537,4857.876,697.0
2026-03-19 03:25:00,4857.881,4860.303,4856.846,4860.131,554.0
2026-03-19 03:30:00,4860.207,4860.269,4854.323,4855.942,547.0
2026-03-19 03:35:00,4855.81,4856.019,4852.247,4855.147,429.0
2026-03-19 03:40:00,4855.061,4857.354,4854.327,4856.336,447.0
2026-03-19 03:45:00,4856.19,4857.195,4854.232,4855.596,408.0
2026-03-19 03:50:00,4855.604,4855.623,4851.542,4852.861,551.0
2026-03-19 03:55:00,4852.811,4852.882,4850.812,4850.956,443.0
2026-03-19 04:00:00,4850.895,4851.617,4848.791,4849.545,524.0
2026-03-19 04:05:00,4849.518,4850.262,4847.186,4849.856,467.0
2026-03-19 04:10:00,4849.787,4851.839,4848.154,4851.168,376.0
2026-03-19 04:15:00,4851.197,4851.651,4850.369,4850.981,355.0
2026-03-19 04:20:00,4850.959,4852.968,4849.698,4852.383,429.0
2026-03-19 04:25:00,4852.505,4853.715,4850.05,4850.427,412.0
2026-03-19 04:30:00,4850.414,4851.99,4848.345,4851.122,403.0
2026-03-19 04:35:00,4851.158,4852.866,4849.483,4850.014,383.0
2026-03-19 04:40:00,4850.156,4851.57,4849.441,4849.616,391.0
2026-03-19 04:45:00,4849.558,4849.756,4845.697,4846.229,409.0
2026-03-19 04:50:00,4846.416,4849.876,4845.993,4849.455,413.0
2026-03-19 04:55:00,4849.478,4850.336,4848.48,4849.822,387.0
2026-03-19 05:00:00,4849.915,4852.941,4847.209,4852.941,486.0
2026-03-19 05:05:00,4852.966,4853.659,4848.683,4848.683,554.0
2026-03-19 05:10:00,4848.619,4851.317,4846.649,4850.507,495.0
2026-03-19 05:15:00,4850.493,4853.697,4850.425,4853.119,475.0
2026-03-19 05:20:00,4853.124,4853.68,4849.122,4850.674,449.0
2026-03-19 05:25:00,4850.988,4851.297,4846.544,4846.594,467.0
2026-03-19 05:30:00,4846.818,4846.818,4839.069,4840.745,1411.0
2026-03-19 05:35:00,4840.831,4841.726,4832.445,4833.07,1020.0
2026-03-19 05:40:00,4833.066,4836.194,4832.717,4833.898,994.0
2026-03-19 05:45:00,4833.969,4838.801,4829.248,4837.568,1124.0
2026-03-19 05:50:00,4837.604,4840.118,4834.991,4835.127,914.0
2026-03-19 05:55:00,4835.33,4835.486,4826.987,4827.609,914.0
2026-03-19 06:00:00,4827.538,4842.028,4827.02,4837.153,1399.0
2026-03-19 06:05:00,4837.296,4839.944,4831.132,4833.405,1121.0
2026-03-19 06:10:00,4833.445,4835.865,4831.394,4833.142,807.0
2026-03-19 06:15:00,4833.088,4833.702,4821.507,4821.982,1062.0
2026-03-19 06:20:00,4822.05,4826.371,4816.267,4819.538,1172.0
2026-03-19 06:25:00,4819.62,4823.594,4813.206,4813.52,1321.0
2026-03-19 06:30:00,4813.882,4819.839,4807.6,4808.218,1505.0
2026-03-19 06:35:00,4808.147,4808.557,4791.248,4796.007,3282.0
2026-03-19 06:40:00,4796.153,4796.494,4780.043,4786.331,2608.0
2026-03-19 06:45:00,4786.247,4788.633,4759.113,4767.249,3974.0
2026-03-19 06:50:00,4767.385,4767.683,4747.3,4754.123,4364.0
2026-03-19 06:55:00,4754.263,4770.213,4748.631,4763.817,3294.0
2026-03-19 07:00:00,4763.71,4772.926,4762.736,4768.555,1654.0
2026-03-19 07:05:00,4768.481,4782.948,4764.112,4780.446,1860.0
2026-03-19 07:10:00,4780.375,4784.218,4776.538,4778.162,1625.0
2026-03-19 07:15:00,4778.2,4782.071,4773.375,4774.381,1424.0
2026-03-19 07:20:00,4774.453,4776.256,4762.427,4766.422,1734.0
2026-03-19 07:25:00,4766.531,4770.725,4756.904,4770.687,1843.0
2026-03-19 07:30:00,4770.602,4770.964,4757.21,4764.603,1335.0
2026-03-19 07:35:00,4764.677,4771.573,4762.828,4766.976,1105.0
2026-03-19 07:40:00,4766.805,4769.081,4735.738,4739.74,2407.0
2026-03-19 07:45:00,4739.727,4752.581,4738.564,4750.858,1638.0
2026-03-19 07:50:00,4750.795,4754.973,4745.978,4753.738,1324.0
2026-03-19 07:55:00,4753.781,4754.308,4727.077,4727.808,2070.0
2026-03-19 08:00:00,4728.013,4740.325,4727.234,4736.688,2158.0
2026-03-19 08:05:00,4736.879,4737.578,4713.641,4715.188,3357.0
2026-03-19 08:10:00,4714.977,4721.283,4701.279,4714.438,3599.0
2026-03-19 08:15:00,4714.51,4733.13,4713.102,4729.493,2615.0
2026-03-19 08:20:00,4729.311,4736.316,4727.452,4730.629,2382.0
2026-03-19 08:25:00,4730.735,4731.797,4713.683,4718.476,2284.0
2026-03-19 08:30:00,4718.545,4722.028,4696.701,4703.226,3436.0
2026-03-19 08:35:00,4703.124,4720.453,4702.547,4710.74,2658.0
2026-03-19 08:40:00,4710.586,4710.586,4686.746,4688.6,4296.0
2026-03-19 08:45:00,4688.484,4719.648,4686.845,4710.989,2754.0
2026-03-19 08:50:00,4711.042,4718.745,4706.45,4707.307,2119.0
2026-03-19 08:55:00,4707.232,4711.026,4703.109,4709.221,2131.0
2026-03-19 09:00:00,4709.086,4721.128,4708.945,4713.129,2658.0
2026-03-19 09:05:00,4713.095,4718.054,4695.281,4702.272,2381.0
2026-03-19 09:10:00,4702.349,4705.527,4687.875,4694.882,2656.0
2026-03-19 09:15:00,4694.812,4715.779,4693.395,4713.293,2920.0
2026-03-19 09:20:00,4713.14,4722.489,4709.892,4710.573,2763.0
2026-03-19 09:25:00,4710.654,4715.737,4702.616,4709.134,4212.0
2026-03-19 09:30:00,4708.914,4725.964,4708.119,4720.025,2669.0
2026-03-19 09:35:00,4719.953,4721.745,4709.745,4712.544,2572.0
2026-03-19 09:40:00,4712.419,4717.667,4702.879,4705.278,2356.0
2026-03-19 09:45:00,4705.197,4716.606,4704.531,4714.31,2373.0
2026-03-19 09:50:00,4714.044,4716.892,4697.944,4706.037,2575.0
2026-03-19 09:55:00,4705.91,4709.948,4696.005,4698.895,2217.0
2026-03-19 10:00:00,4698.768,4711.45,4697.595,4711.342,1726.0
2026-03-19 10:05:00,4711.27,4719.875,4707.814,4712.74,1679.0
2026-03-19 10:10:00,4712.741,4712.741,4698.955,4704.449,1865.0
2026-03-19 10:15:00,4704.517,4705.53,4688.393,4693.779,2568.0
2026-03-19 10:20:00,4693.933,4694.272,4670.732,4679.105,2488.0
2026-03-19 10:25:00,4679.009,4689.949,4678.638,4683.358,1486.0
2026-03-19 10:30:00,4683.492,4700.345,4674.096,4698.696,3649.0
2026-03-19 10:35:00,4698.627,4698.627,4686.847,4690.031,2168.0
2026-03-19 10:40:00,4689.934,4692.582,4681.748,4683.471,1683.0
2026-03-19 10:45:00,4683.493,4684.724,4675.973,4682.725,1771.0
2026-03-19 10:50:00,4682.744,4688.547,4668.321,4677.779,2763.0
2026-03-19 10:55:00,4677.627,4680.402,4666.429,4678.879,1933.0
2026-03-19 11:00:00,4678.856,4699.616,4678.762,4688.324,2477.0
2026-03-19 11:05:00,4688.393,4691.502,4683.747,4687.115,1618.0
2026-03-19 11:10:00,4687.027,4695.475,4685.324,4686.16,1717.0
2026-03-19 11:15:00,4686.086,4688.487,4676.367,4686.588,2077.0
2026-03-19 11:20:00,4686.769,4692.275,4685.57,4688.18,1360.0
2026-03-19 11:25:00,4688.233,4689.626,4679.103,4686.087,1579.0
2026-03-19 11:30:00,4686.181,4695.463,4681.298,4683.491,1440.0
2026-03-19 11:35:00,4683.475,4683.588,4671.845,4679.851,1880.0
2026-03-19 11:40:00,4680.054,4681.049,4658.009,4663.895,2618.0
2026-03-19 11:45:00,4663.976,4668.106,4656.634,4661.307,2416.0
2026-03-19 11:50:00,4661.381,4662.206,4650.613,4652.8,2377.0
2026-03-19 11:55:00,4652.687,4659.869,4651.725,4652.225,1564.0
2026-03-19 12:00:00,4651.867,4653.936,4626.029,4630.46,2903.0
2026-03-19 12:05:00,4630.535,4639.811,4623.208,4629.282,4141.0
2026-03-19 12:10:00,4629.218,4629.884,4609.722,4619.373,4443.0
2026-03-19 12:15:00,4619.055,4630.662,4612.325,4616.752,3060.0
2026-03-19 12:20:00,4616.922,4620.269,4603.782,4605.319,3568.0
2026-03-19 12:25:00,4605.167,4609.049,4602.786,4606.336,2337.0
2026-03-19 12:30:00,4606.72,4617.35,4599.242,4603.937,2455.0
2026-03-19 12:35:00,4604.126,4617.739,4602.797,4605.831,3398.0
2026-03-19 12:40:00,4605.575,4605.575,4559.81,4563.543,4830.0
2026-03-19 12:45:00,4563.473,4564.988,4531.073,4557.318,9505.0
2026-03-19 12:50:00,4557.412,4575.733,4552.803,4573.226,5538.0
2026-03-19 12:55:00,4573.578,4585.82,4571.074,4574.603,4404.0
2026-03-19 13:00:00,4574.513,4574.513,4502.61,4550.003,6387.0
2026-03-19 13:05:00,4549.943,4566.126,4527.109,4535.939,9274.0
2026-03-19 13:10:00,4536.008,4545.815,4524.221,4539.125,6942.0
2026-03-19 13:15:00,4539.089,4569.017,4523.475,4562.699,4563.0
2026-03-19 13:20:00,4562.767,4577.572,4560.346,4562.158,6570.0
2026-03-19 13:25:00,4562.369,4581.197,4553.527,4576.223,6313.0
2026-03-19 13:30:00,4576.343,4583.197,4557.643,4580.806,9204.0
2026-03-19 13:35:00,4580.567,4581.236,4552.885,4566.506,7627.0
