time,direction,entry,tp,sl,result,pnl_pts,pnl_usd,balance,prob,atr,adx
2026-01-29 11:00:00,BUY,5478.18,5490.18,5472.18,WIN,12.0,11.75,111.75,0.7558,11.413,45.5
2026-01-29 11:05:00,BUY,5494.58,5506.58,5488.58,WIN,12.0,11.75,123.5,0.7364,12.659,46.7
2026-01-29 11:10:00,BUY,5506.64,5518.64,5500.64,WIN,12.0,11.75,135.25,0.6881,12.591,43.6
2026-01-29 11:15:00,BUY,5506.88,5518.88,5500.88,WIN,12.0,11.75,147.0,0.6822,11.984,39.0
2026-01-29 11:20:00,BUY,5512.07,5524.07,5506.07,WIN,12.0,11.75,158.75,0.6589,11.481,34.4
2026-01-29 16:00:00,BUY,5230.86,5242.86,5224.86,WIN,12.0,11.75,170.5,0.5909,71.291,71.8
2026-01-29 16:05:00,BUY,5248.05,5260.05,5242.05,WIN,12.0,11.75,182.25,0.5819,66.302,65.5
2026-01-29 16:10:00,BUY,5273.43,5285.43,5267.43,LOSS,-6.0,-6.25,176.0,0.5733,62.606,58.4
2026-01-29 16:15:00,BUY,5264.19,5276.19,5258.19,LOSS,-6.0,-6.25,169.75,0.5963,58.165,52.3
2026-01-29 16:20:00,BUY,5270.32,5282.32,5264.32,WIN,12.0,11.75,181.5,0.5733,55.079,47.7
2026-01-29 16:35:00,BUY,5250.64,5262.64,5244.64,WIN,12.0,11.75,193.25,0.6071,47.389,33.8
2026-01-29 20:00:00,BUY,5292.81,5304.81,5286.81,WIN,12.0,11.75,205.0,0.6062,21.02,51.0
2026-01-29 20:05:00,BUY,5298.06,5310.06,5292.06,WIN,12.0,11.75,216.75,0.6154,19.88,53.8
2026-01-29 20:10:00,BUY,5296.3,5308.3,5290.3,WIN,12.0,11.75,228.5,0.6242,19.425,53.6
2026-01-29 20:15:00,BUY,5310.25,5322.25,5304.25,WIN,12.0,11.75,240.25,0.5981,19.771,53.3
2026-01-30 07:00:00,BUY,5145.84,5157.84,5139.84,WIN,12.0,11.75,252.0,0.5821,23.173,48.6
2026-01-30 10:00:00,BUY,5037.23,5049.23,5031.23,LOSS,-6.0,-6.25,245.75,0.6558,43.393,46.6
2026-01-30 10:05:00,BUY,5019.27,5031.27,5013.27,WIN,12.0,11.75,257.5,0.6621,42.462,43.3
2026-01-30 10:10:00,BUY,5038.98,5050.98,5032.98,WIN,12.0,11.75,269.25,0.6732,40.18,39.7
2026-01-30 10:20:00,BUY,5063.57,5075.57,5057.57,WIN,12.0,11.75,281.0,0.5898,36.431,31.0
2026-01-30 10:25:00,BUY,5059.68,5071.68,5053.68,WIN,12.0,11.75,292.75,0.5914,34.842,28.4
2026-01-30 10:30:00,BUY,5065.02,5077.02,5059.02,WIN,12.0,11.75,304.5,0.5801,32.786,26.1
2026-01-30 18:10:00,BUY,4808.62,4820.62,4802.62,LOSS,-6.0,-6.25,298.25,0.5829,44.495,60.2
2026-01-30 18:30:00,BUY,4752.18,4764.18,4746.18,LOSS,-6.0,-6.25,292.0,0.5742,51.804,63.6
2026-01-30 18:35:00,BUY,4697.41,4709.41,4691.41,WIN,12.0,11.75,303.75,0.5787,55.626,64.1
2026-02-02 07:35:00,SELL,4568.27,4556.27,4574.27,LOSS,-6.0,-6.25,297.5,0.5999,39.983,25.8
2026-02-02 07:45:00,SELL,4615.09,4603.09,4621.09,WIN,12.0,11.75,309.25,0.6841,37.714,26.5
2026-02-02 07:55:00,SELL,4587.18,4575.18,4593.18,WIN,12.0,11.75,321.0,0.7104,35.71,28.7
2026-02-02 08:05:00,SELL,4618.18,4606.18,4624.18,WIN,12.0,11.75,332.75,0.6613,38.345,25.9
2026-02-02 08:10:00,SELL,4610.47,4598.47,4616.47,LOSS,-6.0,-6.25,326.5,0.669,36.547,26.5
2026-02-02 08:15:00,SELL,4632.39,4620.39,4638.39,LOSS,-6.0,-6.25,320.25,0.6745,35.956,27.0
2026-02-02 08:20:00,SELL,4640.15,4628.15,4646.15,WIN,12.0,11.75,332.0,0.6931,33.8,28.9
2026-02-02 08:25:00,SELL,4646.4,4634.4,4652.4,WIN,12.0,11.75,343.75,0.702,32.883,28.6
2026-02-02 08:30:00,SELL,4629.48,4617.48,4635.48,WIN,12.0,11.75,355.5,0.7078,31.822,28.8
2026-02-02 08:35:00,SELL,4627.32,4615.32,4633.32,LOSS,-6.0,-6.25,349.25,0.6992,31.005,25.7
2026-02-02 10:05:00,SELL,4713.84,4701.84,4719.84,LOSS,-6.0,-6.25,343.0,0.5908,26.192,41.2
2026-02-02 10:10:00,SELL,4730.4,4718.4,4736.4,WIN,12.0,11.75,354.75,0.5909,25.222,42.4
2026-02-02 10:15:00,SELL,4713.16,4701.16,4719.16,WIN,12.0,11.75,366.5,0.5926,24.365,43.3
2026-02-02 10:20:00,SELL,4691.57,4679.57,4697.57,WIN,12.0,11.75,378.25,0.5964,25.544,38.0
2026-02-02 10:30:00,SELL,4685.21,4673.21,4691.21,WIN,12.0,11.75,390.0,0.5964,23.966,33.7
2026-02-02 10:50:00,SELL,4693.98,4681.98,4699.98,LOSS,-6.0,-6.25,383.75,0.5862,24.523,27.3
2026-02-02 10:55:00,SELL,4705.79,4693.79,4711.79,LOSS,-6.0,-6.25,377.5,0.5856,23.679,25.6
2026-02-02 11:20:00,SELL,4757.89,4745.89,4763.89,WIN,12.0,11.75,389.25,0.69,21.216,33.9
2026-02-02 11:25:00,SELL,4753.14,4741.14,4759.14,LOSS,-6.0,-6.25,383.0,0.693,21.086,35.2
2026-02-02 11:30:00,SELL,4751.67,4739.67,4757.67,LOSS,-6.0,-6.25,376.75,0.6955,20.44,36.7
2026-02-02 11:35:00,SELL,4773.86,4761.86,4779.86,WIN,12.0,11.75,388.5,0.6869,20.831,39.1
2026-02-02 11:45:00,SELL,4776.4,4764.4,4782.4,WIN,12.0,11.75,400.25,0.6815,17.827,43.8
2026-02-02 11:50:00,SELL,4761.75,4749.75,4767.75,LOSS,-6.0,-6.25,394.0,0.687,18.222,41.0
2026-02-02 11:55:00,SELL,4766.03,4754.03,4772.03,WIN,12.0,11.75,405.75,0.6838,17.754,38.6
2026-02-02 12:00:00,SELL,4755.53,4743.53,4761.53,WIN,12.0,11.75,417.5,0.6745,18.896,34.6
2026-02-02 12:05:00,SELL,4763.02,4751.02,4769.02,LOSS,-6.0,-6.25,411.25,0.6828,19.281,30.7
2026-02-02 12:10:00,SELL,4762.94,4750.94,4768.94,LOSS,-6.0,-6.25,405.0,0.673,19.382,28.4
2026-02-02 12:15:00,SELL,4777.12,4765.12,4783.12,LOSS,-6.0,-6.25,398.75,0.6783,19.307,26.9
2026-02-02 12:35:00,SELL,4780.55,4768.55,4786.55,LOSS,-6.0,-6.25,392.5,0.6661,17.246,28.4
2026-02-02 12:45:00,SELL,4789.16,4777.16,4795.16,WIN,12.0,11.75,404.25,0.669,18.901,34.4
2026-02-02 12:55:00,SELL,4794.22,4782.22,4800.22,WIN,12.0,11.75,416.0,0.6609,19.345,34.1
2026-02-02 13:05:00,SELL,4785.68,4773.68,4791.68,LOSS,-6.0,-6.25,409.75,0.7752,30.218,34.6
2026-02-02 13:10:00,SELL,4782.95,4770.95,4788.95,WIN,12.0,11.75,421.5,0.7702,29.888,31.7
2026-02-02 13:15:00,SELL,4751.14,4739.14,4757.14,WIN,12.0,11.75,433.25,0.7489,32.047,32.2
2026-02-02 14:30:00,SELL,4759.86,4747.86,4765.86,LOSS,-6.0,-6.25,427.0,0.7125,32.927,27.1
2026-02-02 14:40:00,SELL,4754.25,4742.25,4760.25,WIN,12.0,11.75,438.75,0.7129,35.329,31.7
2026-02-02 16:10:00,SELL,4697.26,4685.26,4703.26,WIN,12.0,11.75,450.5,0.5794,36.271,29.9
2026-02-03 08:05:00,SELL,4919.48,4907.48,4925.48,LOSS,-6.0,-6.25,444.25,0.6021,15.002,49.0
2026-02-03 08:10:00,SELL,4928.26,4916.26,4934.26,LOSS,-6.0,-6.25,438.0,0.6037,15.571,46.4
2026-02-03 08:20:00,SELL,4933.67,4921.67,4939.67,LOSS,-6.0,-6.25,431.75,0.5874,14.72,45.3
2026-02-03 08:30:00,SELL,4932.69,4920.69,4938.69,LOSS,-6.0,-6.25,425.5,0.577,13.065,43.6
2026-02-03 08:35:00,SELL,4934.16,4922.16,4940.16,LOSS,-6.0,-6.25,419.25,0.5832,12.471,42.7
2026-02-03 08:40:00,SELL,4935.75,4923.75,4941.75,WIN,12.0,11.75,431.0,0.5793,13.077,44.2
2026-02-03 08:45:00,SELL,4934.38,4922.38,4940.38,WIN,12.0,11.75,442.75,0.5742,12.473,44.0
2026-02-03 08:50:00,SELL,4932.37,4920.37,4938.37,WIN,12.0,11.75,454.5,0.579,11.641,43.7
2026-02-03 17:00:00,SELL,4954.25,4942.25,4960.25,WIN,12.0,11.75,466.25,0.5979,15.589,29.7
2026-02-04 14:40:00,SELL,4995.95,4983.95,5001.95,WIN,12.0,11.75,478.0,0.601,22.41,40.8
2026-02-04 14:45:00,SELL,5000.13,4988.13,5006.13,LOSS,-6.0,-6.25,471.75,0.6112,23.362,45.1
2026-02-04 14:50:00,SELL,5011.41,4999.41,5017.41,WIN,12.0,11.75,483.5,0.6996,23.591,43.7
2026-02-04 15:00:00,SELL,4990.14,4978.14,4996.14,LOSS,-6.0,-6.25,477.25,0.6728,25.364,44.9
2026-02-04 15:05:00,SELL,4996.05,4984.05,5002.05,WIN,12.0,11.75,489.0,0.6669,24.326,43.1
2026-02-04 15:10:00,SELL,4990.14,4978.14,4996.14,WIN,12.0,11.75,500.75,0.6552,23.587,42.6
2026-02-04 15:40:00,SELL,4944.21,4932.21,4950.21,WIN,12.0,11.75,512.5,0.6104,31.344,54.8
2026-02-04 16:10:00,SELL,4931.98,4919.98,4937.98,WIN,12.0,11.75,524.25,0.5828,27.434,50.9
2026-02-04 16:30:00,SELL,4924.92,4912.92,4930.92,WIN,12.0,11.75,536.0,0.6226,26.466,42.6
2026-02-04 16:50:00,SELL,4902.03,4890.03,4908.03,LOSS,-6.0,-6.25,529.75,0.6263,28.823,43.2
2026-02-04 17:00:00,SELL,4914.71,4902.71,4920.71,WIN,12.0,11.75,541.5,0.6614,26.267,43.0
2026-02-04 17:05:00,SELL,4904.55,4892.55,4910.55,LOSS,-6.0,-6.25,535.25,0.6223,25.522,42.4
2026-02-04 17:10:00,SELL,4921.29,4909.29,4927.29,WIN,12.0,11.75,547.0,0.6702,25.444,40.2
2026-02-04 17:25:00,SELL,4917.19,4905.19,4923.19,LOSS,-6.0,-6.25,540.75,0.6693,25.029,36.4
2026-02-04 17:30:00,SELL,4921.1,4909.1,4927.1,WIN,12.0,11.75,552.5,0.682,23.846,33.7
2026-02-04 17:40:00,SELL,4907.72,4895.72,4913.72,WIN,12.0,11.75,564.25,0.6648,22.481,32.5
2026-02-04 17:55:00,SELL,4898.18,4886.18,4904.18,WIN,12.0,11.75,576.0,0.6088,19.174,33.4
2026-02-05 09:40:00,SELL,4890.03,4878.03,4896.03,WIN,12.0,11.75,587.75,0.6642,15.513,39.0
2026-02-05 09:45:00,SELL,4882.38,4870.38,4888.38,WIN,12.0,11.75,599.5,0.5787,15.08,36.0
2026-02-05 12:35:00,SELL,4861.48,4849.48,4867.48,WIN,12.0,11.75,611.25,0.6147,18.837,28.4
2026-02-05 13:05:00,SELL,4825.75,4813.75,4831.75,LOSS,-6.0,-6.25,605.0,0.5856,22.284,27.8
2026-02-05 13:10:00,SELL,4826.11,4814.11,4832.11,LOSS,-6.0,-6.25,598.75,0.5794,22.099,27.8
2026-02-05 13:15:00,SELL,4836.76,4824.76,4842.76,LOSS,-6.0,-6.25,592.5,0.6323,22.062,26.4
2026-02-05 16:45:00,SELL,4884.18,4872.18,4890.18,LOSS,-6.0,-6.25,586.25,0.6198,19.366,39.0
2026-02-05 16:50:00,SELL,4903.35,4891.35,4909.35,WIN,12.0,11.75,598.0,0.6387,19.808,43.9
2026-02-05 16:55:00,SELL,4888.79,4876.79,4894.79,WIN,12.0,11.75,609.75,0.6331,19.737,48.2
2026-02-05 19:00:00,SELL,4854.64,4842.64,4860.64,WIN,12.0,11.75,621.5,0.6921,13.105,25.7
2026-02-05 19:05:00,SELL,4859.74,4847.74,4865.74,WIN,12.0,11.75,633.25,0.6996,14.471,27.3
2026-02-05 19:15:00,SELL,4853.56,4841.56,4859.56,WIN,12.0,11.75,645.0,0.6844,13.321,30.9
2026-02-05 19:25:00,SELL,4851.29,4839.29,4857.29,WIN,12.0,11.75,656.75,0.6782,12.144,30.7
2026-02-05 19:45:00,SELL,4842.04,4830.04,4848.04,WIN,12.0,11.75,668.5,0.5909,12.512,40.8
2026-02-05 20:10:00,SELL,4833.1,4821.1,4839.1,WIN,12.0,11.75,680.25,0.6621,14.517,49.0
2026-02-09 14:00:00,BUY,5009.61,5021.61,5003.61,WIN,12.0,11.75,692.0,0.6946,9.444,29.5
2026-02-09 15:15:00,BUY,5027.21,5039.21,5021.21,WIN,12.0,11.75,703.75,0.6238,9.026,32.1
2026-02-09 17:55:00,BUY,5046.09,5058.09,5040.09,WIN,12.0,11.75,715.5,0.587,8.44,35.1
2026-02-09 18:05:00,BUY,5055.97,5067.97,5049.97,LOSS,-6.0,-6.25,709.25,0.576,8.14,41.1
2026-02-09 18:10:00,BUY,5058.17,5070.17,5052.17,LOSS,-6.0,-6.25,703.0,0.5248,7.617,40.9
2026-02-09 18:20:00,BUY,5050.06,5062.06,5044.06,WIN,12.0,11.75,714.75,0.661,8.416,44.3
2026-02-09 18:30:00,BUY,5054.9,5066.9,5048.9,WIN,12.0,11.75,726.5,0.6143,8.194,48.0
2026-02-09 18:40:00,BUY,5056.08,5068.08,5050.08,WIN,12.0,11.75,738.25,0.6173,7.217,45.1
2026-02-09 18:45:00,BUY,5055.58,5067.58,5049.58,WIN,12.0,11.75,750.0,0.6173,7.133,45.0
2026-02-09 18:50:00,BUY,5055.8,5067.8,5049.8,WIN,12.0,11.75,761.75,0.6128,6.718,44.8
2026-02-09 18:55:00,BUY,5062.89,5074.89,5056.89,WIN,12.0,11.75,773.5,0.5438,6.94,39.5
2026-02-10 12:50:00,BUY,5028.6,5040.6,5022.6,WIN,12.0,11.75,785.25,0.5738,8.715,31.5
2026-02-10 12:55:00,BUY,5032.07,5044.07,5026.07,WIN,12.0,11.75,797.0,0.5818,8.441,33.5
2026-02-10 13:00:00,BUY,5030.19,5042.19,5024.19,WIN,12.0,11.75,808.75,0.8098,8.492,34.7
2026-02-10 13:05:00,BUY,5034.42,5046.42,5028.42,WIN,12.0,11.75,820.5,0.7993,8.455,33.8
2026-02-10 14:45:00,BUY,5030.58,5042.58,5024.58,WIN,12.0,11.75,832.25,0.5837,13.49,37.3
2026-02-10 16:25:00,BUY,5009.98,5021.98,5003.98,WIN,12.0,11.75,844.0,0.6099,11.488,41.0
2026-02-10 16:30:00,BUY,5018.34,5030.34,5012.34,WIN,12.0,11.75,855.75,0.5979,11.631,39.8
2026-02-10 16:35:00,BUY,5019.29,5031.29,5013.29,WIN,12.0,11.75,867.5,0.609,10.891,37.3
2026-02-10 16:45:00,BUY,5017.66,5029.66,5011.66,WIN,12.0,11.75,879.25,0.6116,10.285,32.9
2026-02-10 16:50:00,BUY,5020.3,5032.3,5014.3,WIN,12.0,11.75,891.0,0.5957,9.91,30.7
2026-02-10 18:20:00,BUY,5005.85,5017.85,4999.85,WIN,12.0,11.75,902.75,0.5377,7.259,33.9
2026-02-10 18:25:00,BUY,5008.35,5020.35,5002.35,WIN,12.0,11.75,914.5,0.5771,7.105,38.0
2026-02-10 18:30:00,BUY,5009.91,5021.91,5003.91,WIN,12.0,11.75,926.25,0.5715,7.501,37.9
2026-02-10 18:45:00,BUY,5011.93,5023.93,5005.93,WIN,12.0,11.75,938.0,0.5863,6.961,33.8
2026-02-10 18:50:00,BUY,5007.63,5019.63,5001.63,WIN,12.0,11.75,949.75,0.612,6.917,34.0
2026-02-10 18:55:00,BUY,5013.26,5025.26,5007.26,WIN,12.0,11.75,961.5,0.585,7.033,33.5
2026-02-10 19:00:00,BUY,5010.19,5022.19,5004.19,WIN,12.0,11.75,973.25,0.6562,6.77,33.0
2026-02-10 19:05:00,BUY,5011.46,5023.46,5005.46,WIN,12.0,11.75,985.0,0.6595,6.343,32.5
2026-02-10 19:10:00,BUY,5012.5,5024.5,5006.5,WIN,12.0,11.75,996.75,0.652,5.881,32.1
2026-02-10 19:15:00,BUY,5018.68,5030.68,5012.68,WIN,12.0,11.75,1008.5,0.5773,6.053,30.9
2026-02-10 19:20:00,BUY,5018.82,5030.82,5012.82,WIN,12.0,11.75,1020.25,0.5751,5.477,30.1
2026-02-10 19:25:00,BUY,5020.95,5032.95,5014.95,WIN,12.0,11.75,1032.0,0.5459,5.219,30.7
2026-02-11 11:00:00,BUY,5086.04,5098.04,5080.04,WIN,12.0,11.75,1043.75,0.7113,8.734,53.9
2026-02-11 12:40:00,BUY,5068.44,5080.44,5062.44,WIN,12.0,11.75,1055.5,0.6224,12.896,43.4
2026-02-11 12:45:00,BUY,5070.65,5082.65,5064.65,WIN,12.0,11.75,1067.25,0.6138,12.495,47.7
2026-02-11 13:30:00,BUY,5049.77,5061.77,5043.77,WIN,12.0,11.75,1079.0,0.5919,18.675,47.4
2026-02-11 14:40:00,BUY,5043.08,5055.08,5037.08,WIN,12.0,11.75,1090.75,0.5962,14.38,46.3
2026-02-11 14:45:00,BUY,5047.63,5059.63,5041.63,WIN,12.0,11.75,1102.5,0.5904,13.936,47.4
2026-02-11 15:35:00,BUY,5046.04,5058.04,5040.04,WIN,12.0,11.75,1114.25,0.5877,14.768,27.7
2026-02-11 15:40:00,BUY,5048.54,5060.54,5042.54,WIN,12.0,11.75,1126.0,0.5843,13.936,27.6
2026-02-11 15:45:00,BUY,5048.05,5060.05,5042.05,WIN,12.0,11.75,1137.75,0.5884,13.62,25.8
2026-02-11 18:20:00,BUY,5069.1,5081.1,5063.1,WIN,12.0,11.75,1149.5,0.5985,8.702,36.4
2026-02-11 18:25:00,BUY,5073.69,5085.69,5067.69,WIN,12.0,11.75,1161.25,0.5866,8.565,37.5
2026-02-11 18:30:00,BUY,5075.23,5087.23,5069.23,WIN,12.0,11.75,1173.0,0.5876,8.443,36.4
2026-02-12 08:35:00,BUY,5059.94,5071.94,5053.94,WIN,12.0,11.75,1184.75,0.6149,5.231,26.1
2026-02-12 08:40:00,BUY,5062.9,5074.9,5056.9,WIN,12.0,11.75,1196.5,0.6146,5.035,26.3
2026-02-12 13:00:00,BUY,5054.92,5066.92,5048.92,WIN,12.0,11.75,1208.25,0.7951,5.206,29.8
2026-02-12 13:05:00,BUY,5060.82,5072.82,5054.82,WIN,12.0,11.75,1220.0,0.7814,5.483,26.1
2026-02-12 13:10:00,BUY,5065.46,5077.46,5059.46,WIN,12.0,11.75,1231.75,0.607,5.432,25.1
2026-02-12 13:25:00,BUY,5062.85,5074.85,5056.85,WIN,12.0,11.75,1243.5,0.7636,6.157,26.7
2026-02-13 07:10:00,BUY,4960.3,4972.3,4954.3,WIN,12.0,11.75,1255.25,0.7074,9.469,25.0
2026-02-13 07:20:00,BUY,4966.07,4978.07,4960.07,WIN,12.0,11.75,1267.0,0.7127,10.29,27.0
2026-02-13 07:25:00,BUY,4968.47,4980.47,4962.47,WIN,12.0,11.75,1278.75,0.7199,9.767,27.1
2026-02-13 07:30:00,BUY,4973.19,4985.19,4967.19,WIN,12.0,11.75,1290.5,0.704,9.659,28.6
2026-02-13 07:40:00,BUY,4970.63,4982.63,4964.63,WIN,12.0,11.75,1302.25,0.7077,9.914,31.8
2026-02-13 07:45:00,BUY,4975.47,4987.47,4969.47,WIN,12.0,11.75,1314.0,0.694,9.644,31.8
2026-02-13 07:55:00,BUY,4974.96,4986.96,4968.96,WIN,12.0,11.75,1325.75,0.6858,9.82,34.4
2026-02-13 09:25:00,BUY,4964.97,4976.97,4958.97,WIN,12.0,11.75,1337.5,0.5361,7.757,29.4
2026-02-13 09:35:00,BUY,4965.14,4977.14,4959.14,WIN,12.0,11.75,1349.25,0.5371,7.724,36.2
2026-02-13 11:20:00,BUY,4938.89,4950.89,4932.89,WIN,12.0,11.75,1361.0,0.5741,9.94,44.2
2026-02-13 11:30:00,BUY,4940.63,4952.63,4934.63,WIN,12.0,11.75,1372.75,0.5895,10.187,48.8
2026-02-13 11:35:00,BUY,4944.08,4956.08,4938.08,WIN,12.0,11.75,1384.5,0.6245,9.978,48.1
2026-02-13 11:40:00,BUY,4944.15,4956.15,4938.15,WIN,12.0,11.75,1396.25,0.6328,9.524,47.5
2026-02-13 11:45:00,BUY,4944.32,4956.32,4938.32,WIN,12.0,11.75,1408.0,0.633,8.996,47.8
2026-02-13 11:50:00,BUY,4950.2,4962.2,4944.2,WIN,12.0,11.75,1419.75,0.6163,9.17,42.9
2026-02-13 12:00:00,BUY,4958.47,4970.47,4952.47,WIN,12.0,11.75,1431.5,0.6787,8.664,35.4
2026-02-13 12:05:00,BUY,4956.94,4968.94,4950.94,WIN,12.0,11.75,1443.25,0.6876,8.324,34.5
2026-02-13 12:10:00,BUY,4963.77,4975.77,4957.77,WIN,12.0,11.75,1455.0,0.6683,8.651,32.5
2026-02-13 12:20:00,BUY,4971.02,4983.02,4965.02,LOSS,-6.0,-6.25,1448.75,0.6641,8.173,34.0
2026-02-13 12:30:00,BUY,4971.35,4983.35,4965.35,LOSS,-6.0,-6.25,1442.5,0.6773,8.068,33.6
2026-02-13 12:45:00,BUY,4970.25,4982.25,4964.25,LOSS,-6.0,-6.25,1436.25,0.6554,7.568,28.6
2026-02-13 12:50:00,BUY,4970.34,4982.34,4964.34,LOSS,-6.0,-6.25,1430.0,0.6492,7.526,26.1
2026-02-13 19:55:00,BUY,5023.53,5035.53,5017.53,WIN,12.0,11.75,1441.75,0.605,5.949,36.3
2026-02-13 20:30:00,BUY,5025.93,5037.93,5019.93,WIN,12.0,11.75,1453.5,0.68,5.658,39.7
2026-02-13 20:50:00,BUY,5027.43,5039.43,5021.43,WIN,12.0,11.75,1465.25,0.6799,5.868,33.2
2026-02-16 08:10:00,BUY,4998.19,5010.19,4992.19,WIN,12.0,11.75,1477.0,0.7222,5.715,34.8
2026-02-16 14:50:00,BUY,4986.09,4998.09,4980.09,LOSS,-6.0,-6.25,1470.75,0.5261,5.073,42.7
2026-02-16 16:00:00,BUY,4976.38,4988.38,4970.38,WIN,12.0,11.75,1482.5,0.5893,5.084,50.1
2026-02-16 16:05:00,BUY,4975.25,4987.25,4969.25,WIN,12.0,11.75,1494.25,0.5832,4.869,50.3
2026-02-16 16:10:00,BUY,4979.52,4991.52,4973.52,WIN,12.0,11.75,1506.0,0.5805,4.943,47.7
2026-02-16 16:15:00,BUY,4975.93,4987.93,4969.93,WIN,12.0,11.75,1517.75,0.5955,5.064,43.7
2026-02-16 16:20:00,BUY,4979.71,4991.71,4973.71,WIN,12.0,11.75,1529.5,0.5802,4.956,40.3
2026-02-17 07:55:00,SELL,4917.02,4905.02,4923.02,LOSS,-6.0,-6.25,1523.25,0.6166,6.698,26.4
2026-02-17 08:00:00,SELL,4925.81,4913.81,4931.81,WIN,12.0,11.75,1535.0,0.5646,7.176,29.4
2026-02-17 08:10:00,SELL,4927.54,4915.54,4933.54,WIN,12.0,11.75,1546.75,0.7019,7.743,35.6
2026-02-17 08:20:00,SELL,4925.6,4913.6,4931.6,WIN,12.0,11.75,1558.5,0.6832,7.197,39.7
2026-02-17 08:35:00,SELL,4918.39,4906.39,4924.39,LOSS,-6.0,-6.25,1552.25,0.6697,6.831,31.1
2026-02-17 08:40:00,SELL,4917.89,4905.89,4923.89,LOSS,-6.0,-6.25,1546.0,0.6696,6.459,27.3
2026-02-17 09:00:00,SELL,4928.72,4916.72,4934.72,WIN,12.0,11.75,1557.75,0.6897,6.319,29.6
2026-02-17 10:10:00,SELL,4936.32,4924.32,4942.32,WIN,12.0,11.75,1569.5,0.7563,6.429,26.5
2026-02-17 10:15:00,SELL,4932.71,4920.71,4938.71,WIN,12.0,11.75,1581.25,0.7545,6.389,29.6
2026-02-17 10:20:00,SELL,4932.04,4920.04,4938.04,WIN,12.0,11.75,1593.0,0.7459,6.023,32.3
2026-02-17 10:25:00,SELL,4928.04,4916.04,4934.04,WIN,12.0,11.75,1604.75,0.7532,5.826,30.8
2026-02-17 10:30:00,SELL,4925.15,4913.15,4931.15,WIN,12.0,11.75,1616.5,0.7625,6.037,28.4
2026-02-17 10:35:00,SELL,4926.19,4914.19,4932.19,WIN,12.0,11.75,1628.25,0.7659,6.245,27.0
2026-02-17 10:40:00,SELL,4921.78,4909.78,4927.78,WIN,12.0,11.75,1640.0,0.7591,6.128,25.8
2026-02-17 11:00:00,SELL,4919.1,4907.1,4925.1,LOSS,-6.0,-6.25,1633.75,0.524,6.602,32.4
2026-02-17 11:05:00,SELL,4922.35,4910.35,4928.35,LOSS,-6.0,-6.25,1627.5,0.5295,6.56,28.0
2026-02-17 11:10:00,SELL,4926.02,4914.02,4932.02,LOSS,-6.0,-6.25,1621.25,0.53,6.404,25.2
2026-02-17 12:40:00,SELL,4937.15,4925.15,4943.15,WIN,12.0,11.75,1633.0,0.5207,6.136,27.3
2026-02-17 13:05:00,SELL,4924.97,4912.97,4930.97,WIN,12.0,11.75,1644.75,0.7678,5.74,28.4
2026-02-17 14:15:00,SELL,4893.06,4881.06,4899.06,LOSS,-6.0,-6.25,1638.5,0.6817,16.848,53.2
2026-02-17 14:30:00,SELL,4897.74,4885.74,4903.74,WIN,12.0,11.75,1650.25,0.6939,15.882,44.4
2026-02-17 14:35:00,SELL,4881.9,4869.9,4887.9,WIN,12.0,11.75,1662.0,0.687,17.555,43.6
2026-02-17 14:45:00,SELL,4865.4,4853.4,4871.4,LOSS,-6.0,-6.25,1655.75,0.6212,17.559,44.8
2026-02-17 14:50:00,SELL,4874.19,4862.19,4880.19,WIN,12.0,11.75,1667.5,0.6562,18.51,44.8
2026-02-17 14:55:00,SELL,4864.13,4852.13,4870.13,WIN,12.0,11.75,1679.25,0.6313,18.394,44.8
2026-02-17 15:55:00,SELL,4878.26,4866.26,4884.26,LOSS,-6.0,-6.25,1673.0,0.581,13.922,25.0
2026-02-17 16:05:00,SELL,4888.61,4876.61,4894.61,WIN,12.0,11.75,1684.75,0.6326,14.079,26.0
2026-02-17 16:20:00,SELL,4885.89,4873.89,4891.89,WIN,12.0,11.75,1696.5,0.6179,11.947,28.6
2026-02-17 16:25:00,SELL,4883.76,4871.76,4889.76,WIN,12.0,11.75,1708.25,0.6039,11.278,27.7
2026-02-17 19:00:00,SELL,4898.14,4886.14,4904.14,WIN,12.0,11.75,1720.0,0.6858,9.034,50.2
2026-02-17 19:05:00,SELL,4897.78,4885.78,4903.78,WIN,12.0,11.75,1731.75,0.6704,8.622,52.7
2026-02-17 19:10:00,SELL,4893.68,4881.68,4899.68,WIN,12.0,11.75,1743.5,0.684,8.25,53.1
2026-02-17 19:15:00,SELL,4890.27,4878.27,4896.27,WIN,12.0,11.75,1755.25,0.6902,8.223,51.4
2026-02-17 19:20:00,SELL,4890.86,4878.86,4896.86,WIN,12.0,11.75,1767.0,0.6946,8.084,48.0
2026-02-17 19:35:00,SELL,4885.51,4873.51,4891.51,WIN,12.0,11.75,1778.75,0.6885,8.148,33.5
2026-02-17 19:40:00,SELL,4884.47,4872.47,4890.47,WIN,12.0,11.75,1790.5,0.6838,7.796,29.1
2026-02-17 19:45:00,SELL,4884.85,4872.85,4890.85,WIN,12.0,11.75,1802.25,0.6848,7.277,25.8
2026-02-17 20:20:00,SELL,4874.75,4862.75,4880.75,LOSS,-6.0,-6.25,1796.0,0.5555,5.694,28.6
2026-02-19 07:00:00,SELL,5020.19,5008.19,5026.19,WIN,12.0,11.75,1807.75,0.5902,3.713,77.0
2026-02-19 07:05:00,SELL,5020.78,5008.78,5026.78,WIN,12.0,11.75,1819.5,0.6054,3.83,78.0
2026-02-19 07:10:00,SELL,5017.97,5005.97,5023.97,WIN,12.0,11.75,1831.25,0.5577,3.916,79.0
2026-02-19 07:15:00,SELL,5016.85,5004.85,5022.85,WIN,12.0,11.75,1843.0,0.5398,3.958,76.2
2026-02-19 07:20:00,SELL,5016.48,5004.48,5022.48,WIN,12.0,11.75,1854.75,0.5625,3.741,72.3
2026-02-19 07:25:00,SELL,5017.67,5005.67,5023.67,WIN,12.0,11.75,1866.5,0.5634,3.798,70.5
2026-02-19 07:30:00,SELL,5018.58,5006.58,5024.58,WIN,12.0,11.75,1878.25,0.5968,3.637,69.0
2026-02-19 07:35:00,SELL,5017.33,5005.33,5023.33,WIN,12.0,11.75,1890.0,0.5826,3.563,66.5
2026-02-19 16:30:00,SELL,5003.08,4991.08,5009.08,WIN,12.0,11.75,1901.75,0.6302,7.615,37.4
2026-02-19 16:35:00,SELL,5002.97,4990.97,5008.97,WIN,12.0,11.75,1913.5,0.6087,7.399,37.9
2026-02-19 16:40:00,SELL,5006.34,4994.34,5012.34,WIN,12.0,11.75,1925.25,0.6235,7.201,35.9
2026-02-19 16:45:00,SELL,5003.56,4991.56,5009.56,WIN,12.0,11.75,1937.0,0.6228,7.351,36.0
2026-02-19 16:50:00,SELL,5002.76,4990.76,5008.76,WIN,12.0,11.75,1948.75,0.6223,7.308,36.7
2026-02-19 17:05:00,SELL,4996.14,4984.14,5002.14,WIN,12.0,11.75,1960.5,0.7777,7.688,41.8
2026-02-19 17:10:00,SELL,4996.76,4984.76,5002.76,WIN,12.0,11.75,1972.25,0.7753,7.168,41.8
2026-02-19 17:15:00,SELL,4998.18,4986.18,5004.18,WIN,12.0,11.75,1984.0,0.777,7.136,43.2
2026-02-19 17:20:00,SELL,4999.43,4987.43,5005.43,WIN,12.0,11.75,1995.75,0.7765,6.766,42.3
2026-02-19 17:25:00,SELL,4993.86,4981.86,4999.86,WIN,12.0,11.75,2007.5,0.7678,6.952,42.9
2026-02-19 17:30:00,SELL,4993.46,4981.46,4999.46,WIN,12.0,11.75,2019.25,0.7683,6.743,44.3
2026-02-19 17:35:00,SELL,4995.24,4983.24,5001.24,WIN,12.0,11.75,2031.0,0.7763,7.099,46.8
2026-02-19 17:40:00,SELL,4993.55,4981.55,4999.55,WIN,12.0,11.75,2042.75,0.7729,6.578,48.9
2026-02-19 17:45:00,SELL,4991.24,4979.24,4997.24,WIN,12.0,11.75,2054.5,0.5682,6.347,51.5
2026-02-19 18:10:00,SELL,4988.05,4976.05,4994.05,WIN,12.0,11.75,2066.25,0.5962,6.761,64.0
2026-02-20 08:05:00,BUY,5006.98,5018.98,5000.98,WIN,12.0,11.75,2078.0,0.7507,6.162,30.2
2026-02-20 08:10:00,BUY,5012.26,5024.26,5006.26,WIN,12.0,11.75,2089.75,0.7074,6.409,29.5
2026-02-20 08:15:00,BUY,5013.77,5025.77,5007.77,WIN,12.0,11.75,2101.5,0.6857,5.887,28.2
2026-02-20 10:00:00,BUY,5024.91,5036.91,5018.91,WIN,12.0,11.75,2113.25,0.6695,4.522,32.9
2026-02-20 10:05:00,BUY,5024.93,5036.93,5018.93,WIN,12.0,11.75,2125.0,0.6661,4.355,33.6
2026-02-20 10:10:00,BUY,5025.83,5037.83,5019.83,WIN,12.0,11.75,2136.75,0.6456,4.711,35.2
2026-02-20 10:20:00,BUY,5026.02,5038.02,5020.02,WIN,12.0,11.75,2148.5,0.6967,4.821,29.2
2026-02-20 12:00:00,BUY,5020.65,5032.65,5014.65,LOSS,-6.0,-6.25,2142.25,0.6317,6.178,28.1
2026-02-20 12:05:00,BUY,5022.97,5034.97,5016.97,LOSS,-6.0,-6.25,2136.0,0.5922,6.1,28.4
2026-02-20 12:10:00,BUY,5022.45,5034.45,5016.45,LOSS,-6.0,-6.25,2129.75,0.5879,5.793,28.7
2026-02-20 12:15:00,BUY,5019.51,5031.51,5013.51,LOSS,-6.0,-6.25,2123.5,0.626,5.893,29.9
2026-02-20 12:25:00,BUY,5012.16,5024.16,5006.16,WIN,12.0,11.75,2135.25,0.6789,5.957,35.1
2026-02-20 12:30:00,BUY,5021.2,5033.2,5015.2,WIN,12.0,11.75,2147.0,0.5807,7.272,35.3
2026-02-20 12:35:00,BUY,5022.48,5034.48,5016.48,WIN,12.0,11.75,2158.75,0.5711,6.753,34.3
2026-02-20 12:45:00,BUY,5022.57,5034.57,5016.57,WIN,12.0,11.75,2170.5,0.5615,6.242,32.2
2026-02-20 12:50:00,BUY,5022.41,5034.41,5016.41,WIN,12.0,11.75,2182.25,0.5533,5.648,31.6
2026-02-20 15:00:00,BUY,5027.24,5039.24,5021.24,LOSS,-6.0,-6.25,2176.0,0.6048,13.646,33.8
2026-02-20 15:05:00,BUY,5022.2,5034.2,5016.2,LOSS,-6.0,-6.25,2169.75,0.6196,17.35,37.4
2026-02-20 15:10:00,BUY,5022.32,5034.32,5016.32,WIN,12.0,11.75,2181.5,0.6046,17.582,40.5
2026-02-20 15:20:00,BUY,5023.93,5035.93,5017.93,LOSS,-6.0,-6.25,2175.25,0.6035,18.22,36.4
2026-02-20 15:30:00,BUY,5025.36,5037.36,5019.36,WIN,12.0,11.75,2187.0,0.5928,17.218,35.4
2026-02-20 18:25:00,BUY,5058.56,5070.56,5052.56,WIN,12.0,11.75,2198.75,0.6173,7.167,26.1
2026-02-23 07:00:00,BUY,5140.16,5152.16,5134.16,WIN,12.0,11.75,2210.5,0.6597,5.599,44.6
2026-02-23 07:05:00,BUY,5150.9,5162.9,5144.9,LOSS,-6.0,-6.25,2204.25,0.6049,7.039,43.7
2026-02-23 07:10:00,BUY,5147.08,5159.08,5141.08,LOSS,-6.0,-6.25,2198.0,0.625,6.641,42.9
2026-02-23 07:15:00,BUY,5144.79,5156.79,5138.79,LOSS,-6.0,-6.25,2191.75,0.6489,6.395,43.3
2026-02-23 07:20:00,BUY,5139.15,5151.15,5133.15,LOSS,-6.0,-6.25,2185.5,0.665,6.835,46.1
2026-02-23 07:25:00,BUY,5136.29,5148.29,5130.29,LOSS,-6.0,-6.25,2179.25,0.6904,7.931,50.2
2026-02-23 07:40:00,BUY,5136.61,5148.61,5130.61,LOSS,-6.0,-6.25,2173.0,0.6993,7.589,57.6
2026-02-23 07:45:00,BUY,5136.55,5148.55,5130.55,LOSS,-6.0,-6.25,2166.75,0.6808,6.949,57.1
2026-02-23 07:50:00,BUY,5136.83,5148.83,5130.83,LOSS,-6.0,-6.25,2160.5,0.6771,6.554,55.4
2026-02-23 07:55:00,BUY,5136.73,5148.73,5130.73,LOSS,-6.0,-6.25,2154.25,0.6779,6.117,53.8
2026-02-23 08:00:00,BUY,5134.51,5146.51,5128.51,LOSS,-6.0,-6.25,2148.0,0.7123,6.308,54.1
2026-02-23 08:05:00,BUY,5136.83,5148.83,5130.83,LOSS,-6.0,-6.25,2141.75,0.6855,6.363,53.3
2026-02-23 08:10:00,BUY,5138.1,5150.1,5132.1,LOSS,-6.0,-6.25,2135.5,0.6754,5.978,52.6
2026-02-23 08:15:00,BUY,5136.21,5148.21,5130.21,LOSS,-6.0,-6.25,2129.25,0.6699,5.818,50.7
2026-02-23 08:20:00,BUY,5128.18,5140.18,5122.18,WIN,12.0,11.75,2141.0,0.6968,6.376,51.6
2026-02-23 08:25:00,BUY,5125.3,5137.3,5119.3,WIN,12.0,11.75,2152.75,0.7067,6.628,53.7
2026-02-23 08:35:00,BUY,5127.36,5139.36,5121.36,WIN,12.0,11.75,2164.5,0.6784,6.833,54.1
2026-02-23 08:40:00,BUY,5128.29,5140.29,5122.29,WIN,12.0,11.75,2176.25,0.6798,6.409,54.9
2026-02-23 08:45:00,BUY,5133.87,5145.87,5127.87,WIN,12.0,11.75,2188.0,0.6637,6.482,49.9
2026-02-23 08:50:00,BUY,5137.65,5149.65,5131.65,WIN,12.0,11.75,2199.75,0.6357,6.303,43.3
2026-02-23 08:55:00,BUY,5140.03,5152.03,5134.03,WIN,12.0,11.75,2211.5,0.6235,6.051,39.7
2026-02-23 09:00:00,BUY,5141.99,5153.99,5135.99,WIN,12.0,11.75,2223.25,0.631,5.729,37.1
2026-02-23 09:05:00,BUY,5143.99,5155.99,5137.99,WIN,12.0,11.75,2235.0,0.614,5.696,36.1
2026-02-23 09:10:00,BUY,5145.72,5157.72,5139.72,WIN,12.0,11.75,2246.75,0.5972,5.424,35.9
2026-02-23 09:15:00,BUY,5145.91,5157.91,5139.91,WIN,12.0,11.75,2258.5,0.598,5.043,36.0
2026-02-23 09:35:00,BUY,5145.45,5157.45,5139.45,WIN,12.0,11.75,2270.25,0.6283,4.529,34.9
2026-02-23 14:00:00,BUY,5149.46,5161.46,5143.46,WIN,12.0,11.75,2282.0,0.786,5.623,39.4
2026-02-23 16:00:00,BUY,5180.0,5192.0,5174.0,WIN,12.0,11.75,2293.75,0.6814,11.056,27.9
2026-02-23 17:45:00,BUY,5199.83,5211.83,5193.83,WIN,12.0,11.75,2305.5,0.535,7.757,28.2
2026-02-24 07:05:00,BUY,5167.14,5179.14,5161.14,WIN,12.0,11.75,2317.25,0.5638,6.716,42.0
2026-02-24 15:00:00,BUY,5125.3,5137.3,5119.3,WIN,12.0,11.75,2329.0,0.6207,12.333,29.6
2026-02-24 19:15:00,BUY,5149.05,5161.05,5143.05,WIN,12.0,11.75,2340.75,0.5338,5.48,25.0
2026-02-24 19:20:00,BUY,5147.49,5159.49,5141.49,WIN,12.0,11.75,2352.5,0.5665,5.464,28.0
2026-02-24 19:25:00,BUY,5151.34,5163.34,5145.34,WIN,12.0,11.75,2364.25,0.5277,5.451,29.5
2026-02-25 07:50:00,BUY,5182.25,5194.25,5176.25,WIN,12.0,11.75,2376.0,0.5772,5.157,40.9
2026-02-25 07:55:00,BUY,5184.64,5196.64,5178.64,WIN,12.0,11.75,2387.75,0.5687,4.974,43.4
2026-02-25 09:00:00,BUY,5181.6,5193.6,5175.6,WIN,12.0,11.75,2399.5,0.6297,5.099,31.1
2026-02-25 09:30:00,BUY,5189.48,5201.48,5183.48,LOSS,-6.0,-6.25,2393.25,0.5709,4.415,31.4
2026-02-25 09:35:00,BUY,5190.74,5202.74,5184.74,LOSS,-6.0,-6.25,2387.0,0.5549,4.405,28.7
2026-02-25 09:40:00,BUY,5190.92,5202.92,5184.92,LOSS,-6.0,-6.25,2380.75,0.5468,4.109,26.3
2026-02-25 10:25:00,BUY,5175.24,5187.24,5169.24,LOSS,-6.0,-6.25,2374.5,0.5524,5.536,30.7
2026-02-25 10:40:00,BUY,5176.92,5188.92,5170.92,LOSS,-6.0,-6.25,2368.25,0.5537,5.572,34.3
2026-02-25 10:45:00,BUY,5175.3,5187.3,5169.3,LOSS,-6.0,-6.25,2362.0,0.5573,5.212,33.9
2026-02-25 10:50:00,BUY,5174.6,5186.6,5168.6,LOSS,-6.0,-6.25,2355.75,0.5709,4.978,34.7
2026-02-25 10:55:00,BUY,5175.16,5187.16,5169.16,LOSS,-6.0,-6.25,2349.5,0.5598,4.673,34.9
2026-02-25 11:00:00,BUY,5171.12,5183.12,5165.12,LOSS,-6.0,-6.25,2343.25,0.7414,4.602,36.4
2026-02-25 11:05:00,BUY,5169.73,5181.73,5163.73,LOSS,-6.0,-6.25,2337.0,0.7598,4.876,37.7
2026-02-25 11:15:00,BUY,5159.56,5171.56,5153.56,WIN,12.0,11.75,2348.75,0.7806,5.963,45.7
2026-02-25 11:20:00,BUY,5164.83,5176.83,5158.83,WIN,12.0,11.75,2360.5,0.7667,6.151,49.6
2026-02-25 11:25:00,BUY,5168.48,5180.48,5162.48,WIN,12.0,11.75,2372.25,0.7655,5.964,49.0
2026-02-25 11:30:00,BUY,5169.8,5181.8,5163.8,WIN,12.0,11.75,2384.0,0.7687,5.798,45.8
2026-02-25 11:35:00,BUY,5167.42,5179.42,5161.42,WIN,12.0,11.75,2395.75,0.7443,5.485,43.3
2026-02-25 11:40:00,BUY,5173.22,5185.22,5167.22,WIN,12.0,11.75,2407.5,0.7336,5.722,38.8
2026-02-25 11:45:00,BUY,5172.96,5184.96,5166.96,WIN,12.0,11.75,2419.25,0.7352,5.244,34.5
2026-02-25 11:50:00,BUY,5173.27,5185.27,5167.27,WIN,12.0,11.75,2431.0,0.7284,5.081,30.0
2026-02-25 14:30:00,BUY,5174.27,5186.27,5168.27,LOSS,-6.0,-6.25,2424.75,0.8122,5.742,29.1
2026-02-25 14:35:00,BUY,5159.97,5171.97,5153.97,WIN,12.0,11.75,2436.5,0.8191,7.298,35.5
2026-02-25 14:40:00,BUY,5175.1,5187.1,5169.1,WIN,12.0,11.75,2448.25,0.7893,8.55,40.9
2026-02-25 19:05:00,BUY,5194.53,5206.53,5188.53,WIN,12.0,11.75,2460.0,0.6361,3.171,50.3
2026-02-26 07:05:00,BUY,5184.86,5196.86,5178.86,LOSS,-6.0,-6.25,2453.75,0.5588,5.431,32.6
2026-02-26 07:20:00,BUY,5186.03,5198.03,5180.03,LOSS,-6.0,-6.25,2447.5,0.5309,5.718,36.4
2026-02-26 07:25:00,BUY,5184.94,5196.94,5178.94,LOSS,-6.0,-6.25,2441.25,0.5444,5.428,37.3
2026-02-26 07:30:00,BUY,5185.95,5197.95,5179.95,LOSS,-6.0,-6.25,2435.0,0.5211,5.244,36.8
2026-02-26 09:00:00,BUY,5174.53,5186.53,5168.53,WIN,12.0,11.75,2446.75,0.5747,6.447,36.6
2026-02-26 09:05:00,BUY,5177.6,5189.6,5171.6,WIN,12.0,11.75,2458.5,0.5651,6.196,37.3
2026-02-26 09:15:00,BUY,5177.12,5189.12,5171.12,WIN,12.0,11.75,2470.25,0.5427,6.107,32.3
2026-02-26 09:20:00,BUY,5176.59,5188.59,5170.59,WIN,12.0,11.75,2482.0,0.5717,5.617,31.3
2026-02-26 12:00:00,BUY,5165.36,5177.36,5159.36,WIN,12.0,11.75,2493.75,0.7136,5.425,45.5
2026-02-26 12:05:00,BUY,5168.73,5180.73,5162.73,WIN,12.0,11.75,2505.5,0.6955,5.485,46.1
2026-02-26 12:10:00,BUY,5168.14,5180.14,5162.14,WIN,12.0,11.75,2517.25,0.6998,5.189,45.6
2026-02-26 12:15:00,BUY,5171.9,5183.9,5165.9,WIN,12.0,11.75,2529.0,0.6794,5.548,41.5
2026-02-26 15:00:00,BUY,5167.76,5179.76,5161.76,LOSS,-6.0,-6.25,2522.75,0.7834,10.375,46.4
2026-02-26 15:05:00,BUY,5167.11,5179.11,5161.11,LOSS,-6.0,-6.25,2516.5,0.7841,9.873,47.8
2026-02-26 15:10:00,BUY,5162.45,5174.45,5156.45,LOSS,-6.0,-6.25,2510.25,0.7894,9.981,48.3
2026-02-26 15:15:00,BUY,5158.7,5170.7,5152.7,LOSS,-6.0,-6.25,2504.0,0.792,10.425,50.6
2026-02-26 15:20:00,BUY,5154.59,5166.59,5148.59,LOSS,-6.0,-6.25,2497.75,0.8052,10.404,52.7
2026-02-26 15:25:00,BUY,5141.44,5153.44,5135.44,WIN,12.0,11.75,2509.5,0.8148,12.731,56.5
2026-02-26 15:30:00,BUY,5153.51,5165.51,5147.51,WIN,12.0,11.75,2521.25,0.7939,13.189,59.8
2026-02-26 15:35:00,BUY,5168.92,5180.92,5162.92,WIN,12.0,11.75,2533.0,0.7702,13.667,56.3
2026-02-26 16:10:00,BUY,5176.46,5188.46,5170.46,WIN,12.0,11.75,2544.75,0.6091,10.397,26.8
2026-02-26 18:15:00,BUY,5174.43,5186.43,5168.43,LOSS,-6.0,-6.25,2538.5,0.706,6.094,28.4
2026-02-26 18:20:00,BUY,5174.51,5186.51,5168.51,LOSS,-6.0,-6.25,2532.25,0.6979,5.674,25.9
2026-02-27 08:00:00,BUY,5180.56,5192.56,5174.56,LOSS,-6.0,-6.25,2526.0,0.5296,4.823,39.0
2026-02-27 10:30:00,BUY,5171.67,5183.67,5165.67,WIN,12.0,11.75,2537.75,0.5211,5.27,25.9
2026-02-27 13:40:00,BUY,5216.45,5228.45,5210.45,WIN,12.0,11.75,2549.5,0.6143,9.794,50.8
2026-02-27 13:45:00,BUY,5213.33,5225.33,5207.33,WIN,12.0,11.75,2561.25,0.6189,9.595,45.4
2026-02-27 13:50:00,BUY,5216.9,5228.9,5210.9,WIN,12.0,11.75,2573.0,0.5895,9.234,40.5
2026-02-27 14:05:00,BUY,5219.53,5231.53,5213.53,WIN,12.0,11.75,2584.75,0.5952,9.439,35.3
2026-02-27 16:25:00,BUY,5234.34,5246.34,5228.34,LOSS,-6.0,-6.25,2578.5,0.5758,11.774,32.4
2026-02-27 16:35:00,BUY,5235.61,5247.61,5229.61,LOSS,-6.0,-6.25,2572.25,0.5911,10.977,28.5
2026-02-27 16:40:00,BUY,5235.41,5247.41,5229.41,LOSS,-6.0,-6.25,2566.0,0.5848,10.2,27.0
2026-02-27 16:45:00,BUY,5234.54,5246.54,5228.54,LOSS,-6.0,-6.25,2559.75,0.597,9.57,26.1
2026-02-27 17:05:00,BUY,5232.99,5244.99,5226.99,LOSS,-6.0,-6.25,2553.5,0.6381,7.956,25.9
2026-02-27 17:30:00,BUY,5228.36,5240.36,5222.36,WIN,12.0,11.75,2565.25,0.6938,7.362,31.9
2026-02-27 17:45:00,BUY,5236.13,5248.13,5230.13,LOSS,-6.0,-6.25,2559.0,0.6295,6.836,28.2
2026-02-27 18:30:00,BUY,5228.71,5240.71,5222.71,WIN,12.0,11.75,2570.75,0.7732,5.803,26.7
2026-02-27 18:35:00,BUY,5231.03,5243.03,5225.03,WIN,12.0,11.75,2582.5,0.7538,5.532,29.8
2026-02-27 18:40:00,BUY,5239.48,5251.48,5233.48,WIN,12.0,11.75,2594.25,0.6809,6.088,27.0
2026-03-02 09:30:00,BUY,5397.25,5409.25,5391.25,LOSS,-6.0,-6.25,2588.0,0.5978,8.203,31.6
2026-03-02 09:35:00,BUY,5395.32,5407.32,5389.32,LOSS,-6.0,-6.25,2581.75,0.6634,7.766,28.4
2026-03-02 09:40:00,BUY,5396.88,5408.88,5390.88,LOSS,-6.0,-6.25,2575.5,0.5888,7.204,25.7
2026-03-02 09:50:00,BUY,5392.74,5404.74,5386.74,LOSS,-6.0,-6.25,2569.25,0.7004,7.659,28.2
2026-03-02 09:55:00,BUY,5391.81,5403.81,5385.81,LOSS,-6.0,-6.25,2563.0,0.709,7.195,29.5
2026-03-02 10:20:00,BUY,5388.2,5400.2,5382.2,WIN,12.0,11.75,2574.75,0.7407,7.098,41.2
2026-03-02 10:40:00,BUY,5400.16,5412.16,5394.16,LOSS,-6.0,-6.25,2568.5,0.6282,7.254,33.3
2026-03-02 10:45:00,BUY,5395.05,5407.05,5389.05,LOSS,-6.0,-6.25,2562.25,0.6798,7.116,29.8
2026-03-02 10:50:00,BUY,5386.22,5398.22,5380.22,WIN,12.0,11.75,2574.0,0.7258,7.849,30.8
2026-03-02 11:05:00,BUY,5385.76,5397.76,5379.76,WIN,12.0,11.75,2585.75,0.7427,7.451,28.9
2026-03-02 11:15:00,BUY,5393.89,5405.89,5387.89,LOSS,-6.0,-6.25,2579.5,0.6659,7.619,25.8
2026-03-02 14:30:00,BUY,5316.77,5328.77,5310.77,WIN,12.0,11.75,2591.25,0.5728,20.537,46.0
2026-03-02 17:05:00,BUY,5304.07,5316.07,5298.07,LOSS,-6.0,-6.25,2585.0,0.5723,15.952,40.2
2026-03-02 17:15:00,BUY,5296.29,5308.29,5290.29,WIN,12.0,11.75,2596.75,0.5893,14.181,37.0
2026-03-02 17:20:00,BUY,5304.71,5316.71,5298.71,WIN,12.0,11.75,2608.5,0.5733,13.579,33.5
2026-03-02 17:25:00,BUY,5304.55,5316.55,5298.55,WIN,12.0,11.75,2620.25,0.5885,13.058,29.9
2026-03-03 07:00:00,BUY,5313.93,5325.93,5307.93,WIN,12.0,11.75,2632.0,0.6627,13.14,60.1
2026-03-03 07:05:00,BUY,5313.39,5325.39,5307.39,WIN,12.0,11.75,2643.75,0.6872,12.161,56.6
2026-03-03 07:10:00,BUY,5314.98,5326.98,5308.98,WIN,12.0,11.75,2655.5,0.6638,11.428,54.3
2026-03-03 07:15:00,BUY,5316.87,5328.87,5310.87,WIN,12.0,11.75,2667.25,0.6661,11.288,50.2
2026-03-03 07:20:00,BUY,5312.68,5324.68,5306.68,WIN,12.0,11.75,2679.0,0.6582,10.696,46.7
2026-03-03 07:25:00,BUY,5313.48,5325.48,5307.48,WIN,12.0,11.75,2690.75,0.6422,10.2,43.5
2026-03-03 07:30:00,BUY,5320.78,5332.78,5314.78,WIN,12.0,11.75,2702.5,0.5955,9.814,39.3
2026-03-03 12:00:00,BUY,5154.05,5166.05,5148.05,WIN,12.0,11.75,2714.25,0.6877,29.132,65.7
2026-03-03 12:05:00,BUY,5177.1,5189.1,5171.1,WIN,12.0,11.75,2726.0,0.6935,28.676,59.4
2026-03-03 12:25:00,BUY,5204.21,5216.21,5198.21,LOSS,-6.0,-6.25,2719.75,0.6131,22.969,36.3
2026-03-03 12:30:00,BUY,5199.23,5211.23,5193.23,WIN,12.0,11.75,2731.5,0.6166,23.057,33.2
2026-03-03 15:00:00,BUY,5032.85,5044.85,5026.85,WIN,12.0,11.75,2743.25,0.6599,31.124,56.3
2026-03-03 15:05:00,BUY,5045.73,5057.73,5039.73,LOSS,-6.0,-6.25,2737.0,0.6504,32.137,57.8
2026-03-03 15:10:00,BUY,5039.88,5051.88,5033.88,LOSS,-6.0,-6.25,2730.75,0.6676,31.619,59.0
2026-03-03 15:15:00,BUY,5025.02,5037.02,5019.02,WIN,12.0,11.75,2742.5,0.6661,33.945,61.4
2026-03-03 15:20:00,BUY,5040.18,5052.18,5034.18,WIN,12.0,11.75,2754.25,0.6642,33.091,63.0
2026-03-03 15:25:00,BUY,5043.78,5055.78,5037.78,WIN,12.0,11.75,2766.0,0.667,30.752,62.6
2026-03-03 15:30:00,BUY,5057.22,5069.22,5051.22,WIN,12.0,11.75,2777.75,0.6379,29.984,60.1
2026-03-03 15:35:00,BUY,5067.33,5079.33,5061.33,LOSS,-6.0,-6.25,2771.5,0.6215,28.496,56.1
2026-03-03 15:40:00,BUY,5061.77,5073.77,5055.77,WIN,12.0,11.75,2783.25,0.6524,26.611,52.4
2026-03-03 15:45:00,BUY,5073.37,5085.37,5067.37,WIN,12.0,11.75,2795.0,0.5949,26.087,47.9
2026-03-04 08:05:00,BUY,5148.82,5160.82,5142.82,WIN,12.0,11.75,2806.75,0.7666,9.138,29.6
2026-03-04 08:10:00,BUY,5157.17,5169.17,5151.17,WIN,12.0,11.75,2818.5,0.7513,9.105,31.8
2026-03-04 08:15:00,BUY,5154.66,5166.66,5148.66,WIN,12.0,11.75,2830.25,0.7741,9.109,31.3
2026-03-04 17:35:00,BUY,5134.12,5146.12,5128.12,WIN,12.0,11.75,2842.0,0.5793,10.078,33.9
2026-03-04 19:15:00,BUY,5127.33,5139.33,5121.33,WIN,12.0,11.75,2853.75,0.5857,8.136,36.2
2026-03-04 19:20:00,BUY,5127.09,5139.09,5121.09,WIN,12.0,11.75,2865.5,0.5867,7.507,36.2
2026-03-04 19:25:00,BUY,5124.8,5136.8,5118.8,WIN,12.0,11.75,2877.25,0.5827,7.033,36.9
2026-03-04 19:30:00,BUY,5127.19,5139.19,5121.19,WIN,12.0,11.75,2889.0,0.5916,7.042,35.8
2026-03-04 19:35:00,BUY,5127.38,5139.38,5121.38,WIN,12.0,11.75,2900.75,0.5916,6.691,34.8
2026-03-05 08:10:00,BUY,5141.9,5153.9,5135.9,WIN,12.0,11.75,2912.5,0.751,7.202,26.8
2026-03-05 08:15:00,BUY,5140.04,5152.04,5134.04,WIN,12.0,11.75,2924.25,0.7656,6.887,32.3
2026-03-05 08:20:00,BUY,5145.66,5157.66,5139.66,WIN,12.0,11.75,2936.0,0.7598,7.424,33.7
2026-03-05 08:25:00,BUY,5144.19,5156.19,5138.19,WIN,12.0,11.75,2947.75,0.7624,7.102,34.9
2026-03-05 08:30:00,BUY,5150.11,5162.11,5144.11,WIN,12.0,11.75,2959.5,0.7457,7.475,31.4
2026-03-05 08:35:00,BUY,5159.95,5171.95,5153.95,WIN,12.0,11.75,2971.25,0.7243,8.089,30.1
2026-03-05 08:40:00,BUY,5161.01,5173.01,5155.01,WIN,12.0,11.75,2983.0,0.7167,7.695,29.5
2026-03-05 10:00:00,BUY,5150.1,5162.1,5144.1,WIN,12.0,11.75,2994.75,0.6986,8.105,35.7
2026-03-05 10:05:00,BUY,5150.96,5162.96,5144.96,WIN,12.0,11.75,3006.5,0.7026,7.857,39.6
2026-03-05 10:30:00,BUY,5153.38,5165.38,5147.38,WIN,12.0,11.75,3018.25,0.7093,6.272,37.3
2026-03-05 10:35:00,BUY,5156.03,5168.03,5150.03,WIN,12.0,11.75,3030.0,0.6895,6.851,37.7
2026-03-05 10:40:00,BUY,5157.06,5169.06,5151.06,WIN,12.0,11.75,3041.75,0.6826,6.384,38.1
2026-03-05 14:00:00,SELL,5128.72,5116.72,5134.72,WIN,12.0,11.75,3053.5,0.7092,15.328,57.3
2026-03-05 14:05:00,SELL,5121.11,5109.11,5127.11,WIN,12.0,11.75,3065.25,0.713,14.736,55.8
2026-03-05 14:15:00,SELL,5108.55,5096.55,5114.55,LOSS,-6.0,-6.25,3059.0,0.6444,14.291,56.5
2026-03-05 14:25:00,SELL,5120.36,5108.36,5126.36,WIN,12.0,11.75,3070.75,0.6972,13.398,54.9
2026-03-05 14:30:00,SELL,5122.66,5110.66,5128.66,WIN,12.0,11.75,3082.5,0.7048,14.031,52.9
2026-03-05 14:40:00,SELL,5097.15,5085.15,5103.15,LOSS,-6.0,-6.25,3076.25,0.6336,16.784,53.3
2026-03-05 14:45:00,SELL,5097.42,5085.42,5103.42,LOSS,-6.0,-6.25,3070.0,0.6385,16.667,53.4
2026-03-05 14:50:00,SELL,5102.48,5090.48,5108.48,LOSS,-6.0,-6.25,3063.75,0.6776,16.022,53.5
2026-03-05 14:55:00,SELL,5102.16,5090.16,5108.16,LOSS,-6.0,-6.25,3057.5,0.6763,15.665,50.8
2026-03-05 15:15:00,SELL,5087.28,5075.28,5093.28,LOSS,-6.0,-6.25,3051.25,0.6733,20.053,46.2
2026-03-05 15:30:00,SELL,5092.69,5080.69,5098.69,WIN,12.0,11.75,3063.0,0.6883,17.393,44.7
2026-03-05 15:35:00,SELL,5083.33,5071.33,5089.33,LOSS,-6.0,-6.25,3056.75,0.6507,16.995,43.4
2026-03-05 15:40:00,SELL,5080.28,5068.28,5086.28,LOSS,-6.0,-6.25,3050.5,0.607,16.224,42.6
2026-03-05 15:45:00,SELL,5088.18,5076.18,5094.18,LOSS,-6.0,-6.25,3044.25,0.6524,15.727,40.5
2026-03-05 15:55:00,SELL,5102.46,5090.46,5108.46,WIN,12.0,11.75,3056.0,0.6985,14.593,32.0
2026-03-05 16:00:00,SELL,5094.08,5082.08,5100.08,WIN,12.0,11.75,3067.75,0.6895,14.109,28.8
2026-03-05 16:10:00,SELL,5083.07,5071.07,5089.07,WIN,12.0,11.75,3079.5,0.6939,14.03,29.5
2026-03-05 16:15:00,SELL,5078.05,5066.05,5084.05,WIN,12.0,11.75,3091.25,0.633,13.884,29.8
2026-03-05 16:40:00,SELL,5070.51,5058.51,5076.51,LOSS,-6.0,-6.25,3085.0,0.6108,13.544,38.9
2026-03-05 17:00:00,SELL,5086.33,5074.33,5092.33,WIN,12.0,11.75,3096.75,0.7008,11.979,26.8
2026-03-05 17:05:00,SELL,5086.93,5074.93,5092.93,WIN,12.0,11.75,3108.5,0.6988,11.24,25.4
2026-03-05 18:20:00,SELL,5065.93,5053.93,5071.93,LOSS,-6.0,-6.25,3102.25,0.6729,9.718,35.7
2026-03-05 18:25:00,SELL,5071.19,5059.19,5077.19,LOSS,-6.0,-6.25,3096.0,0.6871,9.851,36.1
2026-03-05 18:35:00,SELL,5080.64,5068.64,5086.64,WIN,12.0,11.75,3107.75,0.7307,9.795,28.1
2026-03-05 18:40:00,SELL,5082.93,5070.93,5088.93,WIN,12.0,11.75,3119.5,0.7298,9.218,26.3
2026-03-05 19:45:00,SELL,5067.51,5055.51,5073.51,LOSS,-6.0,-6.25,3113.25,0.7292,8.003,29.8
2026-03-05 20:15:00,SELL,5090.43,5078.43,5096.43,WIN,12.0,11.75,3125.0,0.7697,9.23,28.2
2026-03-05 20:30:00,SELL,5076.72,5064.72,5082.72,LOSS,-6.0,-6.25,3118.75,0.7679,9.561,33.2
2026-03-05 20:50:00,SELL,5076.61,5064.61,5082.61,LOSS,-6.0,-6.25,3112.5,0.7706,8.694,28.6
2026-03-05 20:55:00,SELL,5076.66,5064.66,5082.66,LOSS,-6.0,-6.25,3106.25,0.7703,8.319,26.9
2026-03-06 11:20:00,SELL,5095.49,5083.49,5101.49,WIN,12.0,11.75,3118.0,0.6451,7.081,25.0
2026-03-06 11:25:00,SELL,5094.63,5082.63,5100.63,WIN,12.0,11.75,3129.75,0.6413,6.414,25.3
2026-03-06 12:15:00,SELL,5095.57,5083.57,5101.57,WIN,12.0,11.75,3141.5,0.675,8.046,25.5
2026-03-06 13:20:00,SELL,5084.26,5072.26,5090.26,LOSS,-6.0,-6.25,3135.25,0.6482,8.309,29.4
2026-03-06 13:25:00,SELL,5083.5,5071.5,5089.5,LOSS,-6.0,-6.25,3129.0,0.6312,8.336,25.9
2026-03-06 13:35:00,SELL,5123.79,5111.79,5129.79,WIN,12.0,11.75,3140.75,0.8087,12.775,34.8
2026-03-06 13:40:00,SELL,5121.88,5109.88,5127.88,WIN,12.0,11.75,3152.5,0.8106,12.715,36.3
2026-03-06 13:45:00,SELL,5117.03,5105.03,5123.03,WIN,12.0,11.75,3164.25,0.8014,12.447,37.0
2026-03-06 13:50:00,SELL,5102.21,5090.21,5108.21,WIN,12.0,11.75,3176.0,0.6979,13.501,34.1
2026-03-06 13:55:00,SELL,5084.85,5072.85,5090.85,LOSS,-6.0,-6.25,3169.75,0.6746,15.513,33.1
2026-03-06 15:35:00,SELL,5156.62,5144.62,5162.62,WIN,12.0,11.75,3181.5,0.5765,15.191,43.0
2026-03-06 16:00:00,SELL,5149.64,5137.64,5155.64,WIN,12.0,11.75,3193.25,0.6114,13.116,27.0
2026-03-09 07:45:00,SELL,5096.79,5084.79,5102.79,LOSS,-6.0,-6.25,3187.0,0.5205,7.526,30.2
2026-03-09 08:00:00,SELL,5109.29,5097.29,5115.29,WIN,12.0,11.75,3198.75,0.7486,7.807,29.7
2026-03-09 09:20:00,SELL,5118.13,5106.13,5124.13,LOSS,-6.0,-6.25,3192.5,0.6263,8.744,28.4
2026-03-09 09:30:00,SELL,5128.65,5116.65,5134.65,WIN,12.0,11.75,3204.25,0.6032,8.829,36.9
2026-03-09 09:35:00,SELL,5118.37,5106.37,5124.37,WIN,12.0,11.75,3216.0,0.6205,9.34,36.6
2026-03-09 10:00:00,SELL,5106.59,5094.59,5112.59,WIN,12.0,11.75,3227.75,0.7871,8.594,26.9
2026-03-09 12:00:00,SELL,5097.03,5085.03,5103.03,LOSS,-6.0,-6.25,3221.5,0.5223,7.807,30.8
2026-03-09 12:15:00,SELL,5098.69,5086.69,5104.69,LOSS,-6.0,-6.25,3215.25,0.5211,6.91,28.2
2026-03-09 12:25:00,SELL,5109.24,5097.24,5115.24,WIN,12.0,11.75,3227.0,0.7235,7.174,35.1
2026-03-09 12:30:00,SELL,5109.04,5097.04,5115.04,WIN,12.0,11.75,3238.75,0.7243,6.638,39.0
2026-03-09 12:35:00,SELL,5109.25,5097.25,5115.25,WIN,12.0,11.75,3250.5,0.7262,6.173,40.4
2026-03-09 12:40:00,SELL,5106.84,5094.84,5112.84,WIN,12.0,11.75,3262.25,0.7273,6.259,38.5
2026-03-09 12:45:00,SELL,5100.75,5088.75,5106.75,WIN,12.0,11.75,3274.0,0.5222,6.287,34.0
2026-03-09 13:00:00,SELL,5097.87,5085.87,5103.87,WIN,12.0,11.75,3285.75,0.6792,6.591,31.9
2026-03-09 13:25:00,SELL,5094.87,5082.87,5100.87,LOSS,-6.0,-6.25,3279.5,0.6603,7.436,30.7
2026-03-09 13:30:00,SELL,5109.09,5097.09,5115.09,WIN,12.0,11.75,3291.25,0.8063,8.747,30.2
2026-03-09 13:35:00,SELL,5098.22,5086.22,5104.22,WIN,12.0,11.75,3303.0,0.7033,9.581,30.3
2026-03-09 14:40:00,SELL,5112.49,5100.49,5118.49,WIN,12.0,11.75,3314.75,0.7003,13.185,28.4
2026-03-09 16:05:00,SELL,5106.13,5094.13,5112.13,WIN,12.0,11.75,3326.5,0.5433,7.851,25.4
2026-03-09 16:45:00,SELL,5105.29,5093.29,5111.29,WIN,12.0,11.75,3338.25,0.5429,6.016,25.5
2026-03-09 16:50:00,SELL,5105.01,5093.01,5111.01,WIN,12.0,11.75,3350.0,0.5287,5.771,25.2
2026-03-09 17:55:00,SELL,5096.07,5084.07,5102.07,LOSS,-6.0,-6.25,3343.75,0.5248,5.51,28.4
2026-03-09 20:05:00,SELL,5142.32,5130.32,5148.32,WIN,12.0,11.75,3355.5,0.5455,7.9,44.6
2026-03-09 20:10:00,SELL,5139.78,5127.78,5145.78,WIN,12.0,11.75,3367.25,0.5292,7.594,44.3
2026-03-10 18:15:00,BUY,5172.37,5184.37,5166.37,WIN,12.0,11.75,3379.0,0.6509,13.415,31.2
2026-03-10 19:40:00,BUY,5187.49,5199.49,5181.49,WIN,12.0,11.75,3390.75,0.7748,10.958,40.5
2026-03-11 08:40:00,BUY,5181.66,5193.66,5175.66,WIN,12.0,11.75,3402.5,0.5336,6.433,45.4
2026-03-11 09:00:00,BUY,5183.65,5195.65,5177.65,WIN,12.0,11.75,3414.25,0.5506,5.789,49.0
2026-03-11 09:05:00,BUY,5184.18,5196.18,5178.18,WIN,12.0,11.75,3426.0,0.5492,5.649,50.4
2026-03-11 09:10:00,BUY,5184.11,5196.11,5178.11,WIN,12.0,11.75,3437.75,0.5679,5.481,47.4
2026-03-11 16:00:00,BUY,5166.47,5178.47,5160.47,WIN,12.0,11.75,3449.5,0.5442,7.286,28.2
2026-03-11 16:05:00,BUY,5166.01,5178.01,5160.01,WIN,12.0,11.75,3461.25,0.561,7.014,29.2
2026-03-12 12:10:00,BUY,5168.83,5180.83,5162.83,WIN,12.0,11.75,3473.0,0.765,4.571,39.7
2026-03-12 12:15:00,BUY,5168.33,5180.33,5162.33,WIN,12.0,11.75,3484.75,0.7716,4.636,43.0
2026-03-12 12:20:00,BUY,5170.63,5182.63,5164.63,WIN,12.0,11.75,3496.5,0.7635,5.037,45.8
2026-03-12 12:25:00,BUY,5172.1,5184.1,5166.1,WIN,12.0,11.75,3508.25,0.5836,4.862,45.9
2026-03-12 12:30:00,BUY,5172.49,5184.49,5166.49,WIN,12.0,11.75,3520.0,0.5816,5.003,41.9
2026-03-12 12:35:00,BUY,5169.97,5181.97,5163.97,WIN,12.0,11.75,3531.75,0.7819,5.032,38.6
2026-03-12 12:40:00,BUY,5173.98,5185.98,5167.98,LOSS,-6.0,-6.25,3525.5,0.6128,5.155,36.7
2026-03-12 19:30:00,SELL,5094.72,5082.72,5100.72,WIN,12.0,11.75,3537.25,0.6475,6.992,61.4
2026-03-12 19:35:00,SELL,5094.61,5082.61,5100.61,WIN,12.0,11.75,3549.0,0.6418,6.659,57.9
2026-03-12 19:45:00,SELL,5094.94,5082.94,5100.94,WIN,12.0,11.75,3560.75,0.6717,6.387,53.6
2026-03-12 20:30:00,SELL,5071.08,5059.08,5077.08,LOSS,-6.0,-6.25,3554.5,0.6318,8.407,68.3
2026-03-12 20:35:00,SELL,5070.28,5058.28,5076.28,LOSS,-6.0,-6.25,3548.25,0.6005,8.206,70.7
2026-03-12 20:40:00,SELL,5072.38,5060.38,5078.38,LOSS,-6.0,-6.25,3542.0,0.6033,7.846,72.8
2026-03-12 20:50:00,SELL,5078.55,5066.55,5084.55,LOSS,-6.0,-6.25,3535.75,0.631,7.619,64.5
2026-03-13 07:30:00,SELL,5090.66,5078.66,5096.66,WIN,12.0,11.75,3547.5,0.5948,7.153,53.6
2026-03-13 07:35:00,SELL,5088.15,5076.15,5094.15,WIN,12.0,11.75,3559.25,0.5353,6.835,47.1
2026-03-13 07:40:00,SELL,5089.18,5077.18,5095.18,WIN,12.0,11.75,3571.0,0.5592,6.629,42.0
2026-03-13 08:30:00,SELL,5077.49,5065.49,5083.49,LOSS,-6.0,-6.25,3564.75,0.532,7.833,42.1
2026-03-13 08:35:00,SELL,5081.26,5069.26,5087.26,LOSS,-6.0,-6.25,3558.5,0.5629,7.639,37.2
2026-03-13 08:45:00,SELL,5083.54,5071.54,5089.54,LOSS,-6.0,-6.25,3552.25,0.6137,7.756,28.9
2026-03-13 08:50:00,SELL,5082.14,5070.14,5088.14,LOSS,-6.0,-6.25,3546.0,0.6061,7.446,26.3
2026-03-13 09:00:00,SELL,5093.44,5081.44,5099.44,WIN,12.0,11.75,3557.75,0.6806,7.373,25.6
2026-03-13 09:05:00,SELL,5092.26,5080.26,5098.26,WIN,12.0,11.75,3569.5,0.6912,7.069,27.6
2026-03-13 09:10:00,SELL,5092.08,5080.08,5098.08,WIN,12.0,11.75,3581.25,0.719,6.926,28.0
2026-03-13 13:00:00,SELL,5120.2,5108.2,5126.2,WIN,12.0,11.75,3593.0,0.6968,6.462,39.3
2026-03-13 13:05:00,SELL,5114.49,5102.49,5120.49,WIN,12.0,11.75,3604.75,0.7001,6.639,37.4
2026-03-13 13:10:00,SELL,5112.63,5100.63,5118.63,WIN,12.0,11.75,3616.5,0.715,6.374,32.7
2026-03-13 13:15:00,SELL,5112.17,5100.17,5118.17,WIN,12.0,11.75,3628.25,0.7165,6.245,28.4
2026-03-13 13:20:00,SELL,5113.35,5101.35,5119.35,WIN,12.0,11.75,3640.0,0.719,5.903,25.0
2026-03-13 13:40:00,SELL,5111.97,5099.97,5117.97,WIN,12.0,11.75,3651.75,0.7315,7.464,32.2
2026-03-13 13:45:00,SELL,5110.71,5098.71,5116.71,WIN,12.0,11.75,3663.5,0.7238,7.397,29.0
2026-03-13 13:50:00,SELL,5108.54,5096.54,5114.54,WIN,12.0,11.75,3675.25,0.7294,7.159,28.2
2026-03-13 14:00:00,SELL,5105.33,5093.33,5111.33,WIN,12.0,11.75,3687.0,0.8244,7.795,32.3
2026-03-13 14:05:00,SELL,5100.38,5088.38,5106.38,WIN,12.0,11.75,3698.75,0.7735,7.903,32.9
2026-03-13 15:10:00,SELL,5068.9,5056.9,5074.9,WIN,12.0,11.75,3710.5,0.6528,12.689,60.2
2026-03-13 15:25:00,SELL,5063.1,5051.1,5069.1,WIN,12.0,11.75,3722.25,0.6155,11.734,50.5
2026-03-13 15:30:00,SELL,5064.69,5052.69,5070.69,WIN,12.0,11.75,3734.0,0.6148,11.327,47.9
2026-03-13 15:35:00,SELL,5056.86,5044.86,5062.86,WIN,12.0,11.75,3745.75,0.58,11.157,46.5
2026-03-13 17:15:00,SELL,5061.15,5049.15,5067.15,WIN,12.0,11.75,3757.5,0.5825,8.505,29.2
2026-03-13 17:30:00,SELL,5058.65,5046.65,5064.65,WIN,12.0,11.75,3769.25,0.5732,7.833,29.5
2026-03-13 17:35:00,SELL,5059.53,5047.53,5065.53,WIN,12.0,11.75,3781.0,0.5948,7.592,31.1
2026-03-13 17:40:00,SELL,5053.53,5041.53,5059.53,WIN,12.0,11.75,3792.75,0.5754,7.747,27.4
2026-03-13 17:45:00,SELL,5046.4,5034.4,5052.4,WIN,12.0,11.75,3804.5,0.532,7.937,25.8
2026-03-13 17:50:00,SELL,5045.88,5033.88,5051.88,WIN,12.0,11.75,3816.25,0.5335,7.409,25.1
2026-03-13 17:55:00,SELL,5046.45,5034.45,5052.45,WIN,12.0,11.75,3828.0,0.5629,6.966,25.0
2026-03-13 19:25:00,SELL,5034.87,5022.87,5040.87,WIN,12.0,11.75,3839.75,0.6666,6.42,26.9
2026-03-13 20:40:00,SELL,5024.68,5012.68,5030.68,WIN,12.0,11.75,3851.5,0.5943,6.274,36.2
2026-03-16 07:00:00,SELL,5015.5,5003.5,5021.5,WIN,12.0,11.75,3863.25,0.7604,6.471,34.6
2026-03-16 07:05:00,SELL,5015.17,5003.17,5021.17,WIN,12.0,11.75,3875.0,0.7572,6.527,34.4
2026-03-16 10:55:00,SELL,4998.6,4986.6,5004.6,LOSS,-6.0,-6.25,3868.75,0.5663,6.323,28.3
2026-03-16 11:00:00,SELL,4996.02,4984.02,5002.02,LOSS,-6.0,-6.25,3862.5,0.5782,6.146,31.0
2026-03-16 11:05:00,SELL,4998.66,4986.66,5004.66,LOSS,-6.0,-6.25,3856.25,0.5945,5.845,33.2
2026-03-16 11:10:00,SELL,5002.25,4990.25,5008.25,LOSS,-6.0,-6.25,3850.0,0.5947,6.13,37.2
2026-03-16 11:20:00,SELL,5019.83,5007.83,5025.83,WIN,12.0,11.75,3861.75,0.7301,7.074,46.8
2026-03-16 11:25:00,SELL,5019.12,5007.12,5025.12,WIN,12.0,11.75,3873.5,0.7142,6.838,51.3
2026-03-16 11:30:00,SELL,5018.05,5006.05,5024.05,WIN,12.0,11.75,3885.25,0.7016,6.415,54.3
2026-03-16 11:35:00,SELL,5018.24,5006.24,5024.24,WIN,12.0,11.75,3897.0,0.6942,6.08,56.0
2026-03-16 11:40:00,SELL,5015.54,5003.54,5021.54,WIN,12.0,11.75,3908.75,0.5407,6.015,55.7
2026-03-16 11:45:00,SELL,5011.28,4999.28,5017.28,WIN,12.0,11.75,3920.5,0.546,6.239,52.2
2026-03-16 11:55:00,SELL,4997.07,4985.07,5003.07,LOSS,-6.0,-6.25,3914.25,0.5994,7.51,46.5
2026-03-16 12:45:00,SELL,5017.56,5005.56,5023.56,LOSS,-6.0,-6.25,3908.0,0.5353,7.144,37.2
2026-03-16 12:50:00,SELL,5018.44,5006.44,5024.44,LOSS,-6.0,-6.25,3901.75,0.5481,7.106,33.0
2026-03-16 14:05:00,SELL,5032.81,5020.81,5038.81,WIN,12.0,11.75,3913.5,0.7897,7.82,26.8
2026-03-16 14:10:00,SELL,5028.14,5016.14,5034.14,WIN,12.0,11.75,3925.25,0.7884,8.154,26.6
2026-03-16 14:30:00,SELL,5011.0,4999.0,5017.0,WIN,12.0,11.75,3937.0,0.6275,7.845,27.2
2026-03-16 14:35:00,SELL,5006.22,4994.22,5012.22,WIN,12.0,11.75,3948.75,0.5496,7.757,30.4
2026-03-16 15:15:00,SELL,5004.54,4992.54,5010.54,WIN,12.0,11.75,3960.5,0.6356,8.44,48.3
2026-03-16 15:35:00,SELL,5000.07,4988.07,5006.07,WIN,12.0,11.75,3972.25,0.5973,8.465,44.8
2026-03-16 17:15:00,SELL,5000.95,4988.95,5006.95,WIN,12.0,11.75,3984.0,0.5616,5.986,26.1
2026-03-16 19:30:00,SELL,5009.36,4997.36,5015.36,LOSS,-6.0,-6.25,3977.75,0.5245,4.895,39.6
2026-03-16 20:05:00,SELL,5018.65,5006.65,5024.65,WIN,12.0,11.75,3989.5,0.5796,5.642,34.7
2026-03-16 20:10:00,SELL,5016.89,5004.89,5022.89,WIN,12.0,11.75,4001.25,0.5722,5.546,35.7
2026-03-16 20:15:00,SELL,5014.76,5002.76,5020.76,WIN,12.0,11.75,4013.0,0.5661,5.202,34.4
2026-03-16 20:20:00,SELL,5015.85,5003.85,5021.85,WIN,12.0,11.75,4024.75,0.5718,4.764,33.2
2026-03-16 20:25:00,SELL,5014.26,5002.26,5020.26,WIN,12.0,11.75,4036.5,0.5733,4.554,31.6
2026-03-16 20:30:00,SELL,5010.68,4998.68,5016.68,WIN,12.0,11.75,4048.25,0.5814,4.629,29.0
2026-03-17 07:30:00,SELL,5024.22,5012.22,5030.22,WIN,12.0,11.75,4060.0,0.5437,5.537,29.9
2026-03-17 07:35:00,SELL,5026.67,5014.67,5032.67,WIN,12.0,11.75,4071.75,0.5461,5.373,32.3
2026-03-17 12:45:00,SELL,5011.91,4999.91,5017.91,LOSS,-6.0,-6.25,4065.5,0.5306,4.996,25.3
2026-03-17 13:40:00,SELL,5027.18,5015.18,5033.18,WIN,12.0,11.75,4077.25,0.5782,6.961,25.4
2026-03-17 13:45:00,SELL,5024.35,5012.35,5030.35,WIN,12.0,11.75,4089.0,0.5698,6.701,29.6
2026-03-17 13:55:00,SELL,5016.37,5004.37,5022.37,WIN,12.0,11.75,4100.75,0.593,8.026,26.8
2026-03-17 14:40:00,SELL,5013.47,5001.47,5019.47,WIN,12.0,11.75,4112.5,0.5426,6.957,28.3
2026-03-18 07:00:00,SELL,5012.26,5000.26,5018.26,WIN,12.0,11.75,4124.25,0.6875,3.982,45.3
2026-03-18 07:05:00,SELL,5011.48,4999.48,5017.48,WIN,12.0,11.75,4136.0,0.6894,3.938,46.5
2026-03-18 07:10:00,SELL,5009.58,4997.58,5015.58,WIN,12.0,11.75,4147.75,0.7012,3.739,44.6
2026-03-18 07:15:00,SELL,5006.72,4994.72,5012.72,WIN,12.0,11.75,4159.5,0.7062,3.727,39.2
2026-03-18 07:20:00,SELL,5008.47,4996.47,5014.47,WIN,12.0,11.75,4171.25,0.7092,3.512,34.5
2026-03-18 07:25:00,SELL,5009.15,4997.15,5015.15,WIN,12.0,11.75,4183.0,0.7134,3.466,30.5
2026-03-18 07:30:00,SELL,5007.38,4995.38,5013.38,WIN,12.0,11.75,4194.75,0.7118,3.36,27.8
2026-03-18 07:35:00,SELL,5006.33,4994.33,5012.33,WIN,12.0,11.75,4206.5,0.7146,3.304,25.8
2026-03-18 07:40:00,SELL,5002.07,4990.07,5008.07,WIN,12.0,11.75,4218.25,0.5245,3.652,26.9
2026-03-18 09:25:00,SELL,4992.46,4980.46,4998.46,WIN,12.0,11.75,4230.0,0.5563,4.628,47.7
2026-03-18 09:30:00,SELL,4992.91,4980.91,4998.91,WIN,12.0,11.75,4241.75,0.5573,4.391,42.9
2026-03-18 09:35:00,SELL,4993.36,4981.36,4999.36,WIN,12.0,11.75,4253.5,0.5621,4.167,38.0
2026-03-18 09:40:00,SELL,4993.26,4981.26,4999.26,WIN,12.0,11.75,4265.25,0.5678,3.846,34.3
2026-03-18 09:50:00,SELL,4992.7,4980.7,4998.7,WIN,12.0,11.75,4277.0,0.5603,3.594,27.8
2026-03-18 10:35:00,SELL,4976.95,4964.95,4982.95,WIN,12.0,11.75,4288.75,0.664,6.743,45.2
2026-03-18 10:40:00,SELL,4977.89,4965.89,4983.89,WIN,12.0,11.75,4300.5,0.6799,6.71,50.8
2026-03-18 10:45:00,SELL,4976.87,4964.87,4982.87,WIN,12.0,11.75,4312.25,0.6632,6.449,54.9
2026-03-18 11:10:00,SELL,4970.11,4958.11,4976.11,WIN,12.0,11.75,4324.0,0.7008,9.03,66.1
2026-03-18 11:15:00,SELL,4971.76,4959.76,4977.76,WIN,12.0,11.75,4335.75,0.7087,8.376,61.6
2026-03-18 11:20:00,SELL,4965.93,4953.93,4971.93,WIN,12.0,11.75,4347.5,0.652,8.434,57.8
2026-03-18 12:50:00,SELL,4887.09,4875.09,4893.09,WIN,12.0,11.75,4359.25,0.6016,13.243,76.4
2026-03-18 13:35:00,SELL,4867.91,4855.91,4873.91,LOSS,-6.0,-6.25,4353.0,0.5856,14.741,63.7
2026-03-18 13:50:00,SELL,4871.54,4859.54,4877.54,LOSS,-6.0,-6.25,4346.75,0.5923,14.51,44.3
2026-03-18 13:55:00,SELL,4878.11,4866.11,4884.11,LOSS,-6.0,-6.25,4340.5,0.6217,14.328,38.7
2026-03-18 14:05:00,SELL,4892.12,4880.12,4898.12,WIN,12.0,11.75,4352.25,0.6876,13.893,34.3
2026-03-18 14:10:00,SELL,4881.12,4869.12,4887.12,WIN,12.0,11.75,4364.0,0.6731,13.803,32.0
2026-03-18 14:15:00,SELL,4872.95,4860.95,4878.95,WIN,12.0,11.75,4375.75,0.5765,13.405,27.7
2026-03-18 14:25:00,SELL,4860.9,4848.9,4866.9,LOSS,-6.0,-6.25,4369.5,0.5784,12.286,26.1
2026-03-18 16:30:00,SELL,4878.38,4866.38,4884.38,LOSS,-6.0,-6.25,4363.25,0.6142,6.686,27.8
2026-03-18 16:35:00,SELL,4879.71,4867.71,4885.71,LOSS,-6.0,-6.25,4357.0,0.6388,6.664,26.8
2026-03-18 16:40:00,SELL,4882.58,4870.58,4888.58,LOSS,-6.0,-6.25,4350.75,0.6629,6.557,27.6
2026-03-18 16:45:00,SELL,4882.07,4870.07,4888.07,LOSS,-6.0,-6.25,4344.5,0.6527,6.279,29.4
2026-03-18 16:55:00,SELL,4886.78,4874.78,4892.78,LOSS,-6.0,-6.25,4338.25,0.7055,6.359,34.8
2026-03-18 17:10:00,SELL,4886.83,4874.83,4892.83,LOSS,-6.0,-6.25,4332.0,0.7603,5.717,35.4
2026-03-18 17:20:00,SELL,4896.58,4884.58,4902.58,WIN,12.0,11.75,4343.75,0.7513,6.092,38.3
2026-03-18 17:30:00,SELL,4894.48,4882.48,4900.48,WIN,12.0,11.75,4355.5,0.7636,6.375,39.8
2026-03-18 17:35:00,SELL,4898.33,4886.33,4904.33,WIN,12.0,11.75,4367.25,0.7577,6.13,40.6
2026-03-18 17:40:00,SELL,4894.47,4882.47,4900.47,WIN,12.0,11.75,4379.0,0.7661,6.434,37.5
2026-03-18 19:15:00,SELL,4861.87,4849.87,4867.87,WIN,12.0,11.75,4390.75,0.7198,9.939,49.0
2026-03-19 07:00:00,SELL,4768.56,4756.56,4774.56,LOSS,-6.0,-6.25,4384.5,0.6056,14.563,68.9
2026-03-19 07:05:00,SELL,4780.45,4768.45,4786.45,WIN,12.0,11.75,4396.25,0.6139,15.133,65.7
2026-03-19 07:10:00,SELL,4778.16,4766.16,4784.16,WIN,12.0,11.75,4408.0,0.6058,14.139,62.4
2026-03-19 07:15:00,SELL,4774.38,4762.38,4780.38,WIN,12.0,11.75,4419.75,0.6189,13.413,60.0
2026-03-19 07:20:00,SELL,4766.42,4754.42,4772.42,WIN,12.0,11.75,4431.5,0.6069,13.469,59.6
2026-03-19 07:25:00,SELL,4770.69,4758.69,4776.69,WIN,12.0,11.75,4443.25,0.6246,13.516,59.8
2026-03-19 07:35:00,SELL,4766.98,4754.98,4772.98,WIN,12.0,11.75,4455.0,0.614,12.907,59.6
2026-03-19 07:45:00,SELL,4750.86,4738.86,4756.86,WIN,12.0,11.75,4466.75,0.6097,15.417,63.8
2026-03-19 07:50:00,SELL,4753.74,4741.74,4759.74,WIN,12.0,11.75,4478.5,0.6151,14.56,64.4
2026-03-19 08:20:00,SELL,4730.63,4718.63,4736.63,WIN,12.0,11.75,4490.25,0.615,16.507,66.2
2026-03-19 08:25:00,SELL,4718.48,4706.48,4724.48,WIN,12.0,11.75,4502.0,0.5956,16.721,65.0
2026-03-19 08:50:00,SELL,4707.31,4695.31,4713.31,LOSS,-6.0,-6.25,4495.75,0.5893,19.468,62.8
2026-03-19 09:00:00,SELL,4713.13,4701.13,4719.13,WIN,12.0,11.75,4507.5,0.5979,17.162,57.3
2026-03-19 09:25:00,SELL,4709.13,4697.13,4715.13,LOSS,-6.0,-6.25,4501.25,0.572,17.083,42.9
2026-03-19 09:30:00,SELL,4720.02,4708.02,4726.02,WIN,12.0,11.75,4513.0,0.6664,17.185,37.7
2026-03-19 09:35:00,SELL,4712.54,4700.54,4718.54,WIN,12.0,11.75,4524.75,0.6049,16.493,33.1
2026-03-19 09:45:00,SELL,4714.31,4702.31,4720.31,WIN,12.0,11.75,4536.5,0.6217,15.707,28.8
2026-03-19 10:30:00,SELL,4698.7,4686.7,4704.7,WIN,12.0,11.75,4548.25,0.659,17.078,32.6
2026-03-19 10:35:00,SELL,4690.03,4678.03,4696.03,WIN,12.0,11.75,4560.0,0.6104,16.38,32.5
2026-03-19 12:55:00,SELL,4574.6,4562.6,4580.6,WIN,12.0,11.75,4571.75,0.5702,20.583,59.1
2026-03-19 13:50:00,SELL,4597.26,4585.26,4603.26,LOSS,-6.0,-6.25,4565.5,0.5877,29.491,38.8
2026-03-19 13:55:00,SELL,4620.57,4608.57,4626.57,LOSS,-6.0,-6.25,4559.25,0.6209,28.804,36.4
2026-03-19 14:00:00,SELL,4626.03,4614.03,4632.03,LOSS,-6.0,-6.25,4553.0,0.7032,28.034,36.3
2026-03-19 14:05:00,SELL,4625.26,4613.26,4631.26,LOSS,-6.0,-6.25,4546.75,0.6999,27.13,35.8
2026-03-19 14:10:00,SELL,4630.99,4618.99,4636.99,WIN,12.0,11.75,4558.5,0.7219,27.147,36.3
2026-03-19 14:15:00,SELL,4614.13,4602.13,4620.13,WIN,12.0,11.75,4570.25,0.6949,27.675,33.6
2026-03-19 14:20:00,SELL,4612.45,4600.45,4618.45,WIN,12.0,11.75,4582.0,0.6952,25.964,30.6
2026-03-19 14:25:00,SELL,4585.72,4573.72,4591.72,LOSS,-6.0,-6.25,4575.75,0.6701,26.824,27.4
2026-03-19 14:30:00,SELL,4605.79,4593.79,4611.79,LOSS,-6.0,-6.25,4569.5,0.7253,26.642,25.1
2026-03-19 17:50:00,SELL,4624.55,4612.55,4630.55,WIN,12.0,11.75,4581.25,0.772,14.099,27.9
2026-03-19 17:55:00,SELL,4616.1,4604.1,4622.1,WIN,12.0,11.75,4593.0,0.7829,13.639,31.5
2026-03-19 18:10:00,SELL,4614.55,4602.55,4620.55,WIN,12.0,11.75,4604.75,0.7652,12.728,27.3
2026-03-19 18:15:00,SELL,4608.74,4596.74,4614.74,WIN,12.0,11.75,4616.5,0.763,12.422,25.8
2026-03-19 19:05:00,SELL,4650.1,4638.1,4656.1,LOSS,-6.0,-6.25,4610.25,0.6158,14.135,27.9
2026-03-19 19:10:00,SELL,4656.91,4644.91,4662.91,WIN,12.0,11.75,4622.0,0.6289,15.136,33.3
2026-03-19 19:15:00,SELL,4657.78,4645.78,4663.78,WIN,12.0,11.75,4633.75,0.634,15.124,37.9
2026-03-19 19:20:00,SELL,4643.99,4631.99,4649.99,WIN,12.0,11.75,4645.5,0.6364,15.162,40.2
2026-03-19 19:25:00,SELL,4644.19,4632.19,4650.19,WIN,12.0,11.75,4657.25,0.6367,14.961,38.3
2026-03-19 19:30:00,SELL,4646.37,4634.37,4652.37,WIN,12.0,11.75,4669.0,0.6435,14.619,37.2
2026-03-19 19:45:00,SELL,4635.47,4623.47,4641.47,LOSS,-6.0,-6.25,4662.75,0.6605,12.554,29.3
2026-03-19 19:50:00,SELL,4640.44,4628.44,4646.44,LOSS,-6.0,-6.25,4656.5,0.6603,12.251,26.5
2026-03-19 19:55:00,SELL,4644.02,4632.02,4650.02,LOSS,-6.0,-6.25,4650.25,0.6652,12.056,26.5
2026-03-19 20:00:00,SELL,4650.2,4638.2,4656.2,LOSS,-6.0,-6.25,4644.0,0.5844,12.038,27.7
2026-03-19 20:05:00,SELL,4655.66,4643.66,4661.66,LOSS,-6.0,-6.25,4637.75,0.581,11.527,29.3
2026-03-19 20:10:00,SELL,4654.04,4642.04,4660.04,LOSS,-6.0,-6.25,4631.5,0.5938,10.794,31.0
2026-03-19 20:15:00,SELL,4655.5,4643.5,4661.5,LOSS,-6.0,-6.25,4625.25,0.5866,10.545,31.1
2026-03-20 08:05:00,SELL,4708.16,4696.16,4714.16,LOSS,-6.0,-6.25,4619.0,0.5262,7.059,51.8
2026-03-20 09:10:00,SELL,4694.0,4682.0,4700.0,WIN,12.0,11.75,4630.75,0.7462,10.397,34.6
2026-03-20 09:25:00,SELL,4691.71,4679.71,4697.71,WIN,12.0,11.75,4642.5,0.7377,9.238,32.4
2026-03-20 12:15:00,SELL,4690.89,4678.89,4696.89,WIN,12.0,11.75,4654.25,0.5794,10.412,29.6
2026-03-20 13:15:00,SELL,4664.74,4652.74,4670.74,WIN,12.0,11.75,4666.0,0.7286,10.575,26.5
2026-03-20 13:20:00,SELL,4662.37,4650.37,4668.37,WIN,12.0,11.75,4677.75,0.7055,10.383,26.0
2026-03-20 13:25:00,SELL,4659.97,4647.97,4665.97,WIN,12.0,11.75,4689.5,0.6738,9.808,26.2
2026-03-20 13:40:00,SELL,4662.47,4650.47,4668.47,WIN,12.0,11.75,4701.25,0.7155,14.077,34.4
2026-03-20 13:45:00,SELL,4651.8,4639.8,4657.8,WIN,12.0,11.75,4713.0,0.6526,14.146,35.2
2026-03-20 18:25:00,SELL,4554.48,4542.48,4560.48,WIN,12.0,11.75,4724.75,0.6193,13.114,28.3
2026-03-23 07:30:00,SELL,4155.85,4143.85,4161.85,LOSS,-6.0,-6.25,4718.5,0.5883,36.251,63.5
2026-03-23 07:35:00,SELL,4180.24,4168.24,4186.24,LOSS,-6.0,-6.25,4712.25,0.6121,37.885,55.9
2026-03-23 07:40:00,SELL,4214.67,4202.67,4220.67,LOSS,-6.0,-6.25,4706.0,0.656,38.697,49.2
2026-03-23 07:45:00,SELL,4214.72,4202.72,4220.72,WIN,12.0,11.75,4717.75,0.6556,37.176,45.0
2026-03-23 07:55:00,SELL,4204.1,4192.1,4210.1,LOSS,-6.0,-6.25,4711.5,0.66,34.274,34.3
2026-03-23 08:05:00,SELL,4233.66,4221.66,4239.66,LOSS,-6.0,-6.25,4705.25,0.5888,32.477,31.8
2026-03-23 08:10:00,SELL,4253.11,4241.11,4259.11,WIN,12.0,11.75,4717.0,0.6298,32.346,32.3
2026-03-23 08:25:00,SELL,4226.69,4214.69,4232.69,LOSS,-6.0,-6.25,4710.75,0.5741,30.474,29.2
2026-03-23 08:30:00,SELL,4262.98,4250.98,4268.98,WIN,12.0,11.75,4722.5,0.6958,31.959,31.3
2026-03-23 08:35:00,SELL,4238.12,4226.12,4244.12,LOSS,-6.0,-6.25,4716.25,0.6443,32.571,33.7
2026-03-23 08:45:00,SELL,4241.75,4229.75,4247.75,WIN,12.0,11.75,4728.0,0.6958,30.83,38.3
2026-03-23 08:50:00,SELL,4228.72,4216.72,4234.72,LOSS,-6.0,-6.25,4721.75,0.6639,28.846,37.2
2026-03-23 08:55:00,SELL,4250.9,4238.9,4256.9,LOSS,-6.0,-6.25,4715.5,0.7188,29.493,36.2
2026-03-23 09:00:00,SELL,4253.44,4241.44,4259.44,LOSS,-6.0,-6.25,4709.25,0.7193,27.451,36.1
2026-03-23 09:05:00,SELL,4254.1,4242.1,4260.1,LOSS,-6.0,-6.25,4703.0,0.7011,24.78,35.9
2026-03-23 09:10:00,SELL,4268.74,4256.74,4274.74,LOSS,-6.0,-6.25,4696.75,0.767,23.682,37.1
2026-03-23 09:15:00,SELL,4288.69,4276.69,4294.69,LOSS,-6.0,-6.25,4690.5,0.7913,23.743,39.9
2026-03-23 09:20:00,SELL,4288.87,4276.87,4294.87,LOSS,-6.0,-6.25,4684.25,0.8021,23.004,43.0
2026-03-23 09:25:00,SELL,4303.96,4291.96,4309.96,WIN,12.0,11.75,4696.0,0.7901,22.084,45.8
2026-03-23 09:30:00,SELL,4282.23,4270.23,4288.23,WIN,12.0,11.75,4707.75,0.8022,22.891,46.4
2026-03-23 09:35:00,SELL,4240.65,4228.65,4246.65,WIN,12.0,11.75,4719.5,0.7627,25.912,40.8
2026-03-23 09:40:00,SELL,4225.68,4213.68,4231.68,LOSS,-6.0,-6.25,4713.25,0.7072,25.732,37.6
2026-03-23 09:45:00,SELL,4237.49,4225.49,4243.49,LOSS,-6.0,-6.25,4707.0,0.7322,25.292,35.1
2026-03-23 09:50:00,SELL,4239.02,4227.02,4245.02,LOSS,-6.0,-6.25,4700.75,0.7368,23.682,32.3
2026-03-23 10:00:00,SELL,4256.85,4244.85,4262.85,LOSS,-6.0,-6.25,4694.5,0.748,22.495,25.0
2026-03-23 11:15:00,SELL,4395.08,4383.08,4401.08,WIN,12.0,11.75,4706.25,0.5741,45.394,38.3
2026-03-23 11:20:00,SELL,4376.72,4364.72,4382.72,LOSS,-6.0,-6.25,4700.0,0.5722,46.161,39.2
2026-03-23 11:25:00,SELL,4399.47,4387.47,4405.47,LOSS,-6.0,-6.25,4693.75,0.6033,44.281,39.9
2026-03-23 11:30:00,SELL,4421.88,4409.88,4427.88,WIN,12.0,11.75,4705.5,0.6336,42.594,41.5
2026-03-23 11:35:00,SELL,4404.92,4392.92,4410.92,WIN,12.0,11.75,4717.25,0.6255,42.236,42.8
2026-03-23 11:40:00,SELL,4412.46,4400.46,4418.46,WIN,12.0,11.75,4729.0,0.6448,40.901,42.7
2026-03-23 11:50:00,SELL,4403.67,4391.67,4409.67,WIN,12.0,11.75,4740.75,0.6414,40.564,40.5
2026-03-23 11:55:00,SELL,4379.12,4367.12,4385.12,WIN,12.0,11.75,4752.5,0.6269,40.801,37.1
2026-03-23 12:45:00,SELL,4461.12,4449.12,4467.12,LOSS,-6.0,-6.25,4746.25,0.639,31.51,28.2
2026-03-23 12:50:00,SELL,4467.37,4455.37,4473.37,LOSS,-6.0,-6.25,4740.0,0.6357,30.478,32.3
2026-03-23 12:55:00,SELL,4478.29,4466.29,4484.29,WIN,12.0,11.75,4751.75,0.6436,30.294,36.2
2026-03-23 13:00:00,SELL,4453.46,4441.46,4459.46,WIN,12.0,11.75,4763.5,0.6832,32.546,35.2
2026-03-23 13:05:00,SELL,4446.88,4434.88,4452.88,LOSS,-6.0,-6.25,4757.25,0.6762,31.531,33.3
2026-03-23 13:10:00,SELL,4446.45,4434.45,4452.45,WIN,12.0,11.75,4769.0,0.6743,30.014,32.0
2026-03-23 13:15:00,SELL,4423.22,4411.22,4429.22,LOSS,-6.0,-6.25,4762.75,0.6605,29.985,28.2
2026-03-23 13:20:00,SELL,4419.02,4407.02,4425.02,WIN,12.0,11.75,4774.5,0.6576,28.664,25.0
2026-03-23 14:10:00,SELL,4464.36,4452.36,4470.36,LOSS,-6.0,-6.25,4768.25,0.6422,23.617,29.3
2026-03-23 14:15:00,SELL,4490.15,4478.15,4496.15,LOSS,-6.0,-6.25,4762.0,0.6607,25.113,33.4
2026-03-23 14:20:00,SELL,4503.82,4491.82,4509.82,WIN,12.0,11.75,4773.75,0.6468,24.387,37.5
2026-03-23 14:30:00,SELL,4493.2,4481.2,4499.2,WIN,12.0,11.75,4785.5,0.6619,26.052,41.1
2026-03-23 14:35:00,SELL,4481.03,4469.03,4487.03,WIN,12.0,11.75,4797.25,0.6517,25.859,41.7
2026-03-23 14:45:00,SELL,4479.2,4467.2,4485.2,WIN,12.0,11.75,4809.0,0.6389,23.791,38.3
2026-03-23 14:50:00,SELL,4464.25,4452.25,4470.25,LOSS,-6.0,-6.25,4802.75,0.6178,23.665,33.7
2026-03-23 14:55:00,SELL,4461.9,4449.9,4467.9,LOSS,-6.0,-6.25,4796.5,0.5955,22.527,29.6
2026-03-23 15:00:00,SELL,4469.63,4457.63,4475.63,LOSS,-6.0,-6.25,4790.25,0.7672,22.595,26.6
2026-03-23 15:20:00,SELL,4456.28,4444.28,4462.28,WIN,12.0,11.75,4802.0,0.7509,25.242,27.2
2026-03-23 15:25:00,SELL,4447.23,4435.23,4453.23,WIN,12.0,11.75,4813.75,0.745,24.232,29.3
2026-03-23 15:30:00,SELL,4433.52,4421.52,4439.52,WIN,12.0,11.75,4825.5,0.7121,24.332,32.3
2026-03-23 15:35:00,SELL,4420.17,4408.17,4426.17,WIN,12.0,11.75,4837.25,0.7293,23.468,36.2
2026-03-23 15:40:00,SELL,4407.72,4395.72,4413.72,WIN,12.0,11.75,4849.0,0.6954,22.668,40.4
2026-03-23 15:45:00,SELL,4402.42,4390.42,4408.42,WIN,12.0,11.75,4860.75,0.6812,22.162,44.6
2026-03-23 18:40:00,SELL,4461.56,4449.56,4467.56,WIN,12.0,11.75,4872.5,0.5924,15.278,25.5
2026-03-23 18:45:00,SELL,4466.49,4454.49,4472.49,WIN,12.0,11.75,4884.25,0.6136,14.633,28.9
2026-03-23 18:50:00,SELL,4454.35,4442.35,4460.35,WIN,12.0,11.75,4896.0,0.5986,15.381,28.3
2026-03-23 18:55:00,SELL,4449.0,4437.0,4455.0,WIN,12.0,11.75,4907.75,0.6154,14.536,27.9
2026-03-23 19:10:00,SELL,4406.89,4394.89,4412.89,WIN,12.0,11.75,4919.5,0.6246,16.886,25.5
2026-03-23 19:20:00,SELL,4402.48,4390.48,4408.48,LOSS,-6.0,-6.25,4913.25,0.5778,16.045,31.5
2026-03-23 19:45:00,SELL,4418.61,4406.61,4424.61,WIN,12.0,11.75,4925.0,0.6189,14.292,25.7
2026-03-24 07:00:00,SELL,4408.3,4396.3,4414.3,LOSS,-6.0,-6.25,4918.75,0.602,15.479,41.4
2026-03-24 07:10:00,SELL,4424.41,4412.41,4430.41,WIN,12.0,11.75,4930.5,0.6622,14.124,48.2
2026-03-24 07:15:00,SELL,4422.52,4410.52,4428.52,WIN,12.0,11.75,4942.25,0.669,13.005,51.4
2026-03-24 07:20:00,SELL,4412.25,4400.25,4418.25,WIN,12.0,11.75,4954.0,0.6622,13.401,49.2
2026-03-24 07:25:00,SELL,4412.5,4400.5,4418.5,WIN,12.0,11.75,4965.75,0.6726,13.019,46.3
2026-03-24 07:40:00,SELL,4408.7,4396.7,4414.7,LOSS,-6.0,-6.25,4959.5,0.6531,12.331,34.9
2026-03-24 07:50:00,SELL,4421.05,4409.05,4427.05,WIN,12.0,11.75,4971.25,0.6786,13.726,37.0
2026-03-24 07:55:00,SELL,4417.08,4405.08,4423.08,WIN,12.0,11.75,4983.0,0.6608,13.296,36.5
2026-03-24 08:00:00,SELL,4407.16,4395.16,4413.16,LOSS,-6.0,-6.25,4976.75,0.6576,13.539,31.6
2026-03-24 08:10:00,SELL,4414.31,4402.31,4420.31,WIN,12.0,11.75,4988.5,0.6563,13.044,25.1
2026-03-24 10:15:00,SELL,4429.49,4417.49,4435.49,WIN,12.0,11.75,5000.25,0.6618,9.565,28.5
2026-03-24 10:30:00,SELL,4416.56,4404.56,4422.56,LOSS,-6.0,-6.25,4994.0,0.6396,8.644,25.9
2026-03-24 11:10:00,SELL,4419.39,4407.39,4425.39,LOSS,-6.0,-6.25,4987.75,0.6112,17.717,30.5
2026-03-24 11:25:00,SELL,4413.06,4401.06,4419.06,LOSS,-6.0,-6.25,4981.5,0.6242,15.329,36.4
2026-03-24 11:30:00,SELL,4427.66,4415.66,4433.66,WIN,12.0,11.75,4993.25,0.6352,15.528,33.6
2026-03-24 11:35:00,SELL,4424.99,4412.99,4430.99,WIN,12.0,11.75,5005.0,0.63,14.643,30.1
2026-03-24 11:40:00,SELL,4421.93,4409.93,4427.93,WIN,12.0,11.75,5016.75,0.6142,13.426,27.5
2026-03-24 11:45:00,SELL,4424.44,4412.44,4430.44,WIN,12.0,11.75,5028.5,0.617,12.836,25.5
2026-03-24 11:50:00,SELL,4400.38,4388.38,4406.38,LOSS,-6.0,-6.25,5022.25,0.5961,15.666,28.9
2026-03-24 11:55:00,SELL,4407.62,4395.62,4413.62,LOSS,-6.0,-6.25,5016.0,0.6169,15.205,31.8
2026-03-24 12:00:00,SELL,4406.6,4394.6,4412.6,LOSS,-6.0,-6.25,5009.75,0.7628,14.886,31.3
2026-03-24 12:05:00,SELL,4412.18,4400.18,4418.18,LOSS,-6.0,-6.25,5003.5,0.7664,14.011,30.9
2026-03-24 12:25:00,SELL,4402.5,4390.5,4408.5,WIN,12.0,11.75,5015.25,0.7599,14.944,25.7
2026-03-24 15:45:00,SELL,4429.02,4417.02,4435.02,WIN,12.0,11.75,5027.0,0.5978,12.672,35.3
2026-03-24 15:50:00,SELL,4419.12,4407.12,4425.12,WIN,12.0,11.75,5038.75,0.6008,12.588,34.5
2026-03-24 16:15:00,SELL,4424.31,4412.31,4430.31,WIN,12.0,11.75,5050.5,0.5776,11.515,26.3
2026-03-24 17:15:00,SELL,4399.81,4387.81,4405.81,WIN,12.0,11.75,5062.25,0.74,11.169,27.3
2026-03-24 17:20:00,SELL,4401.14,4389.14,4407.14,WIN,12.0,11.75,5074.0,0.7393,10.725,27.7
2026-03-24 17:25:00,SELL,4400.0,4388.0,4406.0,WIN,12.0,11.75,5085.75,0.7378,10.246,27.9
2026-03-24 18:15:00,SELL,4397.95,4385.95,4403.95,LOSS,-6.0,-6.25,5079.5,0.7377,10.766,31.7
2026-03-24 18:20:00,SELL,4406.16,4394.16,4412.16,LOSS,-6.0,-6.25,5073.25,0.7376,10.586,30.1
2026-03-24 18:25:00,SELL,4407.46,4395.46,4413.46,LOSS,-6.0,-6.25,5067.0,0.7401,9.866,29.8
2026-03-24 18:35:00,SELL,4419.83,4407.83,4425.83,WIN,12.0,11.75,5078.75,0.7438,10.544,35.5
2026-03-24 18:40:00,SELL,4400.07,4388.07,4406.07,WIN,12.0,11.75,5090.5,0.7452,12.571,31.5
2026-03-24 18:50:00,SELL,4399.67,4387.67,4405.67,WIN,12.0,11.75,5102.25,0.7504,11.545,26.7
2026-03-24 19:00:00,SELL,4399.13,4387.13,4405.13,LOSS,-6.0,-6.25,5096.0,0.6095,12.038,28.0
2026-03-25 12:35:00,SELL,4553.65,4541.65,4559.65,WIN,12.0,11.75,5107.75,0.5704,13.168,42.4
2026-03-25 13:00:00,SELL,4567.5,4555.5,4573.5,WIN,12.0,11.75,5119.5,0.5816,13.878,44.1
2026-03-25 20:00:00,SELL,4535.66,4523.66,4541.66,WIN,12.0,11.75,5131.25,0.6712,11.817,36.6
2026-03-25 20:10:00,SELL,4529.3,4517.3,4535.3,WIN,12.0,11.75,5143.0,0.6687,11.03,30.9
2026-03-25 20:15:00,SELL,4530.71,4518.71,4536.71,WIN,12.0,11.75,5154.75,0.6291,10.201,29.2
2026-03-25 20:20:00,SELL,4523.99,4511.99,4529.99,WIN,12.0,11.75,5166.5,0.5969,10.02,25.6
2026-03-26 08:30:00,SELL,4437.9,4425.9,4443.9,WIN,12.0,11.75,5178.25,0.5901,12.401,36.3
2026-03-26 08:50:00,SELL,4436.53,4424.53,4442.53,WIN,12.0,11.75,5190.0,0.6052,13.861,49.3
2026-03-26 10:45:00,SELL,4441.14,4429.14,4447.14,LOSS,-6.0,-6.25,5183.75,0.6674,11.425,26.7
2026-03-26 10:50:00,SELL,4439.74,4427.74,4445.74,LOSS,-6.0,-6.25,5177.5,0.6782,11.225,25.5
2026-03-26 11:20:00,SELL,4447.71,4435.71,4453.71,WIN,12.0,11.75,5189.25,0.7889,9.488,26.6
2026-03-26 11:30:00,SELL,4448.58,4436.58,4454.58,WIN,12.0,11.75,5201.0,0.787,9.283,26.0
2026-03-26 11:35:00,SELL,4449.1,4437.1,4455.1,WIN,12.0,11.75,5212.75,0.789,8.684,26.2
2026-03-26 15:30:00,SELL,4442.64,4430.64,4448.64,WIN,12.0,11.75,5224.5,0.6786,12.755,28.7
2026-03-26 15:45:00,SELL,4443.57,4431.57,4449.57,WIN,12.0,11.75,5236.25,0.6609,10.996,37.1
2026-03-26 15:50:00,SELL,4445.37,4433.37,4451.37,WIN,12.0,11.75,5248.0,0.6795,10.127,37.8
2026-03-26 15:55:00,SELL,4438.12,4426.12,4444.12,WIN,12.0,11.75,5259.75,0.6231,10.37,40.8
2026-03-26 16:00:00,SELL,4436.9,4424.9,4442.9,WIN,12.0,11.75,5271.5,0.7442,10.707,44.6
2026-03-26 16:05:00,SELL,4439.68,4427.68,4445.68,WIN,12.0,11.75,5283.25,0.7497,10.318,45.5
2026-03-26 16:10:00,SELL,4440.06,4428.06,4446.06,WIN,12.0,11.75,5295.0,0.7529,10.056,45.8
2026-03-26 20:10:00,SELL,4397.02,4385.02,4403.02,WIN,12.0,11.75,5306.75,0.6859,15.333,42.4
2026-03-26 20:15:00,SELL,4396.64,4384.64,4402.64,LOSS,-6.0,-6.25,5300.5,0.7174,16.509,42.4
2026-03-26 20:25:00,SELL,4404.38,4392.38,4410.38,LOSS,-6.0,-6.25,5294.25,0.7441,16.859,44.7
2026-03-26 20:30:00,SELL,4401.34,4389.34,4407.34,LOSS,-6.0,-6.25,5288.0,0.7569,15.888,46.0
2026-03-26 20:35:00,SELL,4420.06,4408.06,4426.06,WIN,12.0,11.75,5299.75,0.757,16.871,47.5
2026-03-26 20:40:00,SELL,4406.05,4394.05,4412.05,WIN,12.0,11.75,5311.5,0.7688,16.589,48.8
2026-03-26 20:45:00,SELL,4401.85,4389.85,4407.85,WIN,12.0,11.75,5323.25,0.7695,15.97,47.3
2026-03-26 20:50:00,SELL,4375.89,4363.89,4381.89,LOSS,-6.0,-6.25,5317.0,0.713,17.968,42.2
2026-03-26 20:55:00,SELL,4380.94,4368.94,4386.94,LOSS,-6.0,-6.25,5310.75,0.7236,16.649,37.8
2026-03-27 07:05:00,SELL,4455.59,4443.59,4461.59,WIN,12.0,11.75,5322.5,0.6154,8.242,29.5
2026-03-27 07:10:00,SELL,4454.82,4442.82,4460.82,WIN,12.0,11.75,5334.25,0.6053,7.923,30.6
2026-03-27 07:15:00,SELL,4452.83,4440.83,4458.83,WIN,12.0,11.75,5346.0,0.5843,7.398,32.0
2026-03-27 07:20:00,SELL,4454.83,4442.83,4460.83,WIN,12.0,11.75,5357.75,0.6009,7.009,31.5
2026-03-27 07:25:00,SELL,4452.16,4440.16,4458.16,WIN,12.0,11.75,5369.5,0.5641,7.027,32.1
2026-03-27 07:30:00,SELL,4451.23,4439.23,4457.23,WIN,12.0,11.75,5381.25,0.5652,6.616,33.3
2026-03-27 07:35:00,SELL,4453.14,4441.14,4459.14,WIN,12.0,11.75,5393.0,0.5647,6.438,31.0
2026-03-27 07:45:00,SELL,4451.09,4439.09,4457.09,WIN,12.0,11.75,5404.75,0.5229,6.386,31.3
2026-03-27 08:05:00,SELL,4446.14,4434.14,4452.14,WIN,12.0,11.75,5416.5,0.7448,6.622,33.7
2026-03-27 08:10:00,SELL,4446.9,4434.9,4452.9,WIN,12.0,11.75,5428.25,0.7499,6.281,33.0
2026-03-27 09:25:00,SELL,4434.49,4422.49,4440.49,WIN,12.0,11.75,5440.0,0.685,7.087,39.1
2026-03-27 16:00:00,SELL,4529.9,4517.9,4535.9,WIN,12.0,11.75,5451.75,0.6115,12.885,48.2
2026-03-27 16:05:00,SELL,4530.52,4518.52,4536.52,WIN,12.0,11.75,5463.5,0.5967,11.983,44.4
2026-03-27 16:10:00,SELL,4528.18,4516.18,4534.18,WIN,12.0,11.75,5475.25,0.5946,11.765,40.1
2026-03-27 16:15:00,SELL,4528.17,4516.17,4534.17,WIN,12.0,11.75,5487.0,0.5857,11.266,36.5
2026-03-27 16:20:00,SELL,4531.03,4519.03,4537.03,WIN,12.0,11.75,5498.75,0.5736,10.613,33.7
2026-03-27 19:20:00,SELL,4521.28,4509.28,4527.28,WIN,12.0,11.75,5510.5,0.521,7.888,37.5
2026-03-27 19:25:00,SELL,4522.73,4510.73,4528.73,WIN,12.0,11.75,5522.25,0.523,7.472,37.4
2026-03-30 07:05:00,SELL,4532.43,4520.43,4538.43,WIN,12.0,11.75,5534.0,0.5825,8.78,37.4
2026-03-30 07:10:00,SELL,4534.33,4522.33,4540.33,WIN,12.0,11.75,5545.75,0.5707,8.319,32.5
2026-03-30 08:35:00,SELL,4536.78,4524.78,4542.78,WIN,12.0,11.75,5557.5,0.5384,7.023,25.6
2026-03-30 08:45:00,SELL,4535.94,4523.94,4541.94,WIN,12.0,11.75,5569.25,0.5271,6.542,27.2
2026-03-30 08:50:00,SELL,4538.71,4526.71,4544.71,WIN,12.0,11.75,5581.0,0.5366,6.499,29.7
2026-03-30 08:55:00,SELL,4538.06,4526.06,4544.06,WIN,12.0,11.75,5592.75,0.5254,6.324,31.9
2026-03-30 09:00:00,SELL,4539.27,4527.27,4545.27,WIN,12.0,11.75,5604.5,0.5265,6.081,34.1
2026-03-30 17:20:00,SELL,4529.04,4517.04,4535.04,WIN,12.0,11.75,5616.25,0.7136,7.721,31.9
2026-03-30 17:25:00,SELL,4527.67,4515.67,4533.67,WIN,12.0,11.75,5628.0,0.7007,7.167,32.2
2026-03-31 09:00:00,SELL,4571.03,4559.03,4577.03,WIN,12.0,11.75,5639.75,0.5952,5.963,32.3
2026-03-31 09:05:00,SELL,4569.04,4557.04,4575.04,WIN,12.0,11.75,5651.5,0.5967,5.916,28.8
2026-03-31 09:10:00,SELL,4567.48,4555.48,4573.48,WIN,12.0,11.75,5663.25,0.5927,5.59,25.8
2026-03-31 09:15:00,SELL,4567.17,4555.17,4573.17,WIN,12.0,11.75,5675.0,0.5811,5.718,26.2
2026-03-31 09:20:00,SELL,4567.45,4555.45,4573.45,WIN,12.0,11.75,5686.75,0.585,5.504,26.5
2026-03-31 09:25:00,SELL,4562.3,4550.3,4568.3,WIN,12.0,11.75,5698.5,0.5945,5.646,29.5
2026-03-31 09:30:00,SELL,4557.07,4545.07,4563.07,WIN,12.0,11.75,5710.25,0.5398,6.095,34.9
2026-03-31 09:45:00,SELL,4558.57,4546.57,4564.57,WIN,12.0,11.75,5722.0,0.5639,5.892,44.4
2026-03-31 10:00:00,SELL,4560.14,4548.14,4566.14,WIN,12.0,11.75,5733.75,0.73,5.782,36.5
2026-03-31 10:05:00,SELL,4560.34,4548.34,4566.34,WIN,12.0,11.75,5745.5,0.731,5.348,32.8
2026-03-31 10:10:00,SELL,4557.06,4545.06,4563.06,WIN,12.0,11.75,5757.25,0.7149,5.32,30.5
2026-03-31 10:15:00,SELL,4558.51,4546.51,4564.51,WIN,12.0,11.75,5769.0,0.727,5.124,29.0
2026-03-31 10:20:00,SELL,4558.49,4546.49,4564.49,WIN,12.0,11.75,5780.75,0.7276,5.047,26.9
2026-03-31 14:30:00,SELL,4620.68,4608.68,4626.68,WIN,12.0,11.75,5792.5,0.6383,12.598,42.4
