time,open,high,low,close,candle,body,wick_up,wick_down,pattern,rsi,ema20,ema50,macd,histogram,adx,atr,signal,score,sl,tp,tick_dir,tick_bull%,ob_bias,ob_imbal,rt_bias,rt_score,spread,logged_at
2026-03-24 11:25:00,4415.58,4415.765,4407.661,4412.488,BEARISH,3.092,0.185,4.827,,46.97,4418.44061,4410.5707,0.81411,-2.05837,43.53,15.32823,WAIT,-0.83,,,NEUTRAL,53.2,NEUTRAL,0,NEUTRAL,0.05,0.4,2026-03-24 18:29:24
2026-03-24 11:30:00,4413.112,4424.544,4411.161,4422.795,BULLISH,9.683,1.749,1.951,,53.08,4418.9046,4411.07164,1.14578,-1.38866,42.2,15.06933,WAIT,-0.52,,,NEUTRAL,52.4,NEUTRAL,0,NEUTRAL,0.035,0.4,2026-03-24 18:34:40
2026-03-24 11:35:00,4427.717,4431.605,4422.711,4427.326,BEARISH,0.391,3.888,4.615,Doji,55.31,4420.1255,4411.89221,2.01766,-0.47546,38.71,14.64311,WAIT,5.97,,,NEUTRAL,50.4,NEUTRAL,0,NEUTRAL,0.005,0.4,2026-03-24 18:39:56
2026-03-24 11:40:00,4424.907,4426.583,4421.07,4421.421,BEARISH,3.486,1.676,0.351,,51.65,4420.04794,4412.17803,1.75928,-0.55731,37.2,13.42576,WAIT,2.84,,,NEUTRAL,48.8,NEUTRAL,0,NEUTRAL,-0.02,0.364,2026-03-24 18:45:00
2026-03-24 11:45:00,4421.995,4427.661,4418.656,4424.405,BULLISH,2.41,3.256,3.339,Spinning Top,53.39,4420.50658,4412.67662,1.95181,-0.2983,36.55,12.83633,BUY,6.69,4411.56867,4552.76829,SELL,41.5,NEUTRAL,0,NEUTRAL,-0.13,0.4,2026-03-24 18:50:11
2026-03-24 11:50:00,4424.343,4424.606,4390.546,4399.939,BEARISH,24.404,0.263,9.393,,40.47,4418.55104,4412.17854,0.09936,-1.72108,40.28,15.66615,WAIT,-9.08,,,NEUTRAL,49.9,NEUTRAL,0,NEUTRAL,0.0,0.364,2026-03-24 18:55:41
2026-03-24 11:55:00,4400.447,4405.719,4396.843,4404.788,BULLISH,4.341,0.931,3.604,,43.32,4417.27862,4411.90548,-0.94128,-2.21506,43.51,14.7608,BUY,-10.88,4390.0272,4552.39599,NEUTRAL,51.4,NEUTRAL,0,NEUTRAL,0.02,0.364,2026-03-24 18:59:24
2026-03-24 12:00:00,4407.714,4417.531,4404.72,4412.204,BULLISH,4.49,5.327,2.994,,47.49,4417.03909,4412.02378,-1.00785,-1.86141,42.8,14.8862,BUY,-5.87,4397.3178,4561.06603,NEUTRAL,47.2,NEUTRAL,0,NEUTRAL,-0.04,0.4,2026-03-24 19:04:47
2026-03-24 12:05:00,4406.579,4413.184,4404.864,4411.847,BULLISH,5.268,1.337,1.715,Bullish Engulfing,47.56,4416.06129,4411.80551,-1.59927,-1.89067,42.17,14.01071,BUY,-10.13,4397.83629,4551.95409,NEUTRAL,52.1,NEUTRAL,0,NEUTRAL,0.03,0.4,2026-03-24 19:10:23
2026-03-24 12:10:00,4412.236,4422.032,4408.565,4421.474,BULLISH,9.238,0.558,3.671,,52.81,4416.60565,4412.19729,-0.90525,-0.9616,38.28,13.93821,WAIT,1.01,,,NEUTRAL,49.8,NEUTRAL,0,NEUTRAL,-0.005,0.4,2026-03-24 19:14:12
2026-03-24 12:15:00,4420.231,4426.015,4417.714,4423.731,BULLISH,3.5,2.284,2.517,,54.02,4417.18189,4412.60483,-0.26525,-0.24211,34.67,13.2335,WAIT,0.01,,,NEUTRAL,54.3,NEUTRAL,0,NEUTRAL,0.065,0.4,2026-03-24 19:19:41
2026-03-24 12:20:00,4424.819,4425.086,4398.478,4404.233,BEARISH,20.586,0.267,5.755,,44.02,4416.04974,4412.32072,-1.1697,-0.93222,35.68,15.18652,WAIT,-0.08,,,NEUTRAL,47.3,NEUTRAL,0,NEUTRAL,-0.04,0.4,2026-03-24 19:25:11
2026-03-24 12:25:00,4401.032,4409.092,4395.727,4402.509,BULLISH,1.477,6.583,5.305,Spinning Top,43.55,4414.48984,4411.81775,-2.26903,-1.58521,36.97,14.94365,WAIT,-0.64,,,NEUTRAL,51.4,NEUTRAL,0,NEUTRAL,0.02,0.4,2026-03-24 19:30:44
2026-03-24 12:30:00,4402.369,4406.622,4381.566,4382.292,BEARISH,20.077,4.253,0.726,,35.97,4411.42234,4410.65942,-4.52191,-3.07031,39.84,16.29196,WAIT,-5.66,,,NEUTRAL,50.6,NEUTRAL,0,NEUTRAL,0.01,0.4,2026-03-24 19:34:34
2026-03-24 12:35:00,4383.109,4389.787,4362.903,4368.233,BEARISH,14.876,6.678,5.33,,31.81,4407.37395,4409.02401,-7.30983,-4.6962,44.31,18.5835,WAIT,-15.78,,,NEUTRAL,50.4,NEUTRAL,0,NEUTRAL,0.005,0.4,2026-03-24 19:40:15
2026-03-24 12:40:00,4365.249,4375.803,4362.016,4369.291,BULLISH,4.042,6.512,3.233,Spinning Top,33.39,4403.48454,4407.35109,-9.56107,-5.51908,47.7,17.94396,WAIT,-8.83,,,NEUTRAL,52.1,NEUTRAL,0,NEUTRAL,0.03,0.4,2026-03-24 19:45:49
2026-03-24 12:45:00,4369.678,4384.254,4368.971,4383.747,BULLISH,14.069,0.507,0.707,Marubozu Bull,41.01,4401.65311,4406.44658,-9.8378,-4.6438,47.47,17.58917,WAIT,-10.54,,,NEUTRAL,0.0,NEUTRAL,0,NEUTRAL,0.0,0.4,2026-03-24 19:49:24
2026-03-24 12:50:00,4383.254,4390.599,4376.551,4383.473,BULLISH,0.219,7.126,6.703,Doji,40.88,4399.88471,4405.52949,-10.02583,-3.85999,45.47,17.48367,WAIT,-7.24,,,NEUTRAL,50.8,NEUTRAL,0,NEUTRAL,0.01,0.4,2026-03-24 19:55:21
2026-03-24 12:55:00,4383.462,4388.821,4377.99,4378.713,BEARISH,4.749,5.359,0.723,,39.14,4397.8444,4404.46739,-10.42892,-3.40692,44.58,16.59665,WAIT,-6.87,,,NEUTRAL,48.2,NEUTRAL,0,NEUTRAL,-0.025,0.4,2026-03-24 20:00:51
2026-03-24 13:00:00,4378.805,4389.975,4369.962,4383.957,BULLISH,5.152,6.018,8.843,Bullish Engulfing,42.02,4396.53411,4403.66845,-10.18138,-2.52933,45.13,17.05216,WAIT,-6.1,,,NEUTRAL,49.3,NEUTRAL,0,NEUTRAL,-0.01,0.364,2026-03-24 20:04:28
2026-03-24 13:05:00,4382.306,4385.099,4368.074,4370.637,BEARISH,11.669,2.793,2.563,Bearish Engulfing,36.84,4393.92167,4402.30923,-11.04731,-2.69457,45.89,17.04854,WAIT,-12.21,,,NEUTRAL,50.1,NEUTRAL,0,NEUTRAL,0.0,0.4,2026-03-24 20:10:13
2026-03-24 13:10:00,4368.838,4382.233,4363.791,4377.543,BULLISH,8.705,4.69,5.047,,41.14,4392.19394,4401.26461,-11.06298,-2.14333,47.6,17.69956,WAIT,-11.33,,,NEUTRAL,50.0,NEUTRAL,0,NEUTRAL,0.0,0.364,2026-03-24 20:15:38
2026-03-24 13:15:00,4378.354,4384.261,4375.186,4376.208,BEARISH,2.146,5.907,1.022,Spinning Top,40.73,4390.73644,4400.31041,-10.88749,-1.5839,48.61,16.54962,WAIT,-12.52,,,NEUTRAL,47.5,NEUTRAL,0,NEUTRAL,-0.04,0.364,2026-03-24 20:19:13
2026-03-24 13:20:00,4372.969,4377.693,4370.524,4377.035,BULLISH,4.066,0.658,2.445,,41.84,4389.14331,4399.27161,-10.8131,-1.16491,49.48,15.91143,WAIT,-13.57,,,NEUTRAL,53.6,NEUTRAL,0,NEUTRAL,0.055,0.4,2026-03-24 20:24:25
2026-03-24 13:25:00,4372.492,4378.56,4370.695,4374.157,BULLISH,1.665,4.403,1.797,Bullish Engulfing,40.38,4387.32932,4398.11763,-10.92853,-0.96699,50.24,15.04392,WAIT,-7.93,,,NEUTRAL,51.1,NEUTRAL,0,NEUTRAL,0.015,0.4,2026-03-24 20:30:34
2026-03-24 13:30:00,4356.909,4370.605,4355.68,4363.42,BULLISH,6.511,7.185,1.229,,37.78,4383.57636,4396.11159,-12.52537,-1.83244,54.7,16.60724,WAIT,-10.81,,,NEUTRAL,50.9,NEUTRAL,0,NEUTRAL,0.015,0.4,2026-03-24 20:34:42
2026-03-24 13:35:00,4360.254,4364.305,4353.158,4360.893,BULLISH,0.639,3.412,7.096,Doji,36.36,4381.13703,4394.60847,-12.96423,-1.77572,57.35,16.18971,WAIT,-9.26,,,NEUTRAL,50.8,NEUTRAL,0,NEUTRAL,0.01,0.4,2026-03-24 20:38:58
2026-03-24 13:40:00,4355.775,4362.512,4351.461,4357.842,BULLISH,2.067,4.67,4.314,Spinning Top,35.73,4378.48753,4392.97822,-13.50935,-1.79284,59.69,15.65696,WAIT,-9.07,,,NEUTRAL,51.0,NEUTRAL,0,NEUTRAL,0.015,0.364,2026-03-24 20:45:28
2026-03-24 13:45:00,4356.988,4365.989,4351.602,4362.833,BULLISH,5.845,3.156,5.386,,39.08,4376.90856,4391.75755,-13.13473,-1.12153,58.97,15.48764,WAIT,-10.96,,,NEUTRAL,51.5,NEUTRAL,0,NEUTRAL,0.025,0.4,2026-03-24 20:49:21
2026-03-24 13:50:00,4354.933,4375.807,4353.671,4375.117,BULLISH,20.184,0.69,1.262,Bullish Engulfing,46.78,4376.06807,4390.81207,-12.12655,0.00854,52.78,16.37408,WAIT,-9.25,,,NEUTRAL,50.5,NEUTRAL,0,NEUTRAL,0.01,0.4,2026-03-24 20:54:19
2026-03-24 13:55:00,4366.983,4383.555,4366.743,4372.841,BULLISH,5.858,10.714,0.24,Inverted Hammer,45.85,4375.06483,4389.80304,-11.39157,0.6979,45.55,16.73142,WAIT,0.26,,,NEUTRAL,49.6,NEUTRAL,0,NEUTRAL,-0.005,0.4,2026-03-24 20:59:03
2026-03-24 14:00:00,4381.58,4396.36,4380.549,4395.141,BULLISH,13.561,1.219,1.031,,56.36,4377.72401,4390.33907,-7.86819,3.26635,40.16,16.60869,WAIT,2.85,,,NEUTRAL,49.0,NEUTRAL,0,NEUTRAL,-0.015,0.4,2026-03-24 21:05:31
2026-03-24 14:05:00,4396.376,4397.266,4385.716,4393.946,BEARISH,2.43,0.89,8.23,Hanging Man,55.57,4379.36504,4390.52253,-5.58663,4.42409,35.48,15.9342,WAIT,0.85,,,NEUTRAL,54.3,NEUTRAL,0,NEUTRAL,0.065,0.364,2026-03-24 21:10:26
2026-03-24 14:10:00,4397.59,4404.589,4384.351,4397.048,BEARISH,0.542,6.999,12.697,Doji,57.06,4381.3421,4390.90654,-3.34825,5.28658,33.55,16.51729,WAIT,0.32,,,NEUTRAL,52.0,NEUTRAL,0,NEUTRAL,0.03,0.4,2026-03-24 21:15:24
2026-03-24 14:15:00,4394.912,4400.251,4388.806,4398.323,BULLISH,3.411,1.928,6.106,Bullish Engulfing,57.41,4382.77674,4391.11754,-1.79767,5.49677,31.88,15.84098,WAIT,1.45,,,NEUTRAL,50.6,NEUTRAL,0,NEUTRAL,0.01,0.4,2026-03-24 21:20:18
2026-03-24 14:20:00,4398.248,4407.867,4397.192,4404.757,BULLISH,6.509,3.11,1.056,,60.25,4384.85847,4391.64733,0.07503,5.8973,30.43,15.15218,WAIT,10.14,,,NEUTRAL,48.9,NEUTRAL,0,NEUTRAL,-0.015,0.4,2026-03-24 21:25:13
2026-03-24 14:25:00,4406.756,4415.108,4401.851,4409.216,BULLISH,2.46,5.892,4.905,Spinning Top,62.09,4387.33394,4392.40438,2.01682,6.24822,36.12,14.99309,WAIT,11.62,,,NEUTRAL,51.0,NEUTRAL,0,NEUTRAL,0.015,0.364,2026-03-24 21:30:06
2026-03-24 14:30:00,4408.874,4415.0,4400.318,4414.322,BULLISH,5.448,0.678,8.556,,64.19,4389.8801,4393.25335,3.79232,6.42255,37.47,14.95161,WAIT,15.72,,,NEUTRAL,50.4,NEUTRAL,0,NEUTRAL,0.005,0.4,2026-03-24 21:35:00
2026-03-24 14:35:00,4415.354,4417.613,4404.342,4409.128,BEARISH,6.226,2.259,4.786,,60.28,4391.79664,4393.91236,4.80295,5.93419,41.43,14.99481,WAIT,9.76,,,NEUTRAL,48.6,NEUTRAL,0,NEUTRAL,-0.02,0.4,2026-03-24 21:39:51
2026-03-24 14:40:00,4407.334,4420.808,4406.311,4413.259,BULLISH,5.925,7.549,1.023,,61.73,4393.69316,4394.60654,5.70362,5.48973,44.26,14.92844,WAIT,11.63,,,NEUTRAL,48.0,NEUTRAL,0,NEUTRAL,-0.03,0.4,2026-03-24 21:44:43
2026-03-24 14:45:00,4412.346,4420.799,4408.088,4412.807,BULLISH,0.461,7.992,4.258,Doji,61.56,4395.44054,4395.28837,6.36304,4.93014,46.71,14.63278,WAIT,13.04,,,NEUTRAL,45.6,NEUTRAL,0,NEUTRAL,-0.065,0.364,2026-03-24 21:49:38
2026-03-24 14:50:00,4404.334,4433.862,4401.068,4430.712,BULLISH,26.378,3.15,3.266,,66.26,4398.06101,4396.35452,7.76041,5.17143,47.16,17.58028,WAIT,9.39,,,NEUTRAL,50.7,NEUTRAL,0,NEUTRAL,0.01,0.4,2026-03-24 21:54:33
2026-03-24 14:55:00,4425.134,4428.713,4414.766,4417.438,BEARISH,7.696,3.579,2.672,,59.94,4399.42872,4396.97244,7.90224,4.32136,49.59,17.09585,WAIT,6.34,,,NEUTRAL,48.5,NEUTRAL,0,NEUTRAL,-0.02,0.4,2026-03-24 21:59:31
2026-03-24 15:00:00,4415.802,4420.761,4404.165,4410.784,BEARISH,5.018,4.959,6.619,,56.29,4400.36731,4397.4516,7.63688,3.26596,50.86,18.13403,SELL,2.7,4428.91803,4229.44374,NEUTRAL,49.9,NEUTRAL,0,NEUTRAL,0.0,0.4,2026-03-24 22:04:29
2026-03-24 15:05:00,4411.231,4414.198,4403.587,4404.613,BEARISH,6.618,2.967,1.026,,52.99,4400.8063,4397.74759,6.97806,2.08058,51.46,17.13096,SELL,3.83,4421.74396,4233.30344,NEUTRAL,48.8,NEUTRAL,0,NEUTRAL,-0.02,0.364,2026-03-24 22:09:26
2026-03-24 15:10:00,4402.71,4410.996,4396.12,4407.389,BULLISH,4.679,3.607,6.59,,54.2,4401.2739,4398.05602,6.4648,1.27746,45.23,17.08475,WAIT,4.98,,,NEUTRAL,49.4,NEUTRAL,0,NEUTRAL,-0.01,0.4,2026-03-24 22:14:24
2026-03-24 15:15:00,4411.297,4415.077,4405.682,4412.101,BULLISH,0.804,2.976,5.615,Doji,56.19,4402.66136,4398.7626,6.73513,1.18546,41.33,16.25092,WAIT,5.18,,,NEUTRAL,49.4,NEUTRAL,0,NEUTRAL,-0.01,0.4,2026-03-24 22:19:15
2026-03-24 15:20:00,4409.078,4411.535,4403.059,4410.459,BULLISH,1.381,1.076,6.019,Spinning Top,55.26,4403.14161,4399.10655,6.29321,0.63369,36.24,15.21427,WAIT,6.69,,,NEUTRAL,50.6,NEUTRAL,0,NEUTRAL,0.01,0.4,2026-03-24 22:24:09
2026-03-24 15:25:00,4414.041,4420.437,4412.211,4415.976,BULLISH,1.935,4.461,1.83,Spinning Top,57.72,4404.66294,4399.89884,6.71939,0.80361,31.83,14.68868,WAIT,9.46,,,NEUTRAL,51.2,NEUTRAL,0,NEUTRAL,0.02,0.4,2026-03-24 22:29:04
2026-03-24 15:30:00,4412.901,4418.86,4409.667,4415.956,BULLISH,3.055,2.904,3.234,,57.63,4405.45963,4400.40661,6.55895,0.55583,28.48,14.03115,WAIT,6.88,,,NEUTRAL,52.5,NEUTRAL,0,NEUTRAL,0.035,0.364,2026-03-24 22:35:33
2026-03-24 15:35:00,4416.442,4427.441,4414.534,4424.557,BULLISH,8.115,2.884,1.908,,61.52,4407.32211,4401.37278,7.27809,1.01351,28.53,13.88126,WAIT,12.52,,,NEUTRAL,46.9,NEUTRAL,0,NEUTRAL,-0.045,0.4,2026-03-24 22:40:25
2026-03-24 15:40:00,4423.095,4428.823,4422.043,4424.182,BULLISH,1.087,4.641,1.052,Spinning Top,61.4,4408.80623,4402.2141,7.61007,1.0944,28.58,12.93443,WAIT,16.94,,,NEUTRAL,51.0,NEUTRAL,0,NEUTRAL,0.015,0.4,2026-03-24 22:45:17
2026-03-24 15:45:00,4424.572,4430.831,4419.866,4428.464,BULLISH,3.892,2.367,4.706,,63.34,4410.71554,4403.25975,8.23976,1.37378,26.88,12.67184,BUY,15.1,4415.79216,4555.18235,NEUTRAL,47.3,NEUTRAL,0,NEUTRAL,-0.04,0.364,2026-03-24 22:50:24
2026-03-24 15:50:00,4428.957,4430.493,4418.955,4420.824,BEARISH,8.133,1.536,1.869,,57.6,4411.72573,4403.9693,8.03675,0.92958,24.69,12.52066,WAIT,9.38,,,NEUTRAL,46.3,NEUTRAL,0,NEUTRAL,-0.055,0.4,2026-03-24 22:55:31
2026-03-24 15:55:00,4419.067,4419.584,4409.172,4410.426,BEARISH,8.641,0.517,1.254,,51.11,4411.45511,4404.1583,6.81725,-0.21019,25.05,12.29763,SELL,3.6,4422.72363,4287.44973,NEUTRAL,51.6,NEUTRAL,0,NEUTRAL,0.025,0.364,2026-03-24 22:59:18
2026-03-24 16:00:00,4411.696,4413.979,4404.268,4409.817,BEARISH,1.879,2.283,5.549,Spinning Top,50.7,4411.39656,4404.42283,5.91169,-0.90703,27.32,11.95274,SELL,2.98,4421.76974,4290.28956,NEUTRAL,49.0,NEUTRAL,0,NEUTRAL,-0.015,0.364,2026-03-24 23:04:12
2026-03-24 16:05:00,4406.813,4412.133,4402.33,4408.103,BULLISH,1.29,4.03,4.483,Spinning Top,49.76,4410.83205,4404.45747,4.74813,-1.61932,29.86,11.66611,SELL,0.16,4419.76911,4291.44189,NEUTRAL,54.4,NEUTRAL,0,NEUTRAL,0.065,0.4,2026-03-24 23:09:25
2026-03-24 16:10:00,4412.32,4412.836,4407.611,4410.726,BEARISH,1.594,0.516,3.115,,51.18,4411.19066,4404.86451,4.43713,-1.59888,32.06,10.95925,WAIT,-1.6,,,NEUTRAL,52.8,NEUTRAL,0,NEUTRAL,0.045,0.4,2026-03-24 23:14:43
2026-03-24 16:15:00,4414.23,4423.829,4411.543,4423.411,BULLISH,9.181,0.418,2.687,,58.25,4412.64868,4405.72046,5.09764,-0.79427,27.92,11.31804,WAIT,6.62,,,NEUTRAL,55.6,NEUTRAL,0,NEUTRAL,0.085,0.4,2026-03-24 23:19:58
2026-03-24 16:20:00,4424.255,4424.299,4419.194,4423.094,BEARISH,1.161,0.044,3.9,Hanging Man,57.82,4413.72085,4406.43561,5.37369,-0.42604,25.51,10.66129,WAIT,7.31,,,NEUTRAL,48.8,NEUTRAL,0,NEUTRAL,-0.02,0.4,2026-03-24 23:24:11
2026-03-24 16:25:00,4423.402,4425.674,4419.165,4421.731,BEARISH,1.671,2.272,2.566,Spinning Top,56.78,4414.51457,4407.04892,5.38592,-0.33561,23.28,10.17745,WAIT,4.89,,,NEUTRAL,49.2,NEUTRAL,0,NEUTRAL,-0.01,0.4,2026-03-24 23:29:47
2026-03-24 16:30:00,4420.938,4424.115,4416.117,4419.257,BEARISH,1.681,3.177,3.14,Spinning Top,54.93,4414.91729,4407.50626,5.07941,-0.50645,20.88,9.88686,WAIT,0.57,,,NEUTRAL,49.7,NEUTRAL,0,NEUTRAL,-0.005,0.364,2026-03-24 23:35:14
2026-03-24 16:45:00,4424.563,4427.622,4419.235,4422.098,BEARISH,2.465,3.059,2.863,Spinning Top,55.42,4415.98154,4408.77956,4.38343,-0.56276,18.57,10.49469,WAIT,1.76,,,NEUTRAL,47.1,NEUTRAL,0,NEUTRAL,-0.045,0.4,2026-03-24 23:49:04
2026-03-24 16:50:00,4422.66,4426.545,4422.047,4422.489,BEARISH,0.171,3.885,0.442,Shooting Star,55.66,4416.66575,4409.34537,4.43037,-0.4222,17.09,9.78203,WAIT,4.68,,,NEUTRAL,48.8,NEUTRAL,0,NEUTRAL,-0.015,0.4,2026-03-24 23:54:39
2026-03-24 16:55:00,4420.562,4424.303,4418.182,4420.912,BULLISH,0.35,3.391,2.38,Doji,54.51,4416.89351,4409.72172,4.11785,-0.56161,17.01,9.5012,WAIT,7.93,,,NEUTRAL,51.8,NEUTRAL,0,NEUTRAL,0.025,0.4,2026-03-25 00:00:23
2026-03-24 17:00:00,4421.299,4426.29,4415.565,4415.879,BEARISH,5.42,4.991,0.314,Bearish Engulfing,50.76,4416.8249,4409.97543,3.57272,-0.88954,18.31,9.66437,SELL,3.37,4425.54337,4319.23525,NEUTRAL,49.2,NEUTRAL,0,NEUTRAL,-0.01,0.364,2026-03-25 00:04:11
2026-03-24 17:05:00,4408.691,4408.691,4390.195,4391.537,BEARISH,17.154,0.0,1.342,Marubozu Bear,37.74,4413.77501,4408.97184,0.68424,-2.92739,27.24,11.7213,SELL,-14.94,4403.2583,4274.32398,NEUTRAL,50.0,NEUTRAL,0,NEUTRAL,0.0,0.4,2026-03-25 00:10:34
2026-03-24 17:10:00,4392.1,4397.924,4388.038,4395.771,BULLISH,3.671,2.153,4.062,,40.54,4412.10041,4408.47168,-0.7549,-3.49916,32.98,11.4766,WAIT,-12.53,,,NEUTRAL,50.1,NEUTRAL,0,NEUTRAL,0.0,0.4,2026-03-25 00:14:17
2026-03-24 17:15:00,4397.374,4402.23,4393.845,4399.443,BULLISH,2.069,2.787,3.529,Spinning Top,42.97,4411.05004,4408.18544,-1.49911,-3.41767,37.95,11.16884,WAIT,-14.83,,,NEUTRAL,51.1,NEUTRAL,0,NEUTRAL,0.015,0.4,2026-03-25 00:20:04
2026-03-24 17:20:00,4399.641,4404.888,4397.607,4404.479,BULLISH,4.838,0.409,2.034,,46.31,4410.45594,4408.05395,-1.7532,-2.94211,42.26,10.65047,WAIT,-5.95,,,NEUTRAL,51.7,NEUTRAL,0,NEUTRAL,0.025,0.4,2026-03-25 00:23:52
2026-03-24 17:25:00,4401.036,4405.72,4399.237,4404.55,BULLISH,3.514,1.17,1.799,,46.52,4409.60584,4407.79078,-2.15522,-2.63269,46.0,10.1594,WAIT,-1.56,,,NEUTRAL,47.7,NEUTRAL,0,NEUTRAL,-0.035,0.4,2026-03-25 00:29:45
2026-03-24 17:30:00,4399.95,4399.95,4381.48,4383.893,BEARISH,16.057,0.0,2.413,,35.52,4406.76528,4406.68232,-4.16485,-3.65583,50.96,11.34967,SELL,-7.19,4395.24267,4270.39625,NEUTRAL,46.6,NEUTRAL,0,NEUTRAL,-0.05,0.4,2026-03-25 00:35:35
2026-03-24 17:35:00,4382.754,4385.905,4375.164,4383.202,BULLISH,0.448,2.703,7.59,Doji,35.36,4404.43654,4405.72453,-5.52336,-3.99894,55.62,11.26852,WAIT,-7.17,,,NEUTRAL,49.5,NEUTRAL,0,NEUTRAL,-0.01,0.4,2026-03-25 00:39:26
2026-03-24 17:40:00,4382.743,4387.313,4374.725,4376.206,BEARISH,6.537,4.57,1.481,,32.31,4401.70216,4404.54693,-7.05419,-4.41705,58.69,11.44445,WAIT,-10.95,,,NEUTRAL,50.8,NEUTRAL,0,NEUTRAL,0.01,0.4,2026-03-25 00:45:20
2026-03-24 17:45:00,4378.202,4383.754,4372.129,4383.676,BULLISH,5.474,0.078,6.073,Bullish Engulfing,37.6,4400.16203,4403.8057,-7.41783,-3.85071,61.57,11.46852,WAIT,-9.52,,,NEUTRAL,52.3,NEUTRAL,0,NEUTRAL,0.035,0.4,2026-03-25 00:49:08
2026-03-24 17:50:00,4384.496,4389.158,4381.23,4382.89,BEARISH,1.606,4.662,1.66,Spinning Top,37.46,4398.5954,4403.01973,-7.75304,-3.36034,64.07,11.43556,WAIT,-9.22,,,NEUTRAL,51.8,NEUTRAL,0,NEUTRAL,0.025,0.4,2026-03-25 00:54:35
2026-03-24 17:55:00,4385.035,4394.588,4382.805,4387.405,BULLISH,2.37,7.183,2.23,Spinning Top,40.63,4397.72422,4402.49246,-7.48488,-2.50256,62.02,11.48189,WAIT,-4.77,,,NEUTRAL,50.3,NEUTRAL,0,NEUTRAL,0.005,0.4,2026-03-25 01:00:24
2026-03-24 18:00:00,4388.416,4392.875,4383.673,4386.591,BEARISH,1.825,4.459,2.918,Spinning Top,40.41,4396.76628,4401.91364,-7.32237,-1.88721,60.25,11.1779,WAIT,-9.59,,,NEUTRAL,51.1,NEUTRAL,0,NEUTRAL,0.015,0.364,2026-03-25 01:04:09
2026-03-24 18:05:00,4389.395,4392.585,4386.719,4388.848,BEARISH,0.547,3.19,2.129,Doji,41.89,4396.24894,4401.5048,-6.83656,-1.15619,58.72,10.46965,WAIT,-6.96,,,NEUTRAL,49.1,NEUTRAL,0,NEUTRAL,-0.015,0.364,2026-03-25 01:09:38
2026-03-24 18:10:00,4386.241,4394.028,4383.877,4389.956,BULLISH,3.715,4.072,2.364,,43.63,4395.41265,4400.94829,-6.63077,-0.72522,57.99,10.53116,WAIT,-3.72,,,NEUTRAL,48.8,NEUTRAL,0,NEUTRAL,-0.02,0.4,2026-03-25 01:15:04
2026-03-24 18:15:00,4389.786,4398.857,4387.19,4396.366,BULLISH,6.58,2.491,2.596,,48.89,4395.49475,4400.76479,-5.71698,0.15215,53.24,10.68261,WAIT,2.28,,,NEUTRAL,50.5,NEUTRAL,0,NEUTRAL,0.005,0.4,2026-03-25 01:20:35
2026-03-24 18:20:00,4398.005,4402.56,4396.897,4402.027,BULLISH,4.022,0.533,1.108,,52.97,4396.2531,4400.87385,-4.38061,1.17063,48.36,10.08555,BUY,3.82,4391.94145,4502.88249,NEUTRAL,54.3,NEUTRAL,0,NEUTRAL,0.065,0.4,2026-03-25 01:24:28
2026-03-24 18:25:00,4406.14,4409.868,4404.684,4406.521,BULLISH,0.381,3.347,1.456,Doji,55.84,4397.5873,4401.25111,-2.76933,2.17276,44.49,9.8658,BUY,1.82,4396.6552,4505.17905,NEUTRAL,51.4,NEUTRAL,0,NEUTRAL,0.02,0.4,2026-03-25 01:30:15
2026-03-24 18:30:00,4407.399,4423.595,4407.063,4417.326,BULLISH,9.927,6.269,0.336,,62.21,4399.54774,4401.91672,-0.81427,3.29031,43.32,10.75463,WAIT,18.51,,,NEUTRAL,49.0,NEUTRAL,0,NEUTRAL,-0.015,0.4,2026-03-25 01:34:10
2026-03-24 18:35:00,4414.302,4421.561,4413.613,4419.845,BULLISH,5.543,1.716,0.689,,63.64,4401.23653,4402.51298,0.69465,3.87557,42.3,10.38041,BUY,17.7,4409.46459,4523.64913,NEUTRAL,51.6,NEUTRAL,0,NEUTRAL,0.025,0.364,2026-03-25 01:39:43
2026-03-24 18:40:00,4419.767,4420.382,4394.636,4399.148,BEARISH,20.619,0.615,4.512,,48.58,4401.03598,4402.3803,0.3939,2.8601,40.21,12.57118,WAIT,12.76,,,NEUTRAL,48.5,NEUTRAL,0,NEUTRAL,-0.02,0.4,2026-03-25 01:45:46
2026-03-24 18:45:00,4400.037,4401.37,4391.193,4394.928,BEARISH,5.109,1.333,3.735,,46.15,4400.53372,4402.12279,-0.12488,1.86129,39.25,12.25195,SELL,3.48,4407.17995,4272.40847,NEUTRAL,49.0,NEUTRAL,0,NEUTRAL,-0.015,0.4,2026-03-25 01:49:34
2026-03-24 18:50:00,4396.328,4401.886,4394.938,4400.293,BULLISH,3.965,1.593,1.39,Bullish Engulfing,49.47,4400.64185,4402.10835,-0.06587,1.51682,38.42,11.54476,WAIT,6.26,,,NEUTRAL,46.7,NEUTRAL,0,NEUTRAL,-0.05,0.364,2026-03-25 01:54:35
2026-03-24 18:55:00,4399.577,4399.577,4383.879,4384.616,BEARISH,14.961,0.0,0.737,Marubozu Bear,40.92,4399.06207,4401.39897,-1.40279,0.15185,40.14,12.11119,SELL,-7.49,4396.72719,4263.50409,NEUTRAL,55.4,NEUTRAL,0,NEUTRAL,0.08,0.4,2026-03-25 02:00:30
2026-03-24 19:00:00,4389.367,4398.619,4388.419,4398.357,BULLISH,8.99,0.262,0.948,,48.94,4399.41775,4401.46457,-0.99706,0.38343,41.63,11.85637,WAIT,-1.46,,,NEUTRAL,55.5,NEUTRAL,0,NEUTRAL,0.085,0.4,2026-03-25 02:04:19
2026-03-24 19:05:00,4399.042,4402.782,4396.077,4402.528,BULLISH,3.486,0.254,2.965,,51.38,4399.78065,4401.53543,-0.5941,0.61923,42.92,11.32667,BUY,7.09,4391.20133,4515.79472,NEUTRAL,51.2,NEUTRAL,0,NEUTRAL,0.02,0.4,2026-03-25 02:10:09
2026-03-24 19:10:00,4404.564,4406.012,4402.821,4404.458,BEARISH,0.106,1.448,1.637,Doji,52.46,4400.37898,4401.71688,-0.05678,0.9026,44.03,10.51047,WAIT,8.79,,,NEUTRAL,49.2,NEUTRAL,0,NEUTRAL,-0.01,0.364,2026-03-25 02:13:58
2026-03-24 19:15:00,4404.189,4407.7,4399.773,4406.072,BULLISH,1.883,1.628,4.416,Spinning Top,53.45,4400.89799,4401.87754,0.36616,1.06387,45.72,10.1912,BUY,9.73,4395.8808,4507.98396,NEUTRAL,47.4,NEUTRAL,0,NEUTRAL,-0.04,0.364,2026-03-25 02:19:37
2026-03-24 19:20:00,4407.606,4408.973,4404.91,4408.371,BULLISH,0.765,0.602,2.696,Spinning Top,54.82,4401.73706,4402.18787,0.98458,1.32697,47.18,9.44598,BUY,9.85,4398.92502,4502.83079,NEUTRAL,51.6,NEUTRAL,0,NEUTRAL,0.025,0.4,2026-03-25 02:25:10
2026-03-24 19:25:00,4407.842,4411.301,4407.439,4408.98,BULLISH,1.138,2.321,0.403,Spinning Top,55.24,4402.38844,4402.43742,1.38663,1.3889,48.44,8.7167,WAIT,7.98,,,NEUTRAL,45.3,NEUTRAL,0,NEUTRAL,-0.07,0.4,2026-03-25 02:29:00
2026-03-24 19:30:00,4407.433,4407.505,4401.659,4401.949,BEARISH,5.484,0.072,0.29,Marubozu Bear,49.9,4402.20742,4402.35742,1.05334,0.86511,47.17,8.44684,SELL,3.65,4410.39584,4317.48061,NEUTRAL,52.9,NEUTRAL,0,NEUTRAL,0.045,0.4,2026-03-25 02:34:49
2026-03-24 19:35:00,4402.78,4403.305,4396.408,4397.477,BEARISH,5.303,0.525,1.069,,46.64,4401.82369,4402.19523,0.57215,0.29724,49.28,8.27463,WAIT,-1.59,,,NEUTRAL,47.8,NEUTRAL,0,NEUTRAL,-0.03,0.4,2026-03-25 02:40:42
2026-03-24 19:40:00,4397.807,4403.871,4394.97,4402.642,BULLISH,4.835,1.229,2.837,,50.6,4401.92833,4402.22443,0.5713,0.23316,51.34,8.35815,WAIT,1.61,,,NEUTRAL,44.3,NEUTRAL,0,NEUTRAL,-0.085,0.4,2026-03-25 02:45:04
2026-03-24 19:45:00,4401.486,4401.868,4397.748,4400.216,BEARISH,1.27,0.382,2.468,,48.77,4401.66116,4402.10015,0.27682,-0.03364,53.13,7.79306,WAIT,-2.33,,,NEUTRAL,46.4,NEUTRAL,0,NEUTRAL,-0.055,0.364,2026-03-25 02:49:00
2026-03-24 19:50:00,4399.575,4404.539,4396.482,4403.824,BULLISH,4.249,0.715,3.093,Bullish Engulfing,51.7,4401.83552,4402.15393,0.38366,0.06325,51.8,7.82825,WAIT,3.08,,,NEUTRAL,44.2,NEUTRAL,0,NEUTRAL,-0.085,0.4,2026-03-25 02:54:37
2026-03-24 19:55:00,4402.13,4403.472,4397.559,4400.479,BEARISH,1.651,1.342,2.92,Spinning Top,48.98,4401.55493,4402.02204,0.11089,-0.1452,50.64,7.57288,WAIT,2.52,,,NEUTRAL,49.4,NEUTRAL,0,NEUTRAL,-0.01,0.364,2026-03-25 03:00:26
2026-03-24 20:00:00,4400.392,4404.091,4398.867,4402.302,BULLISH,1.91,1.789,1.525,,50.63,4401.59834,4402.02089,0.13131,-0.09571,49.64,7.2597,WAIT,-0.12,,,NEUTRAL,49.0,NEUTRAL,0,NEUTRAL,-0.015,0.4,2026-03-25 03:04:09
2026-03-24 20:05:00,4399.528,4401.107,4397.877,4399.426,BEARISH,0.102,1.579,1.549,Doji,48.07,4401.15587,4401.81612,-0.23187,-0.33222,49.26,6.73165,SELL,-4.99,4406.15765,4332.10949,NEUTRAL,43.8,NEUTRAL,0,NEUTRAL,-0.095,0.4,2026-03-25 03:09:31
2026-03-24 20:10:00,4398.802,4401.864,4397.397,4401.491,BULLISH,2.689,0.373,1.405,Bullish Engulfing,50.22,4401.15685,4401.78984,-0.20028,-0.23592,48.4,6.50342,WAIT,-5.87,,,NEUTRAL,53.8,NEUTRAL,0,NEUTRAL,0.055,0.4,2026-03-25 03:14:52
2026-03-24 20:15:00,4400.769,4406.876,4398.881,4406.876,BULLISH,6.107,0.0,1.888,,55.36,4401.62294,4401.95494,0.22259,0.1612,41.91,6.71986,BUY,5.91,4400.15614,4474.07464,NEUTRAL,54.0,NEUTRAL,0,NEUTRAL,0.06,0.4,2026-03-25 03:20:11
2026-03-24 20:20:00,4409.493,4431.834,4408.99,4426.842,BULLISH,17.349,4.992,0.503,,68.19,4404.24363,4403.0266,2.35754,1.8045,46.55,9.23098,BUY,18.78,4417.61102,4519.15175,NEUTRAL,54.5,NEUTRAL,0,NEUTRAL,0.065,0.515,2026-03-25 03:24:14
2026-03-24 20:25:00,4463.408,4484.005,4449.249,4451.789,BEARISH,11.619,20.597,2.54,,70.79,4411.928,4406.31895,8.09067,5.56259,53.09,16.66177,WAIT,11.28,,,NEUTRAL,51.7,NEUTRAL,0,NEUTRAL,0.025,0.364,2026-03-25 03:30:01
2026-03-24 20:30:00,4455.467,4465.95,4447.741,4458.786,BULLISH,3.319,7.164,7.726,Spinning Top,74.18,4416.72051,4408.52072,10.99487,6.72457,56.11,16.86807,WAIT,12.05,,,NEUTRAL,47.6,NEUTRAL,0,NEUTRAL,-0.035,0.4,2026-03-25 03:35:34
2026-03-24 20:35:00,4458.581,4471.473,4454.818,4469.319,BULLISH,10.738,2.154,3.763,,76.79,4421.69784,4410.89095,13.72303,7.56693,58.74,16.83966,WAIT,12.85,,,NEUTRAL,47.1,NEUTRAL,0,NEUTRAL,-0.045,0.364,2026-03-25 03:39:20
2026-03-24 20:40:00,4472.083,4472.804,4447.328,4457.767,BEARISH,14.316,0.721,10.439,Bearish Engulfing,67.71,4425.36367,4412.83009,14.97069,7.0175,57.52,18.15145,WAIT,8.33,,,NEUTRAL,51.4,NEUTRAL,0,NEUTRAL,0.02,0.364,2026-03-25 03:44:55
2026-03-24 20:45:00,4459.543,4464.686,4456.347,4463.563,BULLISH,4.02,1.123,3.196,,69.91,4429.14827,4414.8837,16.1774,6.55767,56.47,16.84312,WAIT,12.4,,,NEUTRAL,51.4,NEUTRAL,0,NEUTRAL,0.02,0.4,2026-03-25 03:50:27
2026-03-24 20:50:00,4465.581,4477.97,4464.116,4476.7,BULLISH,11.119,1.27,1.465,,73.35,4433.85787,4417.38696,18.00941,6.68495,57.05,16.73196,WAIT,5.97,,,NEUTRAL,46.2,NEUTRAL,0,NEUTRAL,-0.055,0.4,2026-03-25 03:54:06
2026-03-24 20:55:00,4480.76,4481.148,4474.182,4476.664,BEARISH,4.096,0.388,2.482,,71.63,4438.27536,4419.86053,19.34898,6.36915,58.24,15.85889,WAIT,10.42,,,NEUTRAL,0.0,NEUTRAL,0,NEUTRAL,0.0,0.515,2026-03-25 04:45:08
2026-03-24 22:00:00,4479.586,4480.645,4468.028,4472.749,BEARISH,6.837,1.059,4.721,,69.06,4441.55856,4421.93458,19.61857,5.31099,56.01,15.42664,WAIT,9.65,,,BUY,59.1,NEUTRAL,0,NEUTRAL,0.135,0.515,2026-03-25 05:04:35
2026-03-24 22:05:00,4479.352,4485.664,4474.368,4481.196,BULLISH,1.844,4.468,4.984,Spinning Top,72.84,4445.90131,4424.50682,20.68586,5.01853,54.06,14.93644,WAIT,6.01,,,BUY,58.3,NEUTRAL,0,NEUTRAL,0.125,0.468,2026-03-25 05:09:24
2026-03-24 22:10:00,4484.568,4484.822,4478.207,4483.379,BEARISH,1.189,0.254,5.172,Hanging Man,73.0,4449.73024,4426.92906,21.23423,4.41506,52.38,13.82691,WAIT,9.25,,,NEUTRAL,54.5,NEUTRAL,0,NEUTRAL,0.07,0.364,2026-03-25 05:14:07
2026-03-24 22:15:00,4483.083,4484.454,4476.214,4483.429,BULLISH,0.346,1.025,6.869,Doji,72.91,4452.91888,4429.13566,21.22271,3.52591,49.73,13.08199,WAIT,10.0,,,BUY,60.9,NEUTRAL,0,NEUTRAL,0.165,0.364,2026-03-25 05:20:24
2026-03-24 22:20:00,4483.361,4484.816,4478.828,4479.349,BEARISH,4.012,1.455,0.521,,69.52,4455.44551,4431.10895,20.6682,2.37572,47.44,12.13612,WAIT,12.35,,,NEUTRAL,42.1,NEUTRAL,0,NEUTRAL,-0.12,0.4,2026-03-25 05:25:02
2026-03-24 22:25:00,4478.467,4478.705,4468.105,4470.146,BEARISH,8.321,0.238,2.041,,62.63,4456.77482,4432.60889,19.20664,0.7418,41.87,12.06073,WAIT,7.55,,,NEUTRAL,53.7,NEUTRAL,0,NEUTRAL,0.055,0.4,2026-03-25 05:29:43
2026-03-24 22:30:00,4470.031,4470.638,4455.974,4462.302,BEARISH,7.729,0.607,6.328,,57.38,4457.28975,4433.76831,17.26005,-0.96213,40.76,12.40783,SELL,0.59,4474.70983,4338.22368,NEUTRAL,53.4,NEUTRAL,0,NEUTRAL,0.05,0.364,2026-03-25 05:34:36
2026-03-24 22:35:00,4462.835,4468.983,4462.117,4468.478,BULLISH,5.643,0.505,0.718,,60.34,4458.41691,4435.15641,16.08327,-1.72026,39.8,11.66892,WAIT,4.73,,,NEUTRAL,55.6,NEUTRAL,0,NEUTRAL,0.085,0.515,2026-03-25 05:39:23
2026-03-24 22:40:00,4464.683,4469.973,4464.428,4468.434,BULLISH,3.751,1.539,0.255,,60.45,4459.03831,4436.31598,14.69207,-2.4399,38.97,10.95478,WAIT,6.36,,,NEUTRAL,49.1,NEUTRAL,0,NEUTRAL,-0.015,0.4,2026-03-25 05:44:02
2026-03-24 22:45:00,4468.763,4479.583,4466.778,4475.343,BULLISH,6.58,4.24,1.985,,63.61,4460.62173,4437.85983,14.24892,-2.31097,33.97,11.33333,WAIT,12.01,,,NEUTRAL,43.8,NEUTRAL,0,NEUTRAL,-0.095,0.4,2026-03-25 05:50:16
2026-03-24 22:50:00,4475.769,4476.326,4469.183,4472.363,BEARISH,3.406,0.557,3.18,,61.19,4461.77855,4439.22977,13.50704,-2.448,29.62,10.77462,WAIT,11.06,,,NEUTRAL,55.0,NEUTRAL,0,NEUTRAL,0.075,0.364,2026-03-25 05:54:52
2026-03-24 22:55:00,4471.598,4480.535,4470.702,4480.256,BULLISH,8.658,0.279,0.896,Bullish Engulfing,64.59,4463.4866,4440.81604,13.33654,-2.08714,27.35,10.64907,WAIT,12.91,,,NEUTRAL,55.0,NEUTRAL,0,NEUTRAL,0.075,0.364,2026-03-25 05:59:33
2026-03-24 23:00:00,4484.66,4484.821,4476.491,4477.96,BEARISH,6.7,0.161,1.469,,61.54,4465.21443,4442.42545,13.15508,-1.86664,27.94,10.81387,WAIT,14.77,,,NEUTRAL,47.7,NEUTRAL,0,NEUTRAL,-0.035,0.4,2026-03-25 06:04:12
2026-03-24 23:05:00,4474.818,4484.52,4474.668,4480.508,BULLISH,5.69,4.012,0.15,,61.93,4466.38764,4443.795,12.6103,-1.88717,27.27,11.1327,WAIT,13.29,,,NEUTRAL,46.6,NEUTRAL,0,NEUTRAL,-0.05,0.4,2026-03-25 06:10:24
2026-03-24 23:10:00,4480.51,4484.938,4479.469,4484.443,BULLISH,3.933,0.495,1.041,,63.59,4468.11298,4445.39156,12.5633,-1.54819,26.68,10.37754,WAIT,6.38,,,NEUTRAL,49.2,NEUTRAL,0,NEUTRAL,-0.01,0.364,2026-03-25 06:15:01
2026-03-24 23:15:00,4484.446,4499.401,4483.07,4493.619,BULLISH,9.173,5.782,1.376,,67.17,4470.54617,4447.2846,13.114,-0.79859,30.54,11.17134,WAIT,8.04,,,BUY,61.1,NEUTRAL,0,NEUTRAL,0.165,0.4,2026-03-25 06:19:44
2026-03-24 23:20:00,4498.366,4501.561,4495.662,4498.544,BULLISH,0.178,3.017,2.704,Doji,68.83,4473.59832,4449.46342,14.06164,0.06211,33.88,10.46836,WAIT,7.85,,,NEUTRAL,54.3,NEUTRAL,0,NEUTRAL,0.065,0.4,2026-03-25 06:24:28
2026-03-24 23:25:00,4501.977,4508.99,4499.457,4507.489,BULLISH,5.512,1.501,2.52,,71.74,4477.1263,4451.87024,15.29229,0.98973,37.94,10.48624,BUY,16.98,4497.00276,4612.35139,NEUTRAL,57.6,NEUTRAL,0,NEUTRAL,0.115,0.4,2026-03-25 06:29:13
2026-03-24 23:30:00,4509.741,4512.215,4505.614,4508.25,BEARISH,1.491,2.474,2.636,Spinning Top,71.12,4480.29933,4454.17254,16.0744,1.38653,41.7,10.07487,WAIT,11.17,,,NEUTRAL,47.2,NEUTRAL,0,NEUTRAL,-0.04,0.4,2026-03-25 06:34:01
2026-03-24 23:35:00,4506.006,4545.847,4504.425,4545.606,BULLISH,39.6,0.241,1.581,Marubozu Bull,79.03,4486.32462,4457.67317,19.1935,3.6333,47.52,14.30244,BUY,13.89,4531.30356,4688.63039,NEUTRAL,48.8,NEUTRAL,0,NEUTRAL,-0.015,0.4,2026-03-25 06:40:29
2026-03-24 23:40:00,4546.071,4546.352,4531.725,4537.712,BEARISH,8.359,0.281,5.987,,73.9,4491.24752,4460.82457,20.95042,4.3079,52.61,14.42487,WAIT,12.15,,,SELL,37.5,NEUTRAL,0,NEUTRAL,-0.19,0.4,2026-03-25 06:45:16
2026-03-24 23:45:00,4539.683,4544.724,4532.084,4544.178,BULLISH,4.495,0.546,7.599,Hammer,76.05,4496.46551,4464.17072,22.70955,4.82741,56.99,14.18689,WAIT,11.5,,,NEUTRAL,58.0,NEUTRAL,0,NEUTRAL,0.12,0.4,2026-03-25 06:50:01
2026-03-24 23:50:00,4549.96,4551.356,4536.299,4542.391,BEARISH,7.569,1.396,6.092,,72.56,4501.30769,4467.44296,23.89281,4.73916,61.06,14.89143,WAIT,9.26,,,NEUTRAL,56.4,NEUTRAL,0,NEUTRAL,0.095,0.4,2026-03-25 06:54:48
2026-03-24 23:55:00,4543.396,4550.778,4542.304,4545.14,BULLISH,1.744,5.638,1.092,Spinning Top,73.58,4505.57327,4470.52973,24.49228,4.25742,64.46,14.03577,WAIT,7.11,,,SELL,41.7,NEUTRAL,0,NEUTRAL,-0.125,0.4,2026-03-25 06:59:34
2026-03-25 00:00:00,4546.67,4553.806,4537.33,4549.943,BULLISH,3.273,3.863,9.34,Spinning Top,74.7,4509.93829,4473.7049,25.09952,3.87109,64.09,14.38263,WAIT,4.83,,,NEUTRAL,51.5,NEUTRAL,0,NEUTRAL,0.025,0.515,2026-03-25 07:04:23
2026-03-25 00:05:00,4553.187,4554.746,4542.045,4543.1,BEARISH,10.087,1.559,1.055,Bearish Engulfing,68.9,4513.36841,4476.54515,24.83662,2.84628,63.76,14.1702,WAIT,10.15,,,NEUTRAL,46.7,NEUTRAL,0,NEUTRAL,-0.05,0.515,2026-03-25 07:09:12
2026-03-25 00:10:00,4548.621,4554.352,4548.076,4550.527,BULLISH,1.906,3.825,0.545,Inverted Hammer,72.96,4517.40873,4479.66565,25.10128,2.41448,63.48,13.21967,WAIT,10.72,,,NEUTRAL,55.0,NEUTRAL,0,NEUTRAL,0.075,0.4,2026-03-25 07:13:56
2026-03-25 00:15:00,4550.181,4551.555,4538.534,4546.44,BEARISH,3.741,1.374,7.906,Bearish Engulfing,70.23,4520.12734,4482.26402,24.29979,1.29725,56.97,13.24102,WAIT,10.85,,,NEUTRAL,51.6,NEUTRAL,0,NEUTRAL,0.025,0.515,2026-03-25 07:20:17
2026-03-25 00:20:00,4546.038,4547.882,4540.37,4541.447,BEARISH,4.591,1.844,1.077,,66.65,4522.12797,4484.57188,23.00887,0.00948,51.34,12.47715,WAIT,9.21,,,NEUTRAL,46.7,NEUTRAL,0,NEUTRAL,-0.05,0.364,2026-03-25 07:25:05
2026-03-25 00:25:00,4542.476,4557.011,4541.646,4555.107,BULLISH,12.631,1.904,0.83,Bullish Engulfing,71.41,4525.35983,4487.37775,22.91161,-0.0837,49.53,12.8622,WAIT,3.9,,,NEUTRAL,53.1,NEUTRAL,0,NEUTRAL,0.045,0.364,2026-03-25 07:29:53
2026-03-25 00:30:00,4553.539,4561.181,4546.6,4560.314,BULLISH,6.775,0.867,6.939,,72.93,4528.53697,4490.17161,22.81516,-0.12163,47.95,13.09137,WAIT,3.79,,,NEUTRAL,53.0,NEUTRAL,0,NEUTRAL,0.045,0.364,2026-03-25 07:35:11
2026-03-25 00:35:00,4559.744,4565.501,4559.188,4565.257,BULLISH,5.513,0.244,0.556,,74.3,4531.98991,4493.0968,22.95243,0.01906,46.59,12.18759,WAIT,12.05,,,NEUTRAL,54.4,NEUTRAL,0,NEUTRAL,0.065,0.364,2026-03-25 07:40:01
2026-03-25 00:40:00,4566.004,4570.095,4564.938,4568.401,BULLISH,2.397,1.694,1.066,,75.15,4535.51761,4496.07613,23.12415,0.14374,45.41,11.4524,WAIT,9.57,,,NEUTRAL,46.7,NEUTRAL,0,NEUTRAL,-0.05,0.4,2026-03-25 07:44:46
2026-03-25 00:45:00,4567.591,4571.919,4565.725,4566.24,BEARISH,1.351,4.328,0.515,Shooting Star,73.76,4538.37711,4498.79861,22.73179,-0.18906,45.11,10.75128,WAIT,7.57,,,NEUTRAL,48.5,NEUTRAL,0,NEUTRAL,-0.02,0.4,2026-03-25 07:49:37
2026-03-25 00:50:00,4565.58,4567.179,4561.669,4566.865,BULLISH,1.285,0.314,3.911,Hammer,73.68,4541.04337,4501.44738,22.22987,-0.54584,43.11,10.31129,WAIT,9.85,,,NEUTRAL,50.1,NEUTRAL,0,NEUTRAL,0.0,0.4,2026-03-25 07:54:21
2026-03-25 00:55:00,4568.854,4569.064,4562.731,4563.644,BEARISH,5.21,0.21,0.913,,69.69,4543.37228,4503.96363,21.48649,-1.05751,41.38,10.08904,WAIT,11.47,,,NEUTRAL,46.7,NEUTRAL,0,NEUTRAL,-0.05,0.4,2026-03-25 07:59:08
2026-03-25 01:00:00,4563.199,4570.493,4553.153,4553.338,BEARISH,9.861,7.294,0.185,,61.63,4544.28822,4505.88537,19.68537,-2.282,38.22,11.15821,SELL,0.02,4564.49621,4394.97,NEUTRAL,49.7,NEUTRAL,0,NEUTRAL,-0.005,0.364,2026-03-25 08:04:06
2026-03-25 01:05:00,4564.182,4572.834,4563.379,4569.45,BULLISH,5.268,3.384,0.803,,71.73,4547.62424,4508.78898,20.03089,-1.68837,36.27,11.03986,WAIT,0.15,,,NEUTRAL,53.0,NEUTRAL,0,NEUTRAL,0.045,0.364,2026-03-25 08:08:59
2026-03-25 01:10:00,4576.253,4578.891,4569.584,4570.765,BEARISH,5.488,2.638,1.181,,69.27,4550.40545,4511.47185,19.90933,-1.53346,34.21,11.23763,WAIT,8.21,,,NEUTRAL,49.8,NEUTRAL,0,NEUTRAL,-0.005,0.364,2026-03-25 08:15:27
2026-03-25 01:15:00,4570.756,4575.809,4567.999,4574.445,BULLISH,3.689,1.364,2.757,,70.65,4552.69941,4513.94335,19.46521,-1.58272,33.37,10.78062,WAIT,6.76,,,NEUTRAL,54.5,NEUTRAL,0,NEUTRAL,0.07,0.4,2026-03-25 08:20:19
2026-03-25 01:20:00,4575.674,4578.691,4571.519,4575.962,BULLISH,0.288,2.729,4.155,Doji,71.19,4555.00597,4516.41528,19.0783,-1.5892,32.65,10.29947,WAIT,7.54,,,NEUTRAL,45.5,NEUTRAL,0,NEUTRAL,-0.07,0.364,2026-03-25 08:25:05
2026-03-25 01:25:00,4574.312,4578.351,4572.323,4574.057,BEARISH,0.255,4.039,1.734,Doji,69.72,4556.6687,4518.60942,18.23132,-1.92648,32.02,9.72994,WAIT,5.23,,,NEUTRAL,48.0,NEUTRAL,0,NEUTRAL,-0.03,0.4,2026-03-25 08:29:59
2026-03-25 01:30:00,4575.349,4585.264,4574.217,4585.021,BULLISH,9.672,0.243,1.132,,73.95,4559.47767,4521.26135,18.42232,-1.40449,30.45,9.90555,WAIT,9.42,,,NEUTRAL,53.2,NEUTRAL,0,NEUTRAL,0.05,0.4,2026-03-25 08:34:53
2026-03-25 01:35:00,4584.488,4589.448,4583.767,4588.99,BULLISH,4.502,0.458,0.721,,75.3,4562.24666,4523.89914,18.56995,-0.99931,29.29,9.36469,WAIT,11.4,,,NEUTRAL,53.1,NEUTRAL,0,NEUTRAL,0.045,0.4,2026-03-25 08:39:41
2026-03-25 01:40:00,4588.301,4591.363,4585.067,4588.394,BULLISH,0.093,2.969,3.234,Doji,75.11,4564.67122,4526.39964,18.40976,-0.91787,28.19,9.04024,WAIT,6.68,,,NEUTRAL,44.5,NEUTRAL,0,NEUTRAL,-0.08,0.4,2026-03-25 08:44:36
2026-03-25 01:45:00,4585.063,4595.697,4583.407,4594.896,BULLISH,9.833,0.801,1.656,Bullish Engulfing,75.41,4567.26878,4528.9629,18.43992,-0.66855,31.18,9.61521,WAIT,11.58,,,NEUTRAL,49.9,NEUTRAL,0,NEUTRAL,0.0,0.4,2026-03-25 08:49:24
2026-03-25 01:50:00,4596.184,4600.648,4593.442,4598.601,BULLISH,2.417,2.047,2.742,,76.56,4570.36826,4531.7443,18.8353,-0.23564,33.98,9.43981,WAIT,12.23,,,NEUTRAL,49.3,NEUTRAL,0,NEUTRAL,-0.01,0.4,2026-03-25 08:54:10
2026-03-25 01:55:00,4598.286,4600.82,4594.606,4596.687,BEARISH,1.599,2.534,2.081,Spinning Top,74.83,4572.84241,4534.2769,18.67084,-0.31528,35.98,9.06136,WAIT,6.44,,,NEUTRAL,48.4,NEUTRAL,0,NEUTRAL,-0.025,0.364,2026-03-25 08:59:02
2026-03-25 02:00:00,4594.92,4596.406,4585.391,4592.483,BEARISH,2.437,1.486,7.092,Spinning Top,70.54,4574.56534,4536.49495,17.91184,-0.83756,33.19,9.32531,WAIT,2.34,,,NEUTRAL,45.9,NEUTRAL,0,NEUTRAL,-0.06,0.364,2026-03-25 09:03:55
2026-03-25 02:05:00,4589.111,4592.61,4581.716,4582.389,BEARISH,6.722,3.499,0.673,,61.4,4575.02549,4538.17012,16.21123,-1.98833,32.65,9.53447,SELL,0.84,4591.92347,4455.974,NEUTRAL,46.1,NEUTRAL,0,NEUTRAL,-0.06,0.4,2026-03-25 09:10:21
2026-03-25 02:10:00,4581.736,4587.633,4579.642,4587.008,BULLISH,5.272,0.625,2.094,,63.55,4576.10369,4540.05779,15.22423,-2.37093,33.12,9.33537,WAIT,-0.23,,,NEUTRAL,51.2,NEUTRAL,0,NEUTRAL,0.02,0.4,2026-03-25 09:15:13
2026-03-25 02:15:00,4585.374,4588.36,4584.337,4587.925,BULLISH,2.551,0.435,1.037,,64.07,4577.09365,4541.87551,14.29915,-2.61668,33.51,8.62706,WAIT,-0.35,,,NEUTRAL,48.8,NEUTRAL,0,NEUTRAL,-0.02,0.4,2026-03-25 09:20:01
2026-03-25 02:20:00,4587.147,4591.742,4585.268,4585.764,BEARISH,1.383,4.595,0.496,Shooting Star,62.38,4577.85313,4543.56766,13.29023,-2.89066,30.68,8.33998,WAIT,1.65,,,NEUTRAL,50.1,NEUTRAL,0,NEUTRAL,0.0,0.4,2026-03-25 09:24:46
2026-03-25 02:25:00,4586.739,4592.727,4585.268,4588.698,BULLISH,1.959,4.029,1.471,Bullish Engulfing,64.42,4578.97077,4545.37455,12.69103,-2.80445,27.4,8.26724,WAIT,7.64,,,NEUTRAL,47.0,NEUTRAL,0,NEUTRAL,-0.045,0.364,2026-03-25 09:29:32
2026-03-25 02:30:00,4587.184,4588.149,4581.229,4585.274,BEARISH,1.91,0.965,4.045,Bearish Engulfing,61.65,4579.41589,4546.87138,11.63138,-3.06829,27.15,8.08761,WAIT,3.59,,,NEUTRAL,49.6,NEUTRAL,0,NEUTRAL,-0.005,0.364,2026-03-25 09:34:40
2026-03-25 02:35:00,4586.889,4597.162,4585.726,4593.81,BULLISH,6.921,3.352,1.163,Bullish Engulfing,67.56,4580.94547,4548.78151,11.57556,-2.5228,25.96,8.53406,WAIT,10.59,,,SELL,40.1,NEUTRAL,0,NEUTRAL,-0.15,0.4,2026-03-25 09:39:27
2026-03-25 02:40:00,4592.194,4597.018,4590.837,4595.826,BULLISH,3.632,1.192,1.357,,68.74,4582.23161,4550.56908,11.35194,-2.17773,24.92,8.22032,WAIT,6.78,,,NEUTRAL,46.2,NEUTRAL,0,NEUTRAL,-0.055,0.4,2026-03-25 09:44:12
2026-03-25 02:45:00,4593.318,4602.458,4593.259,4594.637,BULLISH,1.319,7.821,0.059,Inverted Hammer,68.15,4583.19145,4552.20033,10.88917,-2.07957,26.36,8.36638,WAIT,12.41,,,NEUTRAL,43.6,NEUTRAL,0,NEUTRAL,-0.095,0.4,2026-03-25 09:49:00
2026-03-25 02:50:00,4590.341,4592.846,4584.043,4585.057,BEARISH,5.284,2.505,1.014,,57.7,4583.0042,4553.32926,9.5382,-2.69038,23.87,8.84268,WAIT,5.05,,,NEUTRAL,51.3,NEUTRAL,0,NEUTRAL,0.02,0.4,2026-03-25 09:55:25
2026-03-25 02:55:00,4586.61,4587.211,4581.612,4583.348,BEARISH,3.262,0.601,1.736,,55.77,4583.14241,4554.55258,8.57479,-2.93865,21.02,8.41019,SELL,1.14,4591.75819,4455.974,NEUTRAL,53.3,NEUTRAL,0,NEUTRAL,0.05,0.4,2026-03-25 10:00:12
2026-03-25 03:00:00,4583.482,4586.192,4573.418,4574.589,BEARISH,8.893,2.71,1.171,,47.44,4582.35615,4555.35072,6.96731,-3.6411,22.02,8.99203,WAIT,1.38,,,NEUTRAL,53.5,NEUTRAL,0,NEUTRAL,0.055,0.4,2026-03-25 10:04:57
2026-03-25 03:05:00,4575.619,4582.282,4574.972,4577.973,BULLISH,2.354,4.309,0.647,,50.47,4582.01824,4556.27265,5.93472,-3.75074,22.9,8.76776,WAIT,5.57,,,NEUTRAL,43.6,NEUTRAL,0,NEUTRAL,-0.095,0.4,2026-03-25 10:09:46
2026-03-25 03:10:00,4575.51,4580.546,4573.199,4573.723,BEARISH,1.787,5.036,0.524,Shooting Star,46.54,4580.99824,4556.85641,4.49698,-4.11672,24.0,8.68209,WAIT,2.07,,,NEUTRAL,51.4,NEUTRAL,0,NEUTRAL,0.02,0.4,2026-03-25 10:14:31
2026-03-25 03:15:00,4576.682,4578.345,4571.821,4578.178,BULLISH,1.496,0.167,4.861,Hammer,50.96,4580.95893,4557.79281,4.00538,-3.72062,25.53,8.39435,WAIT,4.35,,,NEUTRAL,51.2,NEUTRAL,0,NEUTRAL,0.02,0.4,2026-03-25 10:19:16
2026-03-25 03:20:00,4576.182,4576.934,4572.777,4576.065,BEARISH,0.117,0.752,3.288,Doji,48.77,4580.32163,4558.4345,3.11733,-3.66157,26.86,7.85791,WAIT,1.15,,,NEUTRAL,52.7,NEUTRAL,0,NEUTRAL,0.04,0.364,2026-03-25 10:24:03
2026-03-25 03:25:00,4577.431,4579.577,4575.007,4575.287,BEARISH,2.144,2.146,0.28,Bearish Engulfing,47.87,4579.95313,4559.14392,2.52749,-3.41757,28.01,7.49348,WAIT,0.96,,,NEUTRAL,47.2,NEUTRAL,0,NEUTRAL,-0.04,0.4,2026-03-25 10:30:22
2026-03-25 03:30:00,4575.371,4577.083,4570.84,4573.624,BEARISH,1.747,1.712,2.784,Spinning Top,46.0,4579.36302,4559.7173,1.83246,-3.29196,30.94,7.32675,WAIT,-1.6,,,NEUTRAL,51.2,NEUTRAL,0,NEUTRAL,0.02,0.4,2026-03-25 10:35:04
2026-03-25 03:35:00,4573.566,4578.056,4571.622,4573.09,BEARISH,0.476,4.49,1.468,Doji,45.4,4578.75404,4560.23667,1.20699,-3.13223,32.34,7.20771,WAIT,1.45,,,NEUTRAL,52.2,NEUTRAL,0,NEUTRAL,0.035,0.4,2026-03-25 10:39:45
2026-03-25 03:40:00,4573.963,4573.966,4571.655,4572.081,BEARISH,1.882,0.003,0.426,Bearish Engulfing,44.21,4578.17082,4560.72403,0.66847,-2.94434,33.55,6.55482,WAIT,-0.44,,,NEUTRAL,44.9,NEUTRAL,0,NEUTRAL,-0.075,0.4,2026-03-25 10:44:24
2026-03-25 03:45:00,4569.872,4573.547,4568.057,4571.966,BULLISH,2.094,1.581,1.815,,44.86,4577.391,4561.0823,0.05682,-2.81682,37.03,6.6569,WAIT,-4.59,,,NEUTRAL,48.2,NEUTRAL,0,NEUTRAL,-0.025,0.364,2026-03-25 10:49:04
2026-03-25 03:50:00,4569.509,4574.215,4567.503,4573.086,BULLISH,3.577,1.129,2.006,,46.78,4576.76584,4561.45895,-0.35049,-2.54743,38.28,6.66424,WAIT,-3.09,,,NEUTRAL,47.3,NEUTRAL,0,NEUTRAL,-0.04,0.364,2026-03-25 10:55:18
2026-03-25 03:55:00,4572.954,4573.657,4567.755,4569.457,BEARISH,3.497,0.703,1.702,Bearish Engulfing,42.51,4576.05442,4561.76589,-0.81001,-2.40329,39.36,6.56261,WAIT,-12.26,,,NEUTRAL,53.5,NEUTRAL,0,NEUTRAL,0.055,0.364,2026-03-25 11:00:00
2026-03-25 04:00:00,4570.157,4571.533,4565.569,4571.427,BULLISH,1.27,0.106,4.588,Hammer,45.18,4575.6736,4562.17094,-0.94972,-2.04327,41.49,6.4828,WAIT,-10.89,,,NEUTRAL,57.7,NEUTRAL,0,NEUTRAL,0.115,0.4,2026-03-25 11:04:39
2026-03-25 04:05:00,4573.211,4574.535,4568.682,4569.291,BEARISH,3.92,1.324,0.609,Bearish Engulfing,43.03,4575.2105,4562.51346,-1.15871,-1.82325,43.33,6.68529,WAIT,-3.6,,,NEUTRAL,45.7,NEUTRAL,0,NEUTRAL,-0.065,0.4,2026-03-25 11:09:19
2026-03-25 04:10:00,4571.52,4573.456,4569.317,4571.573,BULLISH,0.053,1.883,2.203,Doji,45.62,4575.05838,4562.9537,-1.09332,-1.43507,44.92,6.39397,WAIT,-9.81,,,NEUTRAL,51.7,NEUTRAL,0,NEUTRAL,0.025,0.364,2026-03-25 11:13:59
2026-03-25 04:15:00,4573.809,4574.458,4572.839,4573.613,BEARISH,0.196,0.649,0.774,Spinning Top,48.59,4575.09556,4563.44816,-0.88287,-1.00559,46.31,5.84328,WAIT,-7.09,,,NEUTRAL,48.7,NEUTRAL,0,NEUTRAL,-0.02,0.4,2026-03-25 11:20:11
2026-03-25 04:20:00,4573.899,4574.686,4570.816,4571.118,BEARISH,2.781,0.787,0.302,Bearish Engulfing,45.14,4574.74121,4563.75964,-1.01627,-0.91482,48.78,5.58017,WAIT,-6.24,,,NEUTRAL,49.3,NEUTRAL,0,NEUTRAL,-0.01,0.4,2026-03-25 11:24:52
2026-03-25 04:25:00,4572.467,4574.349,4572.409,4573.65,BULLISH,1.183,0.699,0.058,,48.85,4574.75913,4564.20077,-0.83788,-0.60719,50.93,5.09482,WAIT,-2.97,,,NEUTRAL,52.0,NEUTRAL,0,NEUTRAL,0.03,0.4,2026-03-25 11:29:27
2026-03-25 04:30:00,4573.996,4574.3,4571.726,4574.126,BULLISH,0.13,0.174,2.27,Hammer,49.58,4574.73933,4564.60771,-0.71003,-0.38947,53.2,4.76888,WAIT,-4.55,,,NEUTRAL,45.9,NEUTRAL,0,NEUTRAL,-0.06,0.4,2026-03-25 11:34:46
2026-03-25 04:35:00,4571.16,4571.645,4566.037,4569.616,BEARISH,1.544,0.485,3.579,Hanging Man,43.05,4574.02279,4564.70415,-1.15431,-0.63314,57.38,4.97991,SELL,-11.53,4574.59591,4455.974,BUY,58.7,NEUTRAL,0,NEUTRAL,0.13,0.4,2026-03-25 11:38:45
2026-03-25 04:40:00,4571.901,4573.323,4570.52,4570.976,BEARISH,0.925,1.422,0.456,,44.97,4573.93839,4565.04008,-1.06786,-0.46784,60.73,4.98247,WAIT,-7.04,,,NEUTRAL,43.8,NEUTRAL,0,NEUTRAL,-0.095,0.4,2026-03-25 11:44:46
2026-03-25 04:45:00,4569.557,4571.207,4567.813,4569.537,BEARISH,0.02,1.65,1.724,Doji,42.92,4573.40374,4565.16594,-1.33454,-0.5705,63.97,4.90264,WAIT,-10.89,,,NEUTRAL,52.2,NEUTRAL,0,NEUTRAL,0.035,0.4,2026-03-25 11:49:19
2026-03-25 04:50:00,4570.163,4572.056,4569.391,4570.239,BULLISH,0.076,1.817,0.772,Doji,44.27,4573.12914,4565.3766,-1.36936,-0.48823,66.78,4.60429,WAIT,-5.72,,,NEUTRAL,51.4,NEUTRAL,0,NEUTRAL,0.02,0.364,2026-03-25 11:55:21
2026-03-25 04:55:00,4569.979,4573.925,4569.979,4572.419,BULLISH,2.44,1.506,0.0,,48.64,4573.03505,4565.64121,-1.24547,-0.28756,64.61,4.52278,WAIT,-3.72,,,NEUTRAL,55.2,NEUTRAL,0,NEUTRAL,0.08,0.4,2026-03-25 11:59:52
2026-03-25 05:00:00,4572.644,4573.073,4567.337,4568.077,BEARISH,4.567,0.429,0.74,Bearish Engulfing,41.64,4572.55252,4565.73221,-1.4688,-0.40717,64.26,4.68454,WAIT,-5.69,,,NEUTRAL,50.9,NEUTRAL,0,NEUTRAL,0.015,0.4,2026-03-25 12:04:22
2026-03-25 05:05:00,4569.375,4571.477,4566.603,4570.806,BULLISH,1.431,0.671,2.772,Spinning Top,46.36,4572.50285,4565.9822,-1.31843,-0.22273,64.32,4.70981,WAIT,-5.26,,,NEUTRAL,55.0,NEUTRAL,0,NEUTRAL,0.075,0.4,2026-03-25 12:08:57
2026-03-25 05:10:00,4571.527,4572.144,4568.349,4572.048,BULLISH,0.521,0.096,3.178,Hammer,48.67,4572.53803,4566.2544,-1.11504,-0.0271,64.37,4.80808,WAIT,-5.02,,,NEUTRAL,55.1,NEUTRAL,0,NEUTRAL,0.075,0.4,2026-03-25 12:14:57
2026-03-25 05:15:00,4571.315,4571.708,4563.78,4565.043,BEARISH,6.272,0.393,1.263,,37.97,4571.75882,4566.17829,-1.60547,-0.40433,66.13,5.22407,SELL,-11.97,4570.26707,4455.974,NEUTRAL,47.2,NEUTRAL,0,NEUTRAL,-0.04,0.4,2026-03-25 12:19:32
2026-03-25 05:20:00,4564.64,4565.411,4560.424,4562.041,BEARISH,2.599,0.771,1.617,,34.48,4570.80402,4566.00323,-2.18439,-0.78226,68.37,5.19246,WAIT,-13.07,,,NEUTRAL,51.4,NEUTRAL,0,NEUTRAL,0.02,0.364,2026-03-25 12:24:03
2026-03-25 05:25:00,4562.977,4563.081,4554.741,4558.109,BEARISH,4.868,0.104,3.368,,30.44,4569.65744,4565.72097,-2.86083,-1.17622,71.03,5.61213,WAIT,-14.49,,,NEUTRAL,48.1,NEUTRAL,0,NEUTRAL,-0.03,0.4,2026-03-25 12:30:02
2026-03-25 05:30:00,4554.696,4558.937,4549.282,4555.546,BULLISH,0.85,3.391,5.414,Doji,29.31,4568.02578,4565.19615,-3.81362,-1.66059,73.81,6.27552,WAIT,-10.1,,,NEUTRAL,52.3,NEUTRAL,0,NEUTRAL,0.035,0.364,2026-03-25 12:34:32
2026-03-25 05:35:00,4553.151,4559.895,4551.247,4556.34,BULLISH,3.189,3.555,1.904,,32.99,4566.69338,4564.75288,-4.40149,-1.76626,76.14,6.59185,WAIT,-11.64,,,NEUTRAL,50.7,NEUTRAL,0,NEUTRAL,0.01,0.4,2026-03-25 12:39:02
2026-03-25 05:40:00,4559.201,4566.639,4556.952,4565.905,BULLISH,6.704,0.734,2.249,,47.28,4566.85215,4564.90032,-3.72256,-0.9045,70.49,7.00454,WAIT,-11.74,,,NEUTRAL,52.4,NEUTRAL,0,NEUTRAL,0.035,0.4,2026-03-25 12:45:01
2026-03-25 05:45:00,4566.457,4566.774,4562.12,4563.887,BEARISH,2.57,0.317,1.767,,45.13,4566.61827,4564.8818,-3.44413,-0.50804,65.52,6.69714,WAIT,-5.86,,,NEUTRAL,45.7,NEUTRAL,0,NEUTRAL,-0.065,0.4,2026-03-25 12:49:32
2026-03-25 05:50:00,4559.413,4564.41,4555.424,4560.501,BULLISH,1.088,3.909,3.989,Spinning Top,42.34,4565.65119,4564.54188,-3.76685,-0.60766,62.95,7.31374,WAIT,0.09,,,NEUTRAL,46.0,NEUTRAL,0,NEUTRAL,-0.06,0.4,2026-03-25 12:54:03
2026-03-25 05:55:00,4558.835,4559.078,4553.531,4556.482,BEARISH,2.353,0.243,2.951,,38.3,4564.63748,4564.16439,-4.1189,-0.74696,61.39,7.07818,WAIT,-8.79,,,NEUTRAL,45.4,NEUTRAL,0,NEUTRAL,-0.07,0.4,2026-03-25 13:00:04
2026-03-25 06:00:00,4555.699,4556.936,4546.281,4551.709,BEARISH,3.99,1.237,5.428,,34.4,4563.31512,4563.63612,-4.69175,-1.04236,61.96,7.55509,WAIT,-4.63,,,NEUTRAL,55.1,NEUTRAL,0,NEUTRAL,0.075,0.4,2026-03-25 13:04:36
2026-03-25 06:05:00,4550.218,4551.744,4544.622,4546.134,BEARISH,4.084,1.526,1.512,,30.51,4561.5357,4562.88718,-5.56807,-1.51375,62.79,7.49734,WAIT,-8.86,,,NEUTRAL,47.5,NEUTRAL,0,NEUTRAL,-0.035,0.4,2026-03-25 13:09:09
2026-03-25 06:10:00,4540.808,4546.943,4533.157,4534.927,BEARISH,5.881,6.135,1.77,,24.58,4558.53812,4561.58807,-7.31262,-2.53799,65.71,8.98109,WAIT,-13.36,,,NEUTRAL,52.4,NEUTRAL,0,NEUTRAL,0.035,0.4,2026-03-25 13:15:10
2026-03-25 06:15:00,4534.543,4549.274,4534.416,4549.176,BULLISH,14.633,0.098,0.127,Bullish Engulfing,40.98,4557.61789,4561.08881,-7.14376,-1.89106,65.59,9.76468,WAIT,-12.75,,,NEUTRAL,54.9,NEUTRAL,0,NEUTRAL,0.075,0.4,2026-03-25 13:19:43
2026-03-25 06:20:00,4549.04,4552.738,4547.356,4552.188,BULLISH,3.148,0.55,1.684,,43.73,4557.09403,4560.73682,-6.67382,-1.13591,64.64,9.25104,WAIT,-10.02,,,NEUTRAL,48.0,NEUTRAL,0,NEUTRAL,-0.03,0.364,2026-03-25 13:24:14
2026-03-25 06:25:00,4551.353,4552.6,4547.933,4550.613,BEARISH,0.74,1.247,2.68,Spinning Top,42.45,4556.39795,4560.30534,-6.40671,-0.68336,64.21,8.63984,WAIT,-9.84,,,NEUTRAL,55.2,NEUTRAL,0,NEUTRAL,0.08,0.4,2026-03-25 13:30:18
2026-03-25 06:30:00,4550.17,4556.701,4550.17,4552.425,BULLISH,2.255,4.276,0.0,Inverted Hammer,44.39,4555.97614,4559.97731,-5.95372,-0.17787,60.04,8.36679,WAIT,-6.57,,,NEUTRAL,49.7,NEUTRAL,0,NEUTRAL,-0.005,0.4,2026-03-25 13:34:57
2026-03-25 06:35:00,4553.524,4553.757,4547.602,4548.769,BEARISH,4.755,0.233,1.167,,41.84,4555.39039,4559.58178,-5.71918,0.03043,57.44,8.07189,WAIT,-4.2,,,NEUTRAL,50.9,NEUTRAL,0,NEUTRAL,0.015,0.364,2026-03-25 13:39:29
2026-03-25 06:40:00,4546.635,4548.957,4544.23,4545.213,BEARISH,1.422,2.322,0.983,,39.44,4554.22569,4558.93285,-5.96661,-0.14465,56.67,7.77728,SELL,-14.84,4552.99028,4467.44021,NEUTRAL,54.3,NEUTRAL,0,NEUTRAL,0.065,0.4,2026-03-25 13:44:13
2026-03-25 06:45:00,4546.749,4549.856,4543.541,4549.625,BULLISH,2.876,0.231,3.208,,43.57,4553.92402,4558.62751,-5.5012,0.23639,54.77,7.58231,WAIT,-6.1,,,NEUTRAL,53.7,NEUTRAL,0,NEUTRAL,0.055,0.4,2026-03-25 13:49:00
2026-03-25 06:50:00,4547.316,4550.199,4546.29,4548.059,BULLISH,0.743,2.14,1.026,Spinning Top,42.04,4553.16183,4558.12403,-5.44333,0.26557,51.75,7.18914,WAIT,-5.26,,,NEUTRAL,48.3,NEUTRAL,0,NEUTRAL,-0.025,0.4,2026-03-25 13:55:20
2026-03-25 06:55:00,4547.922,4549.466,4542.919,4543.958,BEARISH,3.964,1.544,1.039,Bearish Engulfing,38.65,4552.26804,4557.56096,-5.52774,0.14748,51.21,7.10352,WAIT,-7.78,,,NEUTRAL,50.6,NEUTRAL,0,NEUTRAL,0.01,0.364,2026-03-25 14:00:12
2026-03-25 07:00:00,4545.286,4549.949,4544.624,4549.898,BULLISH,4.612,0.051,0.662,Bullish Engulfing,45.08,4552.16201,4557.31279,-4.95898,0.55526,50.75,6.86638,WAIT,-9.45,,,NEUTRAL,49.8,NEUTRAL,0,NEUTRAL,-0.005,0.4,2026-03-25 14:04:56
2026-03-25 07:05:00,4548.483,4552.004,4548.023,4551.847,BULLISH,3.364,0.157,0.46,,47.34,4552.02413,4557.05127,-4.46531,0.85513,50.35,6.54672,WAIT,-0.97,,,NEUTRAL,52.9,NEUTRAL,0,NEUTRAL,0.045,0.364,2026-03-25 14:09:40
2026-03-25 07:10:00,4551.047,4553.601,4549.507,4552.987,BULLISH,1.94,0.614,1.54,,48.7,4552.02397,4556.85172,-3.92411,1.13067,50.0,6.25494,WAIT,0.24,,,NEUTRAL,54.4,NEUTRAL,0,NEUTRAL,0.065,0.364,2026-03-25 14:14:23
2026-03-25 07:15:00,4556.541,4562.0,4556.275,4561.583,BULLISH,5.042,0.417,0.266,,56.89,4553.26223,4557.18063,-2.46867,2.02032,38.67,6.81625,WAIT,0.21,,,NEUTRAL,48.1,NEUTRAL,0,NEUTRAL,-0.03,0.308,2026-03-25 14:19:09
2026-03-25 07:20:00,4562.033,4563.308,4555.816,4556.62,BEARISH,5.413,1.275,0.804,,51.55,4553.61881,4557.17473,-1.90766,2.05961,34.67,6.96147,WAIT,0.87,,,NEUTRAL,52.3,NEUTRAL,0,NEUTRAL,0.035,0.28,2026-03-25 14:25:29
2026-03-25 07:25:00,4557.094,4562.718,4556.167,4559.416,BULLISH,2.322,3.302,0.927,,54.14,4554.2159,4557.28229,-1.21788,2.19286,31.19,6.90674,WAIT,4.93,,,NEUTRAL,56.4,NEUTRAL,0,NEUTRAL,0.095,0.28,2026-03-25 14:30:13
2026-03-25 07:30:00,4560.912,4561.231,4553.71,4555.464,BEARISH,5.448,0.319,1.754,,49.94,4554.48599,4557.27711,-0.90336,1.9835,28.41,6.98864,SELL,1.71,4562.45264,4485.57756,NEUTRAL,49.5,NEUTRAL,0,NEUTRAL,-0.005,0.28,2026-03-25 14:35:00
2026-03-25 07:35:00,4555.172,4555.3,4542.539,4547.005,BEARISH,8.167,0.128,4.466,,42.95,4553.7319,4556.85608,-1.46088,1.14695,31.71,7.75829,SELL,-6.88,4554.76329,4469.42208,NEUTRAL,52.6,NEUTRAL,0,NEUTRAL,0.04,0.308,2026-03-25 14:40:27
2026-03-25 07:40:00,4547.107,4552.55,4545.656,4548.072,BULLISH,0.965,4.478,1.451,Spinning Top,44.01,4553.19596,4556.51297,-1.76351,0.67499,34.57,7.64305,SELL,-2.57,4555.71505,4471.64147,NEUTRAL,48.9,NEUTRAL,0,NEUTRAL,-0.015,0.308,2026-03-25 14:45:20
2026-03-25 07:45:00,4546.944,4550.137,4539.474,4544.91,BEARISH,2.034,3.193,5.436,Spinning Top,41.29,4552.29205,4556.00776,-2.31705,0.11417,38.68,8.04571,SELL,-11.49,4552.95571,4464.45288,NEUTRAL,53.1,NEUTRAL,0,NEUTRAL,0.045,0.308,2026-03-25 14:50:17
2026-03-25 07:50:00,4544.592,4546.328,4542.392,4544.75,BULLISH,0.158,1.578,2.2,Doji,41.21,4551.55239,4555.55694,-2.66911,-0.18715,42.23,7.49775,WAIT,-11.87,,,NEUTRAL,54.5,NEUTRAL,0,NEUTRAL,0.065,0.308,2026-03-25 14:55:06
2026-03-25 07:55:00,4544.701,4545.209,4536.861,4538.257,BEARISH,6.444,0.508,1.396,,36.19,4550.28547,4554.87821,-3.41748,-0.74832,46.41,7.61112,SELL,-11.36,4545.86812,4462.14583,NEUTRAL,55.8,NEUTRAL,0,NEUTRAL,0.085,0.308,2026-03-25 14:59:55
2026-03-25 08:00:00,4539.476,4549.682,4535.624,4549.169,BULLISH,9.693,0.513,3.852,,47.56,4550.27668,4554.69697,-3.02417,-0.29845,45.84,8.4707,WAIT,-6.65,,,NEUTRAL,48.2,NEUTRAL,0,NEUTRAL,-0.025,0.28,2026-03-25 15:04:14
2026-03-25 08:05:00,4545.779,4554.929,4543.92,4554.571,BULLISH,8.792,0.358,1.859,,52.52,4550.38537,4554.56072,-2.53603,0.19624,45.35,8.80914,WAIT,-5.99,,,NEUTRAL,49.2,NEUTRAL,0,NEUTRAL,-0.015,0.36,2026-03-25 15:09:09
2026-03-25 08:10:00,4551.506,4559.141,4549.784,4554.572,BULLISH,3.066,4.569,1.722,,52.7,4550.53249,4554.45114,-2.08663,0.55378,44.93,8.88219,BUY,0.95,4545.68981,4643.39389,NEUTRAL,48.9,NEUTRAL,0,NEUTRAL,-0.015,0.28,2026-03-25 15:14:04
2026-03-25 08:15:00,4558.359,4564.547,4556.95,4559.626,BULLISH,1.267,4.921,1.409,Spinning Top,56.7,4551.73338,4554.8005,-0.88575,1.35413,44.56,8.71083,BUY,4.72,4550.91517,4646.73431,NEUTRAL,48.1,NEUTRAL,0,NEUTRAL,-0.03,0.308,2026-03-25 15:19:00
2026-03-25 08:20:00,4563.105,4567.781,4561.699,4562.488,BEARISH,0.617,4.676,0.789,Spinning Top,58.54,4553.0631,4555.23553,0.26898,1.96184,44.24,8.36032,WAIT,3.39,,,NEUTRAL,48.6,NEUTRAL,0,NEUTRAL,-0.02,0.308,2026-03-25 15:25:32
2026-03-25 08:25:00,4562.362,4567.273,4561.001,4566.004,BULLISH,3.642,1.269,1.361,Bullish Engulfing,61.15,4554.29548,4555.65779,1.22947,2.33788,44.38,8.08188,WAIT,11.44,,,NEUTRAL,48.3,NEUTRAL,0,NEUTRAL,-0.025,0.308,2026-03-25 15:30:20
2026-03-25 08:30:00,4565.612,4567.269,4563.111,4565.115,BEARISH,0.497,1.657,2.004,Spinning Top,60.28,4555.2942,4556.01479,1.87446,2.39099,44.5,7.55869,WAIT,6.58,,,NEUTRAL,50.4,NEUTRAL,0,NEUTRAL,0.005,0.28,2026-03-25 15:35:07
2026-03-25 08:35:00,4566.195,4566.342,4553.136,4563.544,BEARISH,2.651,0.147,10.408,Bearish Engulfing,58.18,4556.16158,4556.34578,2.3145,2.25272,48.33,8.31167,WAIT,1.68,,,NEUTRAL,49.9,NEUTRAL,0,NEUTRAL,0.0,0.396,2026-03-25 15:40:06
2026-03-25 08:40:00,4563.3,4567.387,4562.272,4566.63,BULLISH,3.33,0.757,1.028,,60.63,4557.12954,4556.73638,2.79906,2.19412,51.64,7.88545,WAIT,5.18,,,NEUTRAL,47.2,NEUTRAL,0,NEUTRAL,-0.04,0.308,2026-03-25 15:44:56
2026-03-25 08:45:00,4565.072,4567.084,4562.231,4564.887,BEARISH,0.185,2.012,2.656,Doji,59.18,4557.72849,4556.99486,2.92885,1.87985,54.52,7.48112,WAIT,4.82,,,NEUTRAL,51.3,NEUTRAL,0,NEUTRAL,0.02,0.308,2026-03-25 15:49:48
2026-03-25 08:50:00,4564.671,4567.036,4560.304,4563.722,BEARISH,0.949,2.365,3.418,Spinning Top,57.62,4558.28508,4557.25245,2.99551,1.55931,57.49,7.38124,WAIT,0.39,,,NEUTRAL,45.3,NEUTRAL,0,NEUTRAL,-0.07,0.308,2026-03-25 15:54:38
2026-03-25 08:55:00,4559.246,4561.342,4556.035,4557.208,BEARISH,2.038,2.096,1.173,,50.0,4557.7969,4557.0821,2.22866,0.69108,61.03,7.25617,SELL,1.46,4564.46417,4484.64635,NEUTRAL,52.1,NEUTRAL,0,NEUTRAL,0.03,0.308,2026-03-25 15:59:28
2026-03-25 09:00:00,4556.181,4564.945,4554.218,4564.011,BULLISH,7.83,0.934,1.963,Bullish Engulfing,56.58,4558.30479,4557.31713,2.36483,0.67424,59.52,7.84016,WAIT,2.87,,,NEUTRAL,48.0,NEUTRAL,0,NEUTRAL,-0.03,0.396,2026-03-25 16:04:51
2026-03-25 09:05:00,4563.189,4567.616,4561.674,4562.722,BEARISH,0.467,4.427,1.048,Doji,55.37,4558.64914,4557.4957,2.34805,0.53728,57.5,7.62336,WAIT,3.63,,,NEUTRAL,47.7,NEUTRAL,0,NEUTRAL,-0.035,0.28,2026-03-25 16:09:40
2026-03-25 09:10:00,4562.31,4566.033,4558.814,4560.617,BEARISH,1.693,3.723,1.803,Spinning Top,52.9,4558.80484,4557.60424,2.17294,0.29443,56.76,7.70603,WAIT,7.07,,,NEUTRAL,55.3,NEUTRAL,0,NEUTRAL,0.08,0.28,2026-03-25 16:14:24
2026-03-25 09:15:00,4562.174,4565.527,4561.508,4564.781,BULLISH,2.607,0.746,0.666,,57.36,4559.50136,4557.94137,2.45718,0.44407,56.12,7.21443,WAIT,7.04,,,NEUTRAL,45.8,NEUTRAL,0,NEUTRAL,-0.065,0.28,2026-03-25 16:20:09
2026-03-25 09:20:00,4563.584,4565.996,4556.043,4556.517,BEARISH,7.067,2.412,0.474,,47.81,4559.11907,4557.84263,1.83017,-0.13183,57.55,7.57957,SELL,3.58,4564.09657,4480.72131,NEUTRAL,49.3,NEUTRAL,0,NEUTRAL,-0.01,0.28,2026-03-25 16:25:48
2026-03-25 09:25:00,4555.95,4560.752,4554.691,4560.334,BULLISH,4.384,0.418,1.259,,51.96,4559.18213,4557.91731,1.65605,-0.23696,59.35,7.51668,WAIT,3.33,,,NEUTRAL,46.0,NEUTRAL,0,NEUTRAL,-0.06,0.28,2026-03-25 16:29:05
2026-03-25 09:30:00,4558.254,4560.352,4556.76,4558.99,BULLISH,0.736,1.362,1.494,Spinning Top,50.67,4558.98814,4557.88255,1.30615,-0.44346,60.66,6.99339,WAIT,6.5,,,NEUTRAL,49.4,NEUTRAL,0,NEUTRAL,-0.01,0.308,2026-03-25 16:34:00
2026-03-25 09:35:00,4556.651,4559.27,4550.991,4552.635,BEARISH,4.016,2.619,1.644,,43.89,4558.18394,4557.58969,0.49528,-0.97397,62.89,7.31746,WAIT,-5.75,,,NEUTRAL,54.2,NEUTRAL,0,NEUTRAL,0.065,0.308,2026-03-25 16:39:34
2026-03-25 09:40:00,4555.585,4557.883,4550.962,4551.326,BEARISH,4.259,2.298,0.364,,42.39,4557.77397,4557.45039,0.06815,-1.15689,64.82,7.2646,WAIT,-9.07,,,NEUTRAL,48.6,NEUTRAL,0,NEUTRAL,-0.02,0.308,2026-03-25 16:44:50
2026-03-25 09:45:00,4550.902,4551.497,4527.474,4539.806,BEARISH,11.096,0.595,12.332,,33.15,4556.02258,4556.74089,-1.39131,-2.08714,68.72,9.70035,WAIT,-18.99,,,NEUTRAL,47.9,NEUTRAL,0,NEUTRAL,-0.03,0.308,2026-03-25 16:50:10
2026-03-25 09:50:00,4538.009,4547.061,4537.499,4545.651,BULLISH,7.642,1.41,0.51,,41.0,4554.8748,4556.23603,-2.13789,-2.24327,71.83,9.6819,WAIT,-14.9,,,NEUTRAL,54.9,NEUTRAL,0,NEUTRAL,0.075,0.28,2026-03-25 16:55:21
2026-03-25 09:55:00,4548.13,4555.834,4545.033,4551.586,BULLISH,3.456,4.248,3.097,,46.66,4554.77528,4556.14711,-1.9562,-1.68092,74.52,9.97614,WAIT,-17.32,,,NEUTRAL,51.8,NEUTRAL,0,NEUTRAL,0.025,0.308,2026-03-25 17:00:30
2026-03-25 10:00:00,4551.881,4560.98,4551.137,4559.874,BULLISH,7.993,1.106,0.744,,53.56,4555.29327,4556.30743,-1.26225,-0.79437,76.85,9.95838,WAIT,1.25,,,NEUTRAL,43.8,NEUTRAL,0,NEUTRAL,-0.095,0.308,2026-03-25 17:04:10
2026-03-25 10:05:00,4558.87,4560.083,4556.353,4557.43,BEARISH,1.44,1.213,1.077,,51.55,4555.4075,4556.31242,-0.98644,-0.40163,78.87,9.12793,BUY,1.51,4548.30207,4648.70933,NEUTRAL,50.8,NEUTRAL,0,NEUTRAL,0.015,0.28,2026-03-25 17:09:58
2026-03-25 10:10:00,4557.083,4558.67,4553.862,4554.51,BEARISH,2.573,1.587,0.648,,48.99,4555.29565,4556.23021,-0.94614,-0.28516,80.76,8.55194,WAIT,-2.62,,,NEUTRAL,48.3,NEUTRAL,0,NEUTRAL,-0.025,0.308,2026-03-25 17:15:30
2026-03-25 10:15:00,4554.937,4557.908,4551.355,4555.891,BULLISH,0.954,2.017,3.582,Spinning Top,50.23,4555.38966,4556.23322,-0.74783,-0.075,82.51,8.28542,WAIT,-4.27,,,NEUTRAL,46.0,NEUTRAL,0,NEUTRAL,-0.06,0.28,2026-03-25 17:20:44
2026-03-25 10:20:00,4556.64,4558.147,4554.139,4554.934,BEARISH,1.706,1.507,0.795,,49.27,4555.41468,4556.21219,-0.63843,0.01738,84.03,7.71509,WAIT,-3.97,,,NEUTRAL,45.3,NEUTRAL,0,NEUTRAL,-0.07,0.308,2026-03-25 17:24:24
2026-03-25 10:25:00,4553.827,4558.032,4552.958,4557.116,BULLISH,3.289,0.916,0.869,Bullish Engulfing,51.43,4555.48693,4556.20837,-0.48519,0.1498,85.35,7.4733,WAIT,-4.77,,,NEUTRAL,43.2,NEUTRAL,0,NEUTRAL,-0.1,0.28,2026-03-25 17:30:02
2026-03-25 10:30:00,4555.371,4557.35,4552.825,4554.553,BEARISH,0.818,1.979,1.728,Spinning Top,48.97,4555.24745,4556.07763,-0.60652,0.04507,86.51,7.0802,WAIT,-6.12,,,NEUTRAL,45.2,NEUTRAL,0,NEUTRAL,-0.07,0.308,2026-03-25 17:35:17
2026-03-25 10:35:00,4553.729,4559.041,4550.933,4556.605,BULLISH,2.876,2.436,2.796,Bullish Engulfing,51.19,4555.30763,4556.06809,-0.47119,0.15456,87.63,7.21724,WAIT,-4.13,,,NEUTRAL,45.1,NEUTRAL,0,NEUTRAL,-0.075,0.308,2026-03-25 17:40:28
2026-03-25 10:40:00,4556.212,4558.041,4551.475,4552.925,BEARISH,3.287,1.829,1.45,Bearish Engulfing,47.36,4555.03375,4555.9243,-0.6368,-0.00188,88.59,7.13041,WAIT,-12.04,,,NEUTRAL,50.4,NEUTRAL,0,NEUTRAL,0.005,0.308,2026-03-25 17:45:38
2026-03-25 10:45:00,4552.143,4556.319,4551.718,4553.168,BULLISH,1.025,3.151,0.425,Inverted Hammer,47.79,4554.78403,4555.78471,-0.75733,-0.08726,89.43,6.79315,WAIT,-10.2,,,SELL,40.9,NEUTRAL,0,NEUTRAL,-0.135,0.308,2026-03-25 17:49:38
2026-03-25 10:50:00,4557.307,4560.987,4556.472,4560.474,BULLISH,3.167,0.513,0.835,,55.05,4555.68249,4556.12452,0.04679,0.52067,90.16,6.65742,BUY,7.8,4553.81658,4627.04816,NEUTRAL,50.7,NEUTRAL,0,NEUTRAL,0.01,0.308,2026-03-25 17:54:59
2026-03-25 10:55:00,4561.536,4561.768,4557.96,4559.099,BEARISH,2.437,0.232,1.139,,53.27,4556.09516,4556.27933,0.37035,0.66245,90.79,6.44516,WAIT,6.97,,,NEUTRAL,55.6,NEUTRAL,0,NEUTRAL,0.085,0.28,2026-03-25 17:59:56
2026-03-25 11:00:00,4558.942,4563.842,4555.987,4562.318,BULLISH,3.376,1.524,2.955,,56.26,4556.67006,4556.50838,0.80041,0.87664,85.09,6.63314,BUY,7.59,4555.68486,4628.64943,NEUTRAL,52.8,NEUTRAL,0,NEUTRAL,0.04,0.308,2026-03-25 18:04:42
2026-03-25 11:05:00,4566.161,4569.15,4565.89,4567.845,BULLISH,1.684,1.305,0.271,,60.7,4558.04722,4557.08976,1.80565,1.45916,72.38,6.44951,WAIT,12.35,,,NEUTRAL,47.3,NEUTRAL,0,NEUTRAL,-0.04,0.308,2026-03-25 18:09:40
2026-03-25 11:10:00,4567.675,4567.789,4562.198,4565.906,BEARISH,1.769,0.114,3.708,Hanging Man,58.4,4558.78559,4557.43109,2.18383,1.47136,68.42,6.33505,WAIT,7.0,,,NEUTRAL,56.8,NEUTRAL,0,NEUTRAL,0.1,0.28,2026-03-25 18:14:29
2026-03-25 11:15:00,4567.45,4568.654,4564.533,4567.821,BULLISH,0.371,0.833,2.917,Doji,60.57,4559.7745,4557.89467,2.70708,1.57668,64.98,6.17943,BUY,7.32,4561.64157,4629.61531,NEUTRAL,52.5,NEUTRAL,0,NEUTRAL,0.035,0.308,2026-03-25 18:19:58
2026-03-25 11:20:00,4567.416,4582.94,4566.386,4581.206,BULLISH,13.79,1.734,1.03,,70.09,4561.79215,4558.7986,4.04406,2.3344,62.33,7.56271,BUY,22.47,4573.64329,4656.83307,NEUTRAL,52.8,NEUTRAL,0,NEUTRAL,0.04,0.308,2026-03-25 18:25:34
2026-03-25 11:25:00,4582.131,4582.853,4576.968,4580.32,BEARISH,1.811,0.722,3.352,,68.29,4563.62909,4559.67422,5.04352,2.65637,60.03,7.33901,WAIT,15.93,,,NEUTRAL,53.0,NEUTRAL,0,NEUTRAL,0.045,0.308,2026-03-25 18:30:18
2026-03-25 11:30:00,4579.701,4584.791,4579.701,4580.943,BULLISH,1.242,3.848,0.0,Inverted Hammer,68.4,4565.23952,4560.49145,5.73877,2.68699,58.04,7.03914,WAIT,16.0,,,NEUTRAL,54.2,NEUTRAL,0,NEUTRAL,0.065,0.308,2026-03-25 18:34:57
2026-03-25 11:35:00,4582.58,4585.701,4581.603,4583.364,BULLISH,0.784,2.337,0.977,Spinning Top,69.83,4567.13136,4561.46087,6.55758,2.7801,56.32,6.64699,WAIT,17.57,,,NEUTRAL,51.1,NEUTRAL,0,NEUTRAL,0.015,0.28,2026-03-25 18:39:36
2026-03-25 11:40:00,4583.155,4584.837,4581.019,4583.531,BULLISH,0.376,1.306,2.136,Doji,69.95,4568.67152,4562.31687,7.00199,2.58282,53.99,6.26979,WAIT,19.9,,,NEUTRAL,52.2,NEUTRAL,0,NEUTRAL,0.03,0.28,2026-03-25 18:44:13
2026-03-25 11:45:00,4583.356,4583.769,4573.134,4575.771,BEARISH,7.585,0.413,2.637,Bearish Engulfing,59.46,4569.32775,4562.83578,6.65286,1.78991,49.0,6.85182,WAIT,14.34,,,NEUTRAL,48.2,NEUTRAL,0,NEUTRAL,-0.03,0.28,2026-03-25 18:50:32
2026-03-25 11:50:00,4577.157,4578.429,4572.355,4577.703,BULLISH,0.546,0.726,4.802,Doji,61.56,4570.23931,4563.46862,6.5535,1.33556,45.16,6.74811,WAIT,12.89,,,NEUTRAL,51.8,NEUTRAL,0,NEUTRAL,0.025,0.308,2026-03-25 18:55:19
2026-03-25 11:55:00,4577.423,4579.017,4576.228,4576.396,BEARISH,1.027,1.594,0.168,,59.87,4570.80541,4563.96672,6.1996,0.78833,41.83,6.22023,WAIT,7.82,,,NEUTRAL,49.0,NEUTRAL,0,NEUTRAL,-0.015,0.308,2026-03-25 18:59:05
2026-03-25 12:00:00,4578.744,4583.522,4578.389,4578.891,BULLISH,0.147,4.631,0.355,Inverted Hammer,62.61,4571.78218,4564.64237,6.21316,0.61089,37.15,6.23785,WAIT,18.09,,,NEUTRAL,47.8,NEUTRAL,0,NEUTRAL,-0.035,0.308,2026-03-25 19:04:02
2026-03-25 12:05:00,4578.603,4583.83,4572.869,4580.812,BULLISH,2.209,3.018,5.734,Bullish Engulfing,64.32,4572.62269,4565.26796,6.14236,0.43496,35.1,6.87361,WAIT,10.68,,,NEUTRAL,47.1,NEUTRAL,0,NEUTRAL,-0.045,0.308,2026-03-25 19:10:37
2026-03-25 12:10:00,4580.931,4583.451,4578.696,4581.128,BULLISH,0.197,2.323,2.235,Doji,64.61,4573.44659,4565.89599,6.06614,0.28494,33.33,6.59113,WAIT,11.33,,,NEUTRAL,45.8,NEUTRAL,0,NEUTRAL,-0.065,0.308,2026-03-25 19:14:05
2026-03-25 12:15:00,4577.588,4579.027,4563.314,4565.149,BEARISH,12.439,1.439,1.835,,44.63,4572.35588,4565.73531,4.43779,-1.03023,36.75,7.97471,SELL,2.14,4573.12371,4485.40194,NEUTRAL,51.2,NEUTRAL,0,NEUTRAL,0.02,0.308,2026-03-25 19:20:17
2026-03-25 12:20:00,4562.959,4568.213,4552.887,4555.25,BEARISH,7.709,5.254,2.363,,36.97,4570.54235,4565.24349,2.40791,-2.42077,41.41,9.03658,SELL,-5.31,4564.28658,4464.88424,NEUTRAL,51.0,NEUTRAL,0,NEUTRAL,0.015,0.308,2026-03-25 19:25:27
2026-03-25 12:25:00,4556.195,4560.267,4540.067,4547.195,BEARISH,9.0,4.072,7.128,,32.03,4568.40772,4564.57459,0.34486,-3.60023,46.47,10.52503,WAIT,-15.27,,,NEUTRAL,50.8,NEUTRAL,0,NEUTRAL,0.01,0.308,2026-03-25 19:30:33
2026-03-25 12:30:00,4544.695,4548.027,4522.03,4537.722,BEARISH,6.973,3.332,15.692,Spinning Top,27.49,4565.31629,4563.44766,-2.21639,-4.90415,51.74,12.58796,WAIT,-18.49,,,NEUTRAL,51.3,NEUTRAL,0,NEUTRAL,0.02,0.308,2026-03-25 19:35:34
2026-03-25 12:35:00,4537.783,4554.584,4537.783,4551.446,BULLISH,13.663,3.138,0.0,,40.8,4563.98868,4562.97411,-2.98519,-4.53738,56.31,13.1681,WAIT,-12.76,,,NEUTRAL,48.3,NEUTRAL,0,NEUTRAL,-0.025,0.308,2026-03-25 19:40:26
2026-03-25 12:40:00,4553.794,4554.136,4548.553,4549.641,BEARISH,4.153,0.342,1.088,,40.24,4562.81197,4562.53421,-3.55706,-4.11551,60.28,12.15675,WAIT,-9.2,,,NEUTRAL,45.6,NEUTRAL,0,NEUTRAL,-0.065,0.308,2026-03-25 19:45:34
2026-03-25 12:45:00,4547.421,4547.617,4536.031,4543.204,BEARISH,4.217,0.196,7.173,Hanging Man,36.95,4560.74955,4561.6909,-4.75507,-4.22193,64.14,12.26335,WAIT,-16.0,,,NEUTRAL,51.4,NEUTRAL,0,NEUTRAL,0.02,0.28,2026-03-25 19:50:26
2026-03-25 12:50:00,4543.795,4547.938,4539.453,4544.601,BULLISH,0.806,3.337,4.342,Doji,37.91,4559.27027,4561.04636,-5.34467,-3.85792,67.49,11.75957,WAIT,-10.19,,,NEUTRAL,54.2,NEUTRAL,0,NEUTRAL,0.06,0.308,2026-03-25 19:55:15
2026-03-25 12:55:00,4546.462,4552.569,4545.941,4546.091,BEARISH,0.371,6.107,0.15,Shooting Star,39.29,4558.17925,4560.53165,-5.55207,-3.27657,70.39,11.07536,WAIT,-13.46,,,NEUTRAL,48.9,NEUTRAL,0,NEUTRAL,-0.015,0.308,2026-03-25 20:00:07
2026-03-25 13:00:00,4543.95,4565.516,4541.095,4564.518,BULLISH,20.568,0.998,2.855,Bullish Engulfing,52.91,4558.60777,4560.61138,-4.42561,-1.69414,61.43,13.10033,WAIT,0.1,,,NEUTRAL,49.6,NEUTRAL,0,NEUTRAL,-0.005,0.308,2026-03-25 20:05:09
2026-03-25 13:05:00,4567.575,4568.646,4560.487,4562.082,BEARISH,5.493,1.071,1.595,,51.13,4559.19568,4560.78145,-3.37616,-0.55382,52.88,13.11564,WAIT,1.58,,,NEUTRAL,49.3,NEUTRAL,0,NEUTRAL,-0.01,0.28,2026-03-25 20:10:08
2026-03-25 13:10:00,4560.989,4565.624,4557.037,4559.583,BEARISH,1.406,4.635,2.546,Spinning Top,49.65,4559.14804,4560.69749,-2.96167,-0.09895,47.68,12.63974,WAIT,-10.44,,,NEUTRAL,52.2,NEUTRAL,0,NEUTRAL,0.035,0.308,2026-03-25 20:15:04
2026-03-25 13:15:00,4559.323,4563.492,4555.082,4560.444,BULLISH,1.121,3.048,4.241,Spinning Top,50.22,4559.2314,4560.67003,-2.50182,0.29466,43.74,12.07578,WAIT,-6.79,,,NEUTRAL,52.0,NEUTRAL,0,NEUTRAL,0.03,0.308,2026-03-25 20:19:52
2026-03-25 13:20:00,4559.982,4561.744,4551.388,4557.874,BEARISH,2.108,1.762,6.486,Spinning Top,48.54,4559.06765,4560.54531,-2.31362,0.39139,41.41,11.84647,WAIT,-11.87,,,NEUTRAL,55.9,NEUTRAL,0,NEUTRAL,0.09,0.308,2026-03-25 20:24:44
2026-03-25 13:25:00,4558.442,4566.795,4556.937,4563.744,BULLISH,5.302,3.051,1.505,Bullish Engulfing,52.51,4559.56239,4560.69234,-1.61125,0.8677,39.39,11.58134,WAIT,-5.38,,,NEUTRAL,50.4,NEUTRAL,0,NEUTRAL,0.005,0.308,2026-03-25 20:29:36
2026-03-25 13:30:00,4569.112,4576.485,4562.368,4564.954,BEARISH,4.158,7.373,2.586,Spinning Top,52.75,4560.5293,4561.05772,-0.6578,1.38976,33.17,12.35496,WAIT,10.06,,,NEUTRAL,47.6,NEUTRAL,0,NEUTRAL,-0.035,0.308,2026-03-25 20:34:38
2026-03-25 13:35:00,4568.715,4570.926,4559.228,4564.432,BEARISH,4.283,2.211,5.204,,52.19,4561.21954,4561.32934,-0.0461,1.55397,29.5,12.26736,WAIT,7.45,,,NEUTRAL,49.4,NEUTRAL,0,NEUTRAL,-0.01,0.308,2026-03-25 20:39:40
2026-03-25 13:40:00,4558.217,4569.758,4557.731,4559.288,BULLISH,1.071,10.47,0.486,Inverted Hammer,48.88,4560.49661,4561.01361,-0.59299,0.88551,25.11,12.4558,WAIT,4.4,,,NEUTRAL,48.0,NEUTRAL,0,NEUTRAL,-0.03,0.308,2026-03-25 20:44:47
2026-03-25 13:45:00,4561.338,4563.86,4552.819,4553.758,BEARISH,7.58,2.522,0.939,Bearish Engulfing,45.44,4560.02114,4560.8018,-0.94604,0.40133,23.44,12.41981,WAIT,-5.56,,,NEUTRAL,46.8,NEUTRAL,0,NEUTRAL,-0.05,0.308,2026-03-25 20:49:44
2026-03-25 13:50:00,4552.241,4552.241,4540.953,4547.913,BEARISH,4.328,0.0,6.96,Hanging Man,42.16,4558.73279,4560.23724,-1.89539,-0.41839,25.52,12.43287,SELL,-11.37,4560.34587,4423.58429,NEUTRAL,49.6,NEUTRAL,0,NEUTRAL,-0.005,0.308,2026-03-25 20:54:48
2026-03-25 13:55:00,4546.554,4553.679,4540.743,4545.271,BEARISH,1.283,7.125,4.528,Doji,40.76,4557.34007,4559.60195,-2.80937,-1.0495,26.25,12.49996,WAIT,-8.77,,,NEUTRAL,48.2,NEUTRAL,0,NEUTRAL,-0.03,0.308,2026-03-25 20:59:48
2026-03-25 14:00:00,4544.692,4550.067,4532.875,4546.652,BULLISH,1.96,3.415,11.817,Bullish Engulfing,42.01,4556.28063,4559.07595,-3.3327,-1.25212,28.65,13.12556,WAIT,-14.1,,,NEUTRAL,48.0,NEUTRAL,0,NEUTRAL,-0.03,0.308,2026-03-25 21:04:48
2026-03-25 14:05:00,4545.425,4551.978,4539.609,4541.399,BEARISH,4.026,6.553,1.79,,38.71,4554.76251,4558.33865,-4.16572,-1.65317,30.74,13.02469,WAIT,-14.85,,,NEUTRAL,53.5,NEUTRAL,0,NEUTRAL,0.05,0.308,2026-03-25 21:09:51
2026-03-25 14:10:00,4551.033,4555.185,4548.147,4551.337,BULLISH,0.304,3.848,2.886,Doji,45.84,4555.26245,4558.42533,-3.31446,-0.76391,32.54,12.22646,WAIT,-7.22,,,NEUTRAL,51.1,NEUTRAL,0,NEUTRAL,0.015,0.28,2026-03-25 21:14:49
2026-03-25 14:15:00,4553.325,4562.188,4553.325,4559.892,BULLISH,6.567,2.296,0.0,,52.23,4555.88431,4558.56197,-2.39721,0.09587,30.1,11.778,WAIT,-5.13,,,NEUTRAL,48.5,NEUTRAL,0,NEUTRAL,-0.025,0.308,2026-03-25 21:19:44
2026-03-25 14:20:00,4557.043,4559.725,4551.921,4552.854,BEARISH,4.189,2.682,0.933,Bearish Engulfing,47.13,4555.34238,4558.22735,-2.52501,0.01198,28.5,11.24813,WAIT,-4.48,,,NEUTRAL,46.3,NEUTRAL,0,NEUTRAL,-0.055,0.308,2026-03-25 21:24:42
2026-03-25 14:25:00,4547.884,4560.527,4546.927,4558.007,BULLISH,10.123,2.52,0.957,,51.23,4555.16281,4558.02923,-2.31128,0.24475,30.4,12.23795,WAIT,-10.02,,,NEUTRAL,48.5,NEUTRAL,0,NEUTRAL,-0.025,0.308,2026-03-25 21:29:41
2026-03-25 14:30:00,4562.787,4565.706,4557.418,4564.313,BULLISH,1.526,1.393,5.369,Spinning Top,54.98,4556.42012,4558.44438,-1.02434,1.1682,27.73,11.95915,BUY,-0.29,4552.35385,4683.90454,NEUTRAL,48.2,NEUTRAL,0,NEUTRAL,-0.025,0.308,2026-03-25 21:34:36
2026-03-25 14:35:00,4565.508,4566.57,4561.56,4564.006,BEARISH,1.502,1.062,2.446,Spinning Top,54.55,4557.24219,4558.70603,-0.23755,1.54924,26.71,11.11765,WAIT,3.76,,,NEUTRAL,46.8,NEUTRAL,0,NEUTRAL,-0.05,0.308,2026-03-25 21:39:33
2026-03-25 14:40:00,4564.681,4569.088,4561.665,4566.332,BULLISH,1.651,2.756,3.016,Spinning Top,56.09,4558.16037,4559.02804,0.53241,1.84758,24.21,10.62503,WAIT,1.88,,,NEUTRAL,52.9,NEUTRAL,0,NEUTRAL,0.045,0.308,2026-03-25 21:44:25
2026-03-25 14:45:00,4565.382,4574.128,4565.382,4573.667,BULLISH,8.285,0.461,0.0,Marubozu Bull,60.54,4559.56472,4559.57043,1.62485,2.36275,22.64,10.37449,BUY,8.32,4563.29251,4677.41192,NEUTRAL,50.5,NEUTRAL,0,NEUTRAL,0.01,0.308,2026-03-25 21:49:17
2026-03-25 14:50:00,4572.764,4579.377,4570.222,4572.072,BEARISH,0.692,6.613,1.85,Doji,59.51,4560.65585,4560.01694,2.31605,2.45798,23.44,10.21189,WAIT,4.71,,,NEUTRAL,48.5,NEUTRAL,0,NEUTRAL,-0.025,0.308,2026-03-25 21:54:09
2026-03-25 14:55:00,4568.264,4570.175,4566.111,4567.354,BEARISH,0.91,1.911,1.243,Spinning Top,55.56,4560.95341,4560.15584,2.28411,1.99125,23.55,9.76704,WAIT,9.49,,,NEUTRAL,47.8,NEUTRAL,0,NEUTRAL,-0.035,0.308,2026-03-25 21:59:00
2026-03-25 15:00:00,4567.295,4569.105,4561.758,4564.858,BEARISH,2.437,1.81,3.1,,53.42,4561.31622,4560.33628,2.27436,1.58654,19.85,9.72089,SELL,3.42,4574.57889,4467.64911,NEUTRAL,47.9,NEUTRAL,0,NEUTRAL,-0.03,0.308,2026-03-25 22:05:33
2026-03-25 15:05:00,4564.537,4565.444,4550.151,4551.507,BEARISH,13.03,0.907,1.356,,43.7,4560.3522,4559.977,1.16101,0.38297,21.28,10.46384,SELL,-3.12,4561.97084,4446.86863,NEUTRAL,54.2,NEUTRAL,0,NEUTRAL,0.065,0.28,2026-03-25 22:10:28
2026-03-25 15:10:00,4549.944,4556.042,4549.823,4551.77,BULLISH,1.826,4.272,0.121,Inverted Hammer,44.26,4559.39534,4559.59416,0.21839,-0.42706,22.85,9.97413,SELL,-2.12,4561.74413,4452.02874,NEUTRAL,49.7,NEUTRAL,0,NEUTRAL,-0.005,0.308,2026-03-25 22:15:27
2026-03-25 15:15:00,4549.809,4551.846,4525.001,4544.816,BEARISH,4.993,2.037,19.815,Hanging Man,39.64,4557.84372,4558.9433,-1.09276,-1.36641,28.46,12.23305,WAIT,-15.6,,,NEUTRAL,51.9,NEUTRAL,0,NEUTRAL,0.03,0.308,2026-03-25 22:20:32
2026-03-25 15:20:00,4546.067,4561.658,4545.545,4557.002,BULLISH,10.935,4.656,0.522,Bullish Engulfing,49.12,4557.87652,4558.91656,-0.93641,-0.98477,33.33,12.75038,WAIT,-14.01,,,NEUTRAL,43.8,NEUTRAL,0,NEUTRAL,-0.09,0.308,2026-03-25 22:25:28
2026-03-25 15:25:00,4556.526,4560.29,4552.768,4559.795,BULLISH,3.269,0.495,3.758,,51.14,4557.99159,4558.92143,-0.71071,-0.59724,37.55,12.05326,WAIT,-8.27,,,NEUTRAL,52.5,NEUTRAL,0,NEUTRAL,0.035,0.308,2026-03-25 22:30:20
2026-03-25 15:30:00,4560.66,4564.948,4560.476,4564.031,BULLISH,3.371,0.917,0.184,,54.02,4558.64648,4559.15666,-0.08184,0.0135,41.21,11.10644,BUY,-0.76,4552.92456,4675.09544,NEUTRAL,45.5,NEUTRAL,0,NEUTRAL,-0.07,0.308,2026-03-25 22:35:16
2026-03-25 15:35:00,4562.772,4564.914,4558.289,4560.129,BEARISH,2.643,2.142,1.84,,51.09,4558.68263,4559.14886,-0.03236,0.06594,44.71,10.50892,WAIT,-1.53,,,NEUTRAL,49.4,NEUTRAL,0,NEUTRAL,-0.01,0.308,2026-03-25 22:40:10
2026-03-25 15:40:00,4558.376,4560.806,4555.27,4557.561,BEARISH,0.815,2.43,2.291,Spinning Top,49.17,4558.43536,4559.02518,-0.22229,-0.07839,48.2,9.86412,SELL,-12.32,4567.42512,4458.9198,NEUTRAL,51.3,NEUTRAL,0,NEUTRAL,0.02,0.28,2026-03-25 22:45:02
2026-03-25 15:45:00,4557.102,4558.196,4553.426,4557.856,BULLISH,0.754,0.34,3.676,Hammer,49.46,4558.32684,4558.95601,-0.28128,-0.102,51.46,9.1849,WAIT,-12.82,,,NEUTRAL,50.7,NEUTRAL,0,NEUTRAL,0.01,0.308,2026-03-25 22:49:53
2026-03-25 15:50:00,4557.279,4563.066,4557.121,4561.073,BULLISH,3.794,1.993,0.158,,52.17,4558.54943,4559.022,-0.05681,0.10374,50.7,8.80341,WAIT,-5.53,,,NEUTRAL,48.0,NEUTRAL,0,NEUTRAL,-0.03,0.308,2026-03-25 22:54:42
2026-03-25 15:55:00,4561.842,4565.901,4559.529,4560.355,BEARISH,1.487,4.059,0.826,Spinning Top,51.44,4558.77921,4559.09955,0.132,0.22548,48.03,8.47923,WAIT,-3.59,,,NEUTRAL,49.1,NEUTRAL,0,NEUTRAL,-0.015,0.308,2026-03-25 22:59:36
2026-03-25 16:00:00,4559.056,4564.986,4557.862,4560.395,BULLISH,1.339,4.591,1.194,Spinning Top,51.49,4558.82607,4559.10356,0.16318,0.22118,46.04,8.39352,BUY,0.24,4552.00148,4644.33016,NEUTRAL,50.5,NEUTRAL,0,NEUTRAL,0.005,0.28,2026-03-25 23:04:30
2026-03-25 16:05:00,4558.9,4560.634,4553.113,4559.594,BULLISH,0.694,1.04,5.787,Bullish Engulfing,50.83,4558.77254,4559.06741,0.10894,0.15232,46.19,8.39031,WAIT,-4.06,,,NEUTRAL,52.0,NEUTRAL,0,NEUTRAL,0.03,0.308,2026-03-25 23:09:24
2026-03-25 16:10:00,4560.343,4561.116,4553.165,4555.123,BEARISH,5.22,0.773,1.958,Bearish Engulfing,46.58,4558.48425,4558.93864,-0.15721,-0.09985,46.03,8.51859,WAIT,-16.5,,,NEUTRAL,46.9,NEUTRAL,0,NEUTRAL,-0.045,0.308,2026-03-25 23:14:17
2026-03-25 16:15:00,4553.564,4555.233,4547.673,4548.632,BEARISH,4.932,1.669,0.959,,41.35,4557.40747,4558.47391,-1.02372,-0.75257,47.63,8.46508,SELL,-19.34,4557.09708,4463.98122,NEUTRAL,45.2,NEUTRAL,0,NEUTRAL,-0.07,0.308,2026-03-25 23:19:12
2026-03-25 16:20:00,4549.325,4553.707,4545.138,4552.456,BULLISH,3.131,1.251,4.187,,45.13,4557.00777,4558.26934,-1.23408,-0.781,49.71,8.66024,WAIT,-19.54,,,NEUTRAL,46.5,NEUTRAL,0,NEUTRAL,-0.055,0.308,2026-03-25 23:24:48
2026-03-25 16:25:00,4556.858,4560.548,4552.649,4554.615,BEARISH,2.243,3.69,1.966,Spinning Top,47.27,4557.1641,4558.29404,-0.9901,-0.48653,47.65,8.96457,WAIT,-15.78,,,NEUTRAL,50.2,NEUTRAL,0,NEUTRAL,0.005,0.28,2026-03-25 23:30:14
2026-03-25 16:30:00,4555.434,4556.648,4552.11,4552.76,BEARISH,2.674,1.214,0.65,,45.64,4556.81041,4558.10577,-1.16734,-0.54075,47.72,8.37436,WAIT,-18.17,,,NEUTRAL,47.1,NEUTRAL,0,NEUTRAL,-0.045,0.28,2026-03-25 23:35:08
2026-03-25 16:35:00,4552.991,4558.032,4551.109,4557.342,BULLISH,4.351,0.69,1.882,,50.08,4556.8775,4558.08301,-0.9633,-0.27181,46.94,8.29444,WAIT,-10.9,,,NEUTRAL,50.2,NEUTRAL,0,NEUTRAL,0.005,0.28,2026-03-25 23:40:03
2026-03-25 16:40:00,4559.215,4560.896,4554.224,4555.955,BEARISH,3.26,1.681,1.731,,48.73,4556.96336,4558.07552,-0.79088,-0.10524,42.18,8.34516,WAIT,-11.48,,,NEUTRAL,47.6,NEUTRAL,0,NEUTRAL,-0.035,0.308,2026-03-25 23:44:52
2026-03-25 16:45:00,4556.031,4556.264,4551.34,4552.182,BEARISH,3.849,0.233,0.842,,45.47,4556.51411,4557.84707,-1.06938,-0.3079,41.36,7.88901,SELL,-14.3,4560.07101,4473.29192,NEUTRAL,48.2,NEUTRAL,0,NEUTRAL,-0.025,0.308,2026-03-25 23:50:09
2026-03-25 16:50:00,4552.006,4558.633,4549.624,4558.127,BULLISH,6.121,0.506,2.382,Bullish Engulfing,51.02,4556.66401,4557.85643,-0.80824,-0.03686,38.49,8.05625,WAIT,-7.18,,,NEUTRAL,51.1,NEUTRAL,0,NEUTRAL,0.015,0.308,2026-03-25 23:54:59
2026-03-25 16:55:00,4557.826,4558.43,4554.954,4556.272,BEARISH,1.554,0.604,1.318,,49.35,4556.6016,4557.78333,-0.75764,0.01471,35.0,7.51627,WAIT,-10.51,,,NEUTRAL,50.0,NEUTRAL,0,NEUTRAL,0.0,0.28,2026-03-25 23:59:46
2026-03-25 17:00:00,4555.387,4557.72,4550.577,4553.06,BEARISH,2.327,2.333,2.483,,46.51,4556.1921,4557.56653,-0.99902,-0.17064,35.01,7.4665,SELL,-19.73,4560.5265,4478.39498,NEUTRAL,48.0,NEUTRAL,0,NEUTRAL,-0.03,0.308,2026-03-26 00:04:34
2026-03-25 17:05:00,4553.475,4554.029,4547.431,4547.936,BEARISH,5.539,0.554,0.505,,42.24,4555.43699,4557.2025,-1.51083,-0.55058,36.41,7.3507,WAIT,-15.77,,,NEUTRAL,49.1,NEUTRAL,0,NEUTRAL,-0.015,0.308,2026-03-26 00:09:21
2026-03-25 17:10:00,4546.074,4552.925,4543.251,4552.925,BULLISH,6.851,0.0,2.823,,47.55,4555.04386,4556.96746,-1.62925,-0.5124,39.6,7.90846,WAIT,-17.72,,,NEUTRAL,53.3,NEUTRAL,0,NEUTRAL,0.05,0.308,2026-03-26 00:14:05
2026-03-25 17:15:00,4551.248,4552.202,4542.581,4546.517,BEARISH,4.731,0.954,3.936,,42.37,4554.0828,4556.4925,-2.2095,-0.85206,41.95,8.28332,WAIT,-13.49,,,NEUTRAL,50.3,NEUTRAL,0,NEUTRAL,0.005,0.28,2026-03-26 00:20:23
2026-03-25 17:20:00,4546.135,4555.928,4545.682,4552.603,BULLISH,6.468,3.325,0.453,,48.17,4553.89602,4556.31992,-2.07815,-0.56977,40.08,8.54501,WAIT,-19.09,,,NEUTRAL,50.3,NEUTRAL,0,NEUTRAL,0.005,0.308,2026-03-26 00:25:08
2026-03-25 17:25:00,4551.963,4558.453,4551.348,4555.489,BULLISH,3.526,2.964,0.615,,50.68,4553.98793,4556.26119,-1.73082,-0.1691,38.46,8.35301,WAIT,-6.86,,,NEUTRAL,47.6,NEUTRAL,0,NEUTRAL,-0.035,0.28,2026-03-26 00:30:21
2026-03-25 17:30:00,4553.557,4556.775,4550.211,4555.972,BULLISH,2.415,0.803,3.346,None,51.23,4554.00387,4556.17419,-1.48075,0.09041,37.74,8.11447,WAIT,-3.67,,,NEUTRAL,54.1,NEUTRAL,0,NEUTRAL,0.06,0.308,2026-03-26 00:34:46
2026-03-25 17:35:00,4562.48,4563.348,4561.013,4562.099,BEARISH,0.381,0.868,1.086,Spinning Top,55.88,4555.33036,4556.64945,-0.25661,0.96935,29.8,8.1062,BUY,6.67,4553.9928,4643.16098,NEUTRAL,46.6,NEUTRAL,0,NEUTRAL,-0.05,0.308,2026-03-26 00:37:24
