ticket,symbol,timeframe,direction,entry_price,sl,tp,lot,source,atr,entry_time,exit_time,exit_price,result,pnl,pips
2791966176,XAUUSD,,SELL,4682.044,4704.17761,4653.16019,0.01,TraderAI-Bot,0.0,2026-03-19 17:48:36,,,OPEN,,
2791966181,XAUUSD,,SELL,4682.044,4704.17761,4653.16019,0.01,TraderAI-Bot,0.0,2026-03-19 17:48:36,,,OPEN,,
2791966186,XAUUSD,,SELL,4682.044,4704.17761,4653.16019,0.01,TraderAI-Bot,0.0,2026-03-19 17:48:36,,,OPEN,,
2791966194,XAUUSD,,SELL,4682.044,4704.17761,4653.16019,0.01,TraderAI-Bot,0.0,2026-03-19 17:48:36,,,OPEN,,
2791966203,XAUUSD,,SELL,4682.023,4704.17761,4653.16019,0.01,TraderAI-Bot,0.0,2026-03-19 17:48:37,,,OPEN,,
2791966222,XAUUSD,,SELL,4681.829,4704.17761,4653.16019,0.01,TraderAI-Bot,0.0,2026-03-19 17:48:37,,,OPEN,,
2791966229,XAUUSD,,SELL,4681.829,4704.17761,4653.16019,0.01,TraderAI-Bot,0.0,2026-03-19 17:48:37,,,OPEN,,
2791966236,XAUUSD,,SELL,4681.829,4704.17761,4653.16019,0.01,TraderAI-Bot,0.0,2026-03-19 17:48:37,,,OPEN,,
2791966243,XAUUSD,,SELL,4681.829,4704.17761,4653.16019,0.01,TraderAI-Bot,0.0,2026-03-19 17:48:37,,,OPEN,,
2791966250,XAUUSD,,SELL,4681.829,4704.17761,4653.16019,0.01,TraderAI-Bot,0.0,2026-03-19 17:48:37,,,OPEN,,
2791966257,XAUUSD,,SELL,4681.524,4704.17761,4653.16019,0.01,TraderAI-Bot,0.0,2026-03-19 17:48:37,,,OPEN,,
2791966271,XAUUSD,,SELL,4681.524,4704.17761,4653.16019,0.01,TraderAI-Bot,0.0,2026-03-19 17:48:38,,,OPEN,,
2791966281,XAUUSD,,SELL,4681.524,4704.17761,4653.16019,0.01,TraderAI-Bot,0.0,2026-03-19 17:48:38,,,OPEN,,
2791966287,XAUUSD,,SELL,4681.524,4704.17761,4653.16019,0.01,TraderAI-Bot,0.0,2026-03-19 17:48:38,,,OPEN,,
2791966296,XAUUSD,,SELL,4681.524,4704.17761,4653.16019,0.01,TraderAI-Bot,0.0,2026-03-19 17:48:38,,,OPEN,,
2792431770,XAUUSD,,SELL,4663.046,4683.526,4634.16666,0.01,TraderAI-Bot,0.0,2026-03-19 18:43:58,,,OPEN,,
2792431790,XAUUSD,,SELL,4663.119,4683.526,4634.16666,0.01,TraderAI-Bot,0.0,2026-03-19 18:43:58,,,OPEN,,
2792431801,XAUUSD,,SELL,4663.119,4683.526,4634.16666,0.01,TraderAI-Bot,0.0,2026-03-19 18:43:58,,,OPEN,,
2792431818,XAUUSD,,SELL,4663.119,4683.526,4634.16666,0.01,TraderAI-Bot,0.0,2026-03-19 18:43:58,,,OPEN,,
2792431821,XAUUSD,,SELL,4663.119,4683.526,4634.16666,0.01,TraderAI-Bot,0.0,2026-03-19 18:43:59,,,OPEN,,
2792431841,XAUUSD,,SELL,4663.191,4683.526,4634.16666,0.01,TraderAI-Bot,0.0,2026-03-19 18:43:59,,,OPEN,,
2792431847,XAUUSD,,SELL,4663.191,4683.526,4634.16666,0.01,TraderAI-Bot,0.0,2026-03-19 18:43:59,,,OPEN,,
2792431853,XAUUSD,,SELL,4663.191,4683.526,4634.16666,0.01,TraderAI-Bot,0.0,2026-03-19 18:43:59,,,OPEN,,
2792431858,XAUUSD,,SELL,4663.191,4683.526,4634.16666,0.01,TraderAI-Bot,0.0,2026-03-19 18:43:59,,,OPEN,,
2792431884,XAUUSD,,SELL,4663.203,4683.526,4634.16666,0.01,TraderAI-Bot,0.0,2026-03-19 18:43:59,,,OPEN,,
2792431891,XAUUSD,,SELL,4663.203,4683.526,4634.16666,0.01,TraderAI-Bot,0.0,2026-03-19 18:43:59,,,OPEN,,
2792431898,XAUUSD,,SELL,4663.203,4683.526,4634.16666,0.01,TraderAI-Bot,0.0,2026-03-19 18:44:00,,,OPEN,,
2792431904,XAUUSD,,SELL,4663.203,4683.526,4634.16666,0.01,TraderAI-Bot,0.0,2026-03-19 18:44:00,,,OPEN,,
2792431918,XAUUSD,,SELL,4662.641,4683.526,4634.16666,0.01,TraderAI-Bot,0.0,2026-03-19 18:44:00,,,OPEN,,
2792431933,XAUUSD,,SELL,4662.784,4683.526,4634.16666,0.01,TraderAI-Bot,0.0,2026-03-19 18:44:00,,,OPEN,,
2792744714,XAUUSD,,BUY,4620.667,4597.30082,4699.616,0.01,TraderAI-Bot,0.0,2026-03-19 19:11:56,,,OPEN,,
2792744733,XAUUSD,,BUY,4620.738,4597.30082,4699.616,0.01,TraderAI-Bot,0.0,2026-03-19 19:11:56,,,OPEN,,
2792744748,XAUUSD,,BUY,4620.668,4597.30082,4699.616,0.01,TraderAI-Bot,0.0,2026-03-19 19:11:56,,,OPEN,,
2792744769,XAUUSD,,BUY,4620.826,4597.30082,4699.616,0.01,TraderAI-Bot,0.0,2026-03-19 19:11:56,,,OPEN,,
2792744783,XAUUSD,,BUY,4620.974,4597.30082,4699.616,0.01,TraderAI-Bot,0.0,2026-03-19 19:11:56,,,OPEN,,
2792744796,XAUUSD,,BUY,4620.974,4597.30082,4699.616,0.01,TraderAI-Bot,0.0,2026-03-19 19:11:56,,,OPEN,,
2792744810,XAUUSD,,BUY,4620.974,4597.30082,4699.616,0.01,TraderAI-Bot,0.0,2026-03-19 19:11:56,,,OPEN,,
2792744818,XAUUSD,,BUY,4620.974,4597.30082,4699.616,0.01,TraderAI-Bot,0.0,2026-03-19 19:11:56,,,OPEN,,
2792744846,XAUUSD,,BUY,4620.974,4597.30082,4699.616,0.01,TraderAI-Bot,0.0,2026-03-19 19:11:57,,,OPEN,,
2792744868,XAUUSD,,BUY,4620.974,4597.30082,4699.616,0.01,TraderAI-Bot,0.0,2026-03-19 19:11:57,,,OPEN,,
2792744878,XAUUSD,,BUY,4620.974,4597.30082,4699.616,0.01,TraderAI-Bot,0.0,2026-03-19 19:11:57,,,OPEN,,
2792744889,XAUUSD,,BUY,4620.974,4597.30082,4699.616,0.01,TraderAI-Bot,0.0,2026-03-19 19:11:57,,,OPEN,,
2792744912,XAUUSD,,BUY,4621.035,4597.30082,4699.616,0.01,TraderAI-Bot,0.0,2026-03-19 19:11:57,,,OPEN,,
2792744927,XAUUSD,,BUY,4621.035,4597.30082,4699.616,0.01,TraderAI-Bot,0.0,2026-03-19 19:11:57,,,OPEN,,
2792744945,XAUUSD,,BUY,4621.104,4597.30082,4699.616,0.01,TraderAI-Bot,0.0,2026-03-19 19:11:57,,,OPEN,,
2793071282,XAUUSD,,SELL,4599.752,4620.31366,4570.29245,0.01,TraderAI-Bot,0.0,2026-03-19 19:40:48,,,OPEN,,
2793071298,XAUUSD,,SELL,4599.752,4620.31366,4570.29245,0.01,TraderAI-Bot,0.0,2026-03-19 19:40:48,,,OPEN,,
2793071315,XAUUSD,,SELL,4599.727,4620.31366,4570.29245,0.01,TraderAI-Bot,0.0,2026-03-19 19:40:48,,,OPEN,,
2793071327,XAUUSD,,SELL,4599.928,4620.31366,4570.29245,0.01,TraderAI-Bot,0.0,2026-03-19 19:40:48,,,OPEN,,
2793071343,XAUUSD,,SELL,4599.958,4620.31366,4570.29245,0.01,TraderAI-Bot,0.0,2026-03-19 19:40:49,,,OPEN,,
2793071359,XAUUSD,,SELL,4599.958,4620.31366,4570.29245,0.01,TraderAI-Bot,0.0,2026-03-19 19:40:49,,,OPEN,,
2793071395,XAUUSD,,SELL,4599.797,4620.31366,4570.29245,0.01,TraderAI-Bot,0.0,2026-03-19 19:40:49,,,OPEN,,
2793071406,XAUUSD,,SELL,4599.797,4620.31366,4570.29245,0.01,TraderAI-Bot,0.0,2026-03-19 19:40:49,,,OPEN,,
2793071413,XAUUSD,,SELL,4599.958,4620.31366,4570.29245,0.01,TraderAI-Bot,0.0,2026-03-19 19:40:49,,,OPEN,,
2793071436,XAUUSD,,SELL,4599.958,4620.31366,4570.29245,0.01,TraderAI-Bot,0.0,2026-03-19 19:40:49,,,OPEN,,
2793071455,XAUUSD,,SELL,4599.958,4620.31366,4570.29245,0.01,TraderAI-Bot,0.0,2026-03-19 19:40:49,,,OPEN,,
2793071463,XAUUSD,,SELL,4599.958,4620.31366,4570.29245,0.01,TraderAI-Bot,0.0,2026-03-19 19:40:49,,,OPEN,,
2793071473,XAUUSD,,SELL,4599.958,4620.31366,4570.29245,0.01,TraderAI-Bot,0.0,2026-03-19 19:40:50,,,OPEN,,
2793071499,XAUUSD,,SELL,4599.958,4620.31366,4570.29245,0.01,TraderAI-Bot,0.0,2026-03-19 19:40:50,,,OPEN,,
2793071520,XAUUSD,,SELL,4599.958,4620.31366,4570.29245,0.01,TraderAI-Bot,0.0,2026-03-19 19:40:50,,,OPEN,,
2793195122,XAUUSD,,SELL,4551.166,4578.4278,4512.3996,0.01,TraderAI-Bot,0.0,2026-03-19 19:46:24,,,OPEN,,
2793195187,XAUUSD,,SELL,4550.816,4578.4278,4512.3996,0.01,TraderAI-Bot,0.0,2026-03-19 19:46:24,,,OPEN,,
2793195220,XAUUSD,,SELL,4550.816,4578.4278,4512.3996,0.01,TraderAI-Bot,0.0,2026-03-19 19:46:24,,,OPEN,,
2793195253,XAUUSD,,SELL,4550.816,4578.4278,4512.3996,0.01,TraderAI-Bot,0.0,2026-03-19 19:46:25,,,OPEN,,
2793195301,XAUUSD,,SELL,4550.708,4578.4278,4512.3996,0.01,TraderAI-Bot,0.0,2026-03-19 19:46:25,,,OPEN,,
2793195612,XAUUSD,,SELL,4550.226,4578.4278,4512.3996,0.01,TraderAI-Bot,0.0,2026-03-19 19:46:25,,,OPEN,,
2793195676,XAUUSD,,SELL,4550.455,4578.4278,4512.3996,0.01,TraderAI-Bot,0.0,2026-03-19 19:46:25,,,OPEN,,
2793195726,XAUUSD,,SELL,4550.455,4578.4278,4512.3996,0.01,TraderAI-Bot,0.0,2026-03-19 19:46:25,,,OPEN,,
2793195790,XAUUSD,,SELL,4550.54,4578.4278,4512.3996,0.01,TraderAI-Bot,0.0,2026-03-19 19:46:25,,,OPEN,,
2793195824,XAUUSD,,SELL,4550.47,4578.4278,4512.3996,0.01,TraderAI-Bot,0.0,2026-03-19 19:46:25,,,OPEN,,
2793195869,XAUUSD,,SELL,4550.227,4578.4278,4512.3996,0.01,TraderAI-Bot,0.0,2026-03-19 19:46:25,,,OPEN,,
2793195923,XAUUSD,,SELL,4550.51,4578.4278,4512.3996,0.01,TraderAI-Bot,0.0,2026-03-19 19:46:26,,,OPEN,,
2793195985,XAUUSD,,SELL,4550.71,4578.4278,4512.3996,0.01,TraderAI-Bot,0.0,2026-03-19 19:46:26,,,OPEN,,
2793196073,XAUUSD,,SELL,4551.569,4578.4278,4512.3996,0.01,TraderAI-Bot,0.0,2026-03-19 19:46:26,,,OPEN,,
2793196119,XAUUSD,,SELL,4551.64,4578.4278,4512.3996,0.01,TraderAI-Bot,0.0,2026-03-19 19:46:26,,,OPEN,,
2793377823,XAUUSD,,SELL,4576.036,4603.24376,4535.56132,0.01,TraderAI-Bot,0.0,2026-03-19 19:56:37,,,OPEN,,
2793377832,XAUUSD,,SELL,4576.036,4603.24376,4535.56132,0.01,TraderAI-Bot,0.0,2026-03-19 19:56:37,,,OPEN,,
2793377848,XAUUSD,,SELL,4575.953,4603.24376,4535.56132,0.01,TraderAI-Bot,0.0,2026-03-19 19:56:37,,,OPEN,,
2793377881,XAUUSD,,SELL,4576.707,4603.24376,4535.56132,0.01,TraderAI-Bot,0.0,2026-03-19 19:56:38,,,OPEN,,
2793377924,XAUUSD,,SELL,4576.872,4603.24376,4535.56132,0.01,TraderAI-Bot,0.0,2026-03-19 19:56:38,,,OPEN,,
2793377948,XAUUSD,,SELL,4576.872,4603.24376,4535.56132,0.01,TraderAI-Bot,0.0,2026-03-19 19:56:38,,,OPEN,,
2793378026,XAUUSD,,SELL,4576.968,4603.24376,4535.56132,0.01,TraderAI-Bot,0.0,2026-03-19 19:56:38,,,OPEN,,
2793378053,XAUUSD,,SELL,4577.315,4603.24376,4535.56132,0.01,TraderAI-Bot,0.0,2026-03-19 19:56:38,,,OPEN,,
2793378075,XAUUSD,,SELL,4577.315,4603.24376,4535.56132,0.01,TraderAI-Bot,0.0,2026-03-19 19:56:38,,,OPEN,,
2793378093,XAUUSD,,SELL,4577.315,4603.24376,4535.56132,0.01,TraderAI-Bot,0.0,2026-03-19 19:56:38,,,OPEN,,
2793378110,XAUUSD,,SELL,4577.315,4603.24376,4535.56132,0.01,TraderAI-Bot,0.0,2026-03-19 19:56:38,,,OPEN,,
2793378149,XAUUSD,,SELL,4577.171,4603.24376,4535.56132,0.01,TraderAI-Bot,0.0,2026-03-19 19:56:39,,,OPEN,,
2793378167,XAUUSD,,SELL,4577.171,4603.24376,4535.56132,0.01,TraderAI-Bot,0.0,2026-03-19 19:56:39,,,OPEN,,
2793378187,XAUUSD,,SELL,4577.171,4603.24376,4535.56132,0.01,TraderAI-Bot,0.0,2026-03-19 19:56:39,,,OPEN,,
2793378210,XAUUSD,,SELL,4577.033,4603.24376,4535.56132,0.01,TraderAI-Bot,0.0,2026-03-19 19:56:39,,,OPEN,,
2793468246,XAUUSD,,SELL,4533.186,4573.62103,4494.72162,0.01,TraderAI-Bot,0.0,2026-03-19 20:02:15,,,OPEN,,
2793468402,XAUUSD,,SELL,4532.83,4573.62103,4494.72162,0.01,TraderAI-Bot,0.0,2026-03-19 20:02:15,,,OPEN,,
2793468613,XAUUSD,,SELL,4532.788,4573.62103,4494.72162,0.01,TraderAI-Bot,0.0,2026-03-19 20:02:15,,,OPEN,,
2793468695,XAUUSD,,SELL,4532.542,4573.62103,4494.72162,0.01,TraderAI-Bot,0.0,2026-03-19 20:02:15,,,OPEN,,
2793468824,XAUUSD,,SELL,4532.235,4573.62103,4494.72162,0.01,TraderAI-Bot,0.0,2026-03-19 20:02:15,,,OPEN,,
2793468865,XAUUSD,,SELL,4532.235,4573.62103,4494.72162,0.01,TraderAI-Bot,0.0,2026-03-19 20:02:16,,,OPEN,,
2793468912,XAUUSD,,SELL,4532.389,4573.62103,4494.72162,0.01,TraderAI-Bot,0.0,2026-03-19 20:02:16,,,OPEN,,
2793468957,XAUUSD,,SELL,4532.784,4573.62103,4494.72162,0.01,TraderAI-Bot,0.0,2026-03-19 20:02:16,,,OPEN,,
2793469049,XAUUSD,,SELL,4532.39,4573.62103,4494.72162,0.01,TraderAI-Bot,0.0,2026-03-19 20:02:16,,,OPEN,,
2793469115,XAUUSD,,SELL,4531.972,4573.62103,4494.72162,0.01,TraderAI-Bot,0.0,2026-03-19 20:02:16,,,OPEN,,
2793469159,XAUUSD,,SELL,4532.195,4573.62103,4494.72162,0.01,TraderAI-Bot,0.0,2026-03-19 20:02:16,,,OPEN,,
2793469263,XAUUSD,,SELL,4532.165,4573.62103,4494.72162,0.01,TraderAI-Bot,0.0,2026-03-19 20:02:16,,,OPEN,,
2793469314,XAUUSD,,SELL,4532.136,4573.62103,4494.72162,0.01,TraderAI-Bot,0.0,2026-03-19 20:02:18,,,OPEN,,
2793469850,XAUUSD,,SELL,4526.052,4573.62103,4494.72162,0.01,TraderAI-Bot,0.0,2026-03-19 20:02:18,,,OPEN,,
2793470250,XAUUSD,,SELL,4525.653,4573.62103,4494.72162,0.01,TraderAI-Bot,0.0,2026-03-19 20:02:18,,,OPEN,,
2793677278,XAUUSD,,BUY,4542.21,4494.0659,4699.616,0.01,TraderAI-Bot,0.0,2026-03-19 20:13:55,,,OPEN,,
2793677296,XAUUSD,,BUY,4542.364,4494.0659,4699.616,0.01,TraderAI-Bot,0.0,2026-03-19 20:13:56,,,OPEN,,
2793677311,XAUUSD,,BUY,4542.91,4494.0659,4699.616,0.01,TraderAI-Bot,0.0,2026-03-19 20:13:56,,,OPEN,,
2793677329,XAUUSD,,BUY,4542.91,4494.0659,4699.616,0.01,TraderAI-Bot,0.0,2026-03-19 20:13:56,,,OPEN,,
2793677374,XAUUSD,,BUY,4542.843,4494.0659,4699.616,0.01,TraderAI-Bot,0.0,2026-03-19 20:13:56,,,OPEN,,
2793677398,XAUUSD,,BUY,4542.843,4494.0659,4699.616,0.01,TraderAI-Bot,0.0,2026-03-19 20:13:56,,,OPEN,,
2793677418,XAUUSD,,BUY,4542.929,4494.0659,4699.616,0.01,TraderAI-Bot,0.0,2026-03-19 20:13:56,,,OPEN,,
2793677430,XAUUSD,,BUY,4542.929,4494.0659,4699.616,0.01,TraderAI-Bot,0.0,2026-03-19 20:13:56,,,OPEN,,
2793677452,XAUUSD,,BUY,4543.168,4494.0659,4699.616,0.01,TraderAI-Bot,0.0,2026-03-19 20:13:57,,,OPEN,,
2793677480,XAUUSD,,BUY,4543.195,4494.0659,4699.616,0.01,TraderAI-Bot,0.0,2026-03-19 20:13:57,,,OPEN,,
2793677493,XAUUSD,,BUY,4543.195,4494.0659,4699.616,0.01,TraderAI-Bot,0.0,2026-03-19 20:13:57,,,OPEN,,
2793677508,XAUUSD,,BUY,4543.195,4494.0659,4699.616,0.01,TraderAI-Bot,0.0,2026-03-19 20:13:57,,,OPEN,,
2793677539,XAUUSD,,BUY,4543.353,4494.0659,4699.616,0.01,TraderAI-Bot,0.0,2026-03-19 20:13:57,,,OPEN,,
2793677564,XAUUSD,,BUY,4543.349,4494.0659,4699.616,0.01,TraderAI-Bot,0.0,2026-03-19 20:13:57,,,OPEN,,
2793677581,XAUUSD,,BUY,4543.286,4494.0659,4699.616,0.01,TraderAI-Bot,0.0,2026-03-19 20:13:57,,,OPEN,,
2793852351,XAUUSD,,SELL,4559.665,4599.15793,4502.61,0.01,TraderAI-Bot,0.0,2026-03-19 20:26:05,,,OPEN,,
2793852372,XAUUSD,,SELL,4559.665,4599.15793,4502.61,0.01,TraderAI-Bot,0.0,2026-03-19 20:26:05,,,OPEN,,
2793852395,XAUUSD,,SELL,4559.339,4599.15793,4502.61,0.01,TraderAI-Bot,0.0,2026-03-19 20:26:05,,,OPEN,,
2793852450,XAUUSD,,SELL,4559.339,4599.15793,4502.61,0.01,TraderAI-Bot,0.0,2026-03-19 20:26:05,,,OPEN,,
2793852545,XAUUSD,,SELL,4559.528,4599.15793,4502.61,0.01,TraderAI-Bot,0.0,2026-03-19 20:26:05,,,OPEN,,
2793852562,XAUUSD,,SELL,4559.528,4599.15793,4502.61,0.01,TraderAI-Bot,0.0,2026-03-19 20:26:06,,,OPEN,,
2793852667,XAUUSD,,SELL,4558.262,4599.15793,4502.61,0.01,TraderAI-Bot,0.0,2026-03-19 20:26:06,,,OPEN,,
2793852732,XAUUSD,,SELL,4557.869,4599.15793,4502.61,0.01,TraderAI-Bot,0.0,2026-03-19 20:26:06,,,OPEN,,
2793852756,XAUUSD,,SELL,4557.974,4599.15793,4502.61,0.01,TraderAI-Bot,0.0,2026-03-19 20:26:06,,,OPEN,,
2793852792,XAUUSD,,SELL,4557.974,4599.15793,4502.61,0.01,TraderAI-Bot,0.0,2026-03-19 20:26:06,,,OPEN,,
2793852825,XAUUSD,,SELL,4558.068,4599.15793,4502.61,0.01,TraderAI-Bot,0.0,2026-03-19 20:26:07,,,OPEN,,
2793852841,XAUUSD,,SELL,4558.068,4599.15793,4502.61,0.01,TraderAI-Bot,0.0,2026-03-19 20:26:07,,,OPEN,,
2793852881,XAUUSD,,SELL,4558.395,4599.15793,4502.61,0.01,TraderAI-Bot,0.0,2026-03-19 20:26:07,,,OPEN,,
2793852934,XAUUSD,,SELL,4558.704,4599.15793,4502.61,0.01,TraderAI-Bot,0.0,2026-03-19 20:26:07,,,OPEN,,
2793852970,XAUUSD,,SELL,4558.569,4599.15793,4502.61,0.01,TraderAI-Bot,0.0,2026-03-19 20:26:07,,,OPEN,,
2794314903,XAUUSD,,SELL,4596.284,4638.36011,4502.61,0.01,TraderAI-Bot,0.0,2026-03-19 20:55:11,,,OPEN,,
2794314988,XAUUSD,,SELL,4596.586,4638.36011,4502.61,0.01,TraderAI-Bot,0.0,2026-03-19 20:55:12,,,OPEN,,
2794315168,XAUUSD,,SELL,4596.586,4638.36011,4502.61,0.01,TraderAI-Bot,0.0,2026-03-19 20:55:12,,,OPEN,,
2794315225,XAUUSD,,SELL,4596.383,4638.36011,4502.61,0.01,TraderAI-Bot,0.0,2026-03-19 20:55:12,,,OPEN,,
2794315240,XAUUSD,,SELL,4596.456,4638.36011,4502.61,0.01,TraderAI-Bot,0.0,2026-03-19 20:55:12,,,OPEN,,
2794315265,XAUUSD,,SELL,4596.456,4638.36011,4502.61,0.01,TraderAI-Bot,0.0,2026-03-19 20:55:12,,,OPEN,,
2794315362,XAUUSD,,SELL,4596.889,4638.36011,4502.61,0.01,TraderAI-Bot,0.0,2026-03-19 20:55:13,,,OPEN,,
2794315431,XAUUSD,,SELL,4596.889,4638.36011,4502.61,0.01,TraderAI-Bot,0.0,2026-03-19 20:55:13,,,OPEN,,
2794315477,XAUUSD,,SELL,4596.889,4638.36011,4502.61,0.01,TraderAI-Bot,0.0,2026-03-19 20:55:13,,,OPEN,,
2794315544,XAUUSD,,SELL,4597.133,4638.36011,4502.61,0.01,TraderAI-Bot,0.0,2026-03-19 20:55:13,,,OPEN,,
2794315597,XAUUSD,,SELL,4596.798,4638.36011,4502.61,0.01,TraderAI-Bot,0.0,2026-03-19 20:55:13,,,OPEN,,
2794315765,XAUUSD,,SELL,4597.858,4638.36011,4502.61,0.01,TraderAI-Bot,0.0,2026-03-19 20:55:14,,,OPEN,,
2794316093,XAUUSD,,SELL,4598.155,4638.36011,4502.61,0.01,TraderAI-Bot,0.0,2026-03-19 20:55:14,,,OPEN,,
2794316290,XAUUSD,,SELL,4598.406,4638.36011,4502.61,0.01,TraderAI-Bot,0.0,2026-03-19 20:55:14,,,OPEN,,
2794316399,XAUUSD,,SELL,4598.143,4638.36011,4502.61,0.01,TraderAI-Bot,0.0,2026-03-19 20:55:14,,,OPEN,,
2794455668,XAUUSD,,BUY,4629.33,4588.32052,4699.616,0.01,TraderAI-Bot,0.0,2026-03-19 21:05:36,,,OPEN,,
2794455701,XAUUSD,,BUY,4629.268,4588.32052,4699.616,0.01,TraderAI-Bot,0.0,2026-03-19 21:05:36,,,OPEN,,
2794455731,XAUUSD,,BUY,4629.106,4588.32052,4699.616,0.01,TraderAI-Bot,0.0,2026-03-19 21:05:36,,,OPEN,,
2794455742,XAUUSD,,BUY,4629.165,4588.32052,4699.616,0.01,TraderAI-Bot,0.0,2026-03-19 21:05:36,,,OPEN,,
2794455769,XAUUSD,,BUY,4628.797,4588.32052,4699.616,0.01,TraderAI-Bot,0.0,2026-03-19 21:05:36,,,OPEN,,
2794455789,XAUUSD,,BUY,4628.734,4588.32052,4699.616,0.01,TraderAI-Bot,0.0,2026-03-19 21:05:37,,,OPEN,,
2794455815,XAUUSD,,BUY,4629.127,4588.32052,4699.616,0.01,TraderAI-Bot,0.0,2026-03-19 21:05:37,,,OPEN,,
2794455836,XAUUSD,,BUY,4629.267,4588.32052,4699.616,0.01,TraderAI-Bot,0.0,2026-03-19 21:05:37,,,OPEN,,
2794455856,XAUUSD,,BUY,4629.378,4588.32052,4699.616,0.01,TraderAI-Bot,0.0,2026-03-19 21:05:37,,,OPEN,,
2794455875,XAUUSD,,BUY,4629.18,4588.32052,4699.616,0.01,TraderAI-Bot,0.0,2026-03-19 21:05:37,,,OPEN,,
2794455927,XAUUSD,,BUY,4628.893,4588.32052,4699.616,0.01,TraderAI-Bot,0.0,2026-03-19 21:05:37,,,OPEN,,
2794456017,XAUUSD,,BUY,4628.421,4588.32052,4699.616,0.01,TraderAI-Bot,0.0,2026-03-19 21:05:38,,,OPEN,,
2794456071,XAUUSD,,BUY,4627.414,4588.32052,4699.616,0.01,TraderAI-Bot,0.0,2026-03-19 21:05:38,,,OPEN,,
2794456137,XAUUSD,,BUY,4627.579,4588.32052,4699.616,0.01,TraderAI-Bot,0.0,2026-03-19 21:05:38,,,OPEN,,
2794456181,XAUUSD,,BUY,4627.671,4588.32052,4699.616,0.01,TraderAI-Bot,0.0,2026-03-19 21:05:38,,,OPEN,,
2794617352,XAUUSD,,SELL,4610.626,4653.95193,4538.624,0.01,TraderAI-Bot,0.0,2026-03-19 21:18:04,,,OPEN,,
2794617422,XAUUSD,,SELL,4611.187,4653.95193,4538.624,0.01,TraderAI-Bot,0.0,2026-03-19 21:18:04,,,OPEN,,
2794617476,XAUUSD,,SELL,4610.894,4653.95193,4538.624,0.01,TraderAI-Bot,0.0,2026-03-19 21:18:04,,,OPEN,,
2794617503,XAUUSD,,SELL,4610.691,4653.95193,4538.624,0.01,TraderAI-Bot,0.0,2026-03-19 21:18:04,,,OPEN,,
2794617585,XAUUSD,,SELL,4611.343,4653.95193,4538.624,0.01,TraderAI-Bot,0.0,2026-03-19 21:18:04,,,OPEN,,
2794617610,XAUUSD,,SELL,4611.188,4653.95193,4538.624,0.01,TraderAI-Bot,0.0,2026-03-19 21:18:04,,,OPEN,,
2794617692,XAUUSD,,SELL,4611.354,4653.95193,4538.624,0.01,TraderAI-Bot,0.0,2026-03-19 21:18:04,,,OPEN,,
2794617879,XAUUSD,,SELL,4612.66,4653.95193,4538.624,0.01,TraderAI-Bot,0.0,2026-03-19 21:18:05,,,OPEN,,
2794617915,XAUUSD,,SELL,4612.911,4653.95193,4538.624,0.01,TraderAI-Bot,0.0,2026-03-19 21:18:05,,,OPEN,,
2794617952,XAUUSD,,SELL,4613.168,4653.95193,4538.624,0.01,TraderAI-Bot,0.0,2026-03-19 21:18:05,,,OPEN,,
2794618003,XAUUSD,,SELL,4613.609,4653.95193,4538.624,0.01,TraderAI-Bot,0.0,2026-03-19 21:18:05,,,OPEN,,
2794618033,XAUUSD,,SELL,4614.032,4653.95193,4538.624,0.01,TraderAI-Bot,0.0,2026-03-19 21:18:05,,,OPEN,,
2794618108,XAUUSD,,SELL,4614.026,4653.95193,4538.624,0.01,TraderAI-Bot,0.0,2026-03-19 21:18:05,,,OPEN,,
2794618166,XAUUSD,,SELL,4613.993,4653.95193,4538.624,0.01,TraderAI-Bot,0.0,2026-03-19 21:18:05,,,OPEN,,
2794618216,XAUUSD,,SELL,4614.434,4653.95193,4538.624,0.01,TraderAI-Bot,0.0,2026-03-19 21:18:05,,,OPEN,,
2795012994,XAUUSD,,BUY,4619.298,4586.35348,4699.616,0.01,TraderAI-Bot,0.0,2026-03-19 21:51:43,,,OPEN,,
2795013136,XAUUSD,,BUY,4620.162,4586.35348,4699.616,0.01,TraderAI-Bot,0.0,2026-03-19 21:51:43,,,OPEN,,
2795013188,XAUUSD,,BUY,4619.718,4586.35348,4699.616,0.01,TraderAI-Bot,0.0,2026-03-19 21:51:43,,,OPEN,,
2795013272,XAUUSD,,BUY,4620.011,4586.35348,4699.616,0.01,TraderAI-Bot,0.0,2026-03-19 21:51:43,,,OPEN,,
2795013317,XAUUSD,,BUY,4620.011,4586.35348,4699.616,0.01,TraderAI-Bot,0.0,2026-03-19 21:51:43,,,OPEN,,
2795013379,XAUUSD,,BUY,4620.146,4586.35348,4699.616,0.01,TraderAI-Bot,0.0,2026-03-19 21:51:43,,,OPEN,,
2795013418,XAUUSD,,BUY,4620.307,4586.35348,4699.616,0.01,TraderAI-Bot,0.0,2026-03-19 21:51:44,,,OPEN,,
2795013449,XAUUSD,,BUY,4620.301,4586.35348,4699.616,0.01,TraderAI-Bot,0.0,2026-03-19 21:51:44,,,OPEN,,
2795013467,XAUUSD,,BUY,4620.301,4586.35348,4699.616,0.01,TraderAI-Bot,0.0,2026-03-19 21:51:44,,,OPEN,,
2795013568,XAUUSD,,BUY,4620.547,4586.35348,4699.616,0.01,TraderAI-Bot,0.0,2026-03-19 21:51:44,,,OPEN,,
2795013616,XAUUSD,,BUY,4620.234,4586.35348,4699.616,0.01,TraderAI-Bot,0.0,2026-03-19 21:51:44,,,OPEN,,
2795013640,XAUUSD,,BUY,4619.872,4586.35348,4699.616,0.01,TraderAI-Bot,0.0,2026-03-19 21:51:44,,,OPEN,,
2795013673,XAUUSD,,BUY,4620.068,4586.35348,4699.616,0.01,TraderAI-Bot,0.0,2026-03-19 21:51:44,,,OPEN,,
2795013715,XAUUSD,,BUY,4619.972,4586.35348,4699.616,0.01,TraderAI-Bot,0.0,2026-03-19 21:51:45,,,OPEN,,
2795013735,XAUUSD,,BUY,4620.247,4586.35348,4699.616,0.01,TraderAI-Bot,0.0,2026-03-19 21:51:45,,,OPEN,,
2795130499,XAUUSD,,SELL,4605.763,4638.36185,4538.624,0.01,TraderAI-Bot,0.0,2026-03-19 22:01:48,,,OPEN,,
2795130522,XAUUSD,,SELL,4605.878,4638.36185,4538.624,0.01,TraderAI-Bot,0.0,2026-03-19 22:01:48,,,OPEN,,
2795130529,XAUUSD,,SELL,4605.878,4638.36185,4538.624,0.01,TraderAI-Bot,0.0,2026-03-19 22:01:48,,,OPEN,,
2795130541,XAUUSD,,SELL,4605.686,4638.36185,4538.624,0.01,TraderAI-Bot,0.0,2026-03-19 22:01:48,,,OPEN,,
2795130551,XAUUSD,,SELL,4605.686,4638.36185,4538.624,0.01,TraderAI-Bot,0.0,2026-03-19 22:01:48,,,OPEN,,
2795130562,XAUUSD,,SELL,4605.658,4638.36185,4538.624,0.01,TraderAI-Bot,0.0,2026-03-19 22:01:48,,,OPEN,,
2795130579,XAUUSD,,SELL,4605.73,4638.36185,4538.624,0.01,TraderAI-Bot,0.0,2026-03-19 22:01:49,,,OPEN,,
2795130598,XAUUSD,,SELL,4606.205,4638.36185,4538.624,0.01,TraderAI-Bot,0.0,2026-03-19 22:01:49,,,OPEN,,
2795130610,XAUUSD,,SELL,4606.217,4638.36185,4538.624,0.01,TraderAI-Bot,0.0,2026-03-19 22:01:49,,,OPEN,,
2795130633,XAUUSD,,SELL,4606.375,4638.36185,4538.624,0.01,TraderAI-Bot,0.0,2026-03-19 22:01:49,,,OPEN,,
2795130648,XAUUSD,,SELL,4606.379,4638.36185,4538.624,0.01,TraderAI-Bot,0.0,2026-03-19 22:01:49,,,OPEN,,
2795130663,XAUUSD,,SELL,4606.307,4638.36185,4538.624,0.01,TraderAI-Bot,0.0,2026-03-19 22:01:49,,,OPEN,,
2795130680,XAUUSD,,SELL,4606.489,4638.36185,4538.624,0.01,TraderAI-Bot,0.0,2026-03-19 22:01:49,,,OPEN,,
2795130689,XAUUSD,,SELL,4606.489,4638.36185,4538.624,0.01,TraderAI-Bot,0.0,2026-03-19 22:01:50,,,OPEN,,
2795130713,XAUUSD,,SELL,4605.814,4638.36185,4538.624,0.01,TraderAI-Bot,0.0,2026-03-19 22:01:50,,,OPEN,,
2795241930,XAUUSD,,SELL,4613.401,4643.98634,4538.624,0.01,TraderAI-Bot,0.0,2026-03-19 22:10:46,,,OPEN,,
2795241951,XAUUSD,,SELL,4613.175,4643.98634,4538.624,0.01,TraderAI-Bot,0.0,2026-03-19 22:10:46,,,OPEN,,
2795241966,XAUUSD,,SELL,4613.252,4643.98634,4538.624,0.01,TraderAI-Bot,0.0,2026-03-19 22:10:46,,,OPEN,,
2795241976,XAUUSD,,SELL,4613.252,4643.98634,4538.624,0.01,TraderAI-Bot,0.0,2026-03-19 22:10:46,,,OPEN,,
2795241987,XAUUSD,,SELL,4613.252,4643.98634,4538.624,0.01,TraderAI-Bot,0.0,2026-03-19 22:10:46,,,OPEN,,
2795242005,XAUUSD,,SELL,4613.396,4643.98634,4538.624,0.01,TraderAI-Bot,0.0,2026-03-19 22:10:47,,,OPEN,,
2795242014,XAUUSD,,SELL,4613.354,4643.98634,4538.624,0.01,TraderAI-Bot,0.0,2026-03-19 22:10:47,,,OPEN,,
2795242032,XAUUSD,,SELL,4613.498,4643.98634,4538.624,0.01,TraderAI-Bot,0.0,2026-03-19 22:10:47,,,OPEN,,
2795242045,XAUUSD,,SELL,4613.781,4643.98634,4538.624,0.01,TraderAI-Bot,0.0,2026-03-19 22:10:47,,,OPEN,,
2795242066,XAUUSD,,SELL,4614.082,4643.98634,4538.624,0.01,TraderAI-Bot,0.0,2026-03-19 22:10:47,,,OPEN,,
2795242105,XAUUSD,,SELL,4614.512,4643.98634,4538.624,0.01,TraderAI-Bot,0.0,2026-03-19 22:10:47,,,OPEN,,
2795242118,XAUUSD,,SELL,4614.512,4643.98634,4538.624,0.01,TraderAI-Bot,0.0,2026-03-19 22:10:47,,,OPEN,,
2795242139,XAUUSD,,SELL,4613.992,4643.98634,4538.624,0.01,TraderAI-Bot,0.0,2026-03-19 22:10:47,,,OPEN,,
2795242161,XAUUSD,,SELL,4613.701,4643.98634,4538.624,0.01,TraderAI-Bot,0.0,2026-03-19 22:10:48,,,OPEN,,
2795242175,XAUUSD,,SELL,4613.909,4643.98634,4538.624,0.01,TraderAI-Bot,0.0,2026-03-19 22:10:48,,,OPEN,,
2795779879,XAUUSD,,BUY,4608.191,4577.05224,4649.163,0.01,TraderAI-Bot,0.0,2026-03-19 23:02:03,,,OPEN,,
2795779910,XAUUSD,,BUY,4608.315,4577.05224,4649.163,0.01,TraderAI-Bot,0.0,2026-03-19 23:02:04,,,OPEN,,
2795779962,XAUUSD,,BUY,4607.826,4577.05224,4649.163,0.01,TraderAI-Bot,0.0,2026-03-19 23:02:04,,,OPEN,,
2795779995,XAUUSD,,BUY,4607.889,4577.05224,4649.163,0.01,TraderAI-Bot,0.0,2026-03-19 23:02:04,,,OPEN,,
2795780028,XAUUSD,,BUY,4608.314,4577.05224,4649.163,0.01,TraderAI-Bot,0.0,2026-03-19 23:02:04,,,OPEN,,
2795780055,XAUUSD,,BUY,4608.454,4577.05224,4649.163,0.01,TraderAI-Bot,0.0,2026-03-19 23:02:04,,,OPEN,,
2795780082,XAUUSD,,BUY,4608.487,4577.05224,4649.163,0.01,TraderAI-Bot,0.0,2026-03-19 23:02:04,,,OPEN,,
2795780111,XAUUSD,,BUY,4608.503,4577.05224,4649.163,0.01,TraderAI-Bot,0.0,2026-03-19 23:02:04,,,OPEN,,
2795780129,XAUUSD,,BUY,4608.57,4577.05224,4649.163,0.01,TraderAI-Bot,0.0,2026-03-19 23:02:05,,,OPEN,,
2795780145,XAUUSD,,BUY,4608.57,4577.05224,4649.163,0.01,TraderAI-Bot,0.0,2026-03-19 23:02:05,,,OPEN,,
2795780164,XAUUSD,,BUY,4608.57,4577.05224,4649.163,0.01,TraderAI-Bot,0.0,2026-03-19 23:02:05,,,OPEN,,
2795780183,XAUUSD,,BUY,4608.57,4577.05224,4649.163,0.01,TraderAI-Bot,0.0,2026-03-19 23:02:05,,,OPEN,,
2795780206,XAUUSD,,BUY,4608.65,4577.05224,4649.163,0.01,TraderAI-Bot,0.0,2026-03-19 23:02:05,,,OPEN,,
2795780255,XAUUSD,,BUY,4608.89,4577.05224,4649.163,0.01,TraderAI-Bot,0.0,2026-03-19 23:02:05,,,OPEN,,
2795780303,XAUUSD,,BUY,4609.388,4577.05224,4649.163,0.01,TraderAI-Bot,0.0,2026-03-19 23:02:05,,,OPEN,,
2796027184,XAUUSD,,SELL,4606.89,4631.51053,4566.091,0.01,TraderAI-Bot,0.0,2026-03-19 23:26:38,,,OPEN,,
2796027207,XAUUSD,,SELL,4606.89,4631.51053,4566.091,0.01,TraderAI-Bot,0.0,2026-03-19 23:26:38,,,OPEN,,
2796027224,XAUUSD,,SELL,4606.89,4631.51053,4566.091,0.01,TraderAI-Bot,0.0,2026-03-19 23:26:38,,,OPEN,,
2796027230,XAUUSD,,SELL,4606.89,4631.51053,4566.091,0.01,TraderAI-Bot,0.0,2026-03-19 23:26:38,,,OPEN,,
2796027323,XAUUSD,,SELL,4606.63,4631.51053,4566.091,0.01,TraderAI-Bot,0.0,2026-03-19 23:26:38,,,OPEN,,
2796027389,XAUUSD,,SELL,4606.63,4631.51053,4566.091,0.01,TraderAI-Bot,0.0,2026-03-19 23:26:38,,,OPEN,,
2796027422,XAUUSD,,SELL,4606.63,4631.51053,4566.091,0.01,TraderAI-Bot,0.0,2026-03-19 23:26:38,,,OPEN,,
2796027473,XAUUSD,,SELL,4606.77,4631.51053,4566.091,0.01,TraderAI-Bot,0.0,2026-03-19 23:26:39,,,OPEN,,
2796027497,XAUUSD,,SELL,4606.722,4631.51053,4566.091,0.01,TraderAI-Bot,0.0,2026-03-19 23:26:39,,,OPEN,,
2796027510,XAUUSD,,SELL,4606.625,4631.51053,4566.091,0.01,TraderAI-Bot,0.0,2026-03-19 23:26:39,,,OPEN,,
2796027525,XAUUSD,,SELL,4606.681,4631.51053,4566.091,0.01,TraderAI-Bot,0.0,2026-03-19 23:26:39,,,OPEN,,
2796027538,XAUUSD,,SELL,4606.681,4631.51053,4566.091,0.01,TraderAI-Bot,0.0,2026-03-19 23:26:39,,,OPEN,,
2796027554,XAUUSD,,SELL,4606.681,4631.51053,4566.091,0.01,TraderAI-Bot,0.0,2026-03-19 23:26:39,,,OPEN,,
2796027566,XAUUSD,,SELL,4606.681,4631.51053,4566.091,0.01,TraderAI-Bot,0.0,2026-03-19 23:26:39,,,OPEN,,
2796027589,XAUUSD,,SELL,4606.653,4631.51053,4566.091,0.01,TraderAI-Bot,0.0,2026-03-19 23:26:39,,,OPEN,,
2796519913,XAUUSD,,BUY,4611.384,4589.3432,4638.722,0.01,TraderAI-Bot,0.0,2026-03-20 00:25:36,,,OPEN,,
2796519946,XAUUSD,,BUY,4611.255,4589.3432,4638.722,0.01,TraderAI-Bot,0.0,2026-03-20 00:25:36,,,OPEN,,
2796519958,XAUUSD,,BUY,4611.255,4589.3432,4638.722,0.01,TraderAI-Bot,0.0,2026-03-20 00:25:37,,,OPEN,,
2796519970,XAUUSD,,BUY,4611.255,4589.3432,4638.722,0.01,TraderAI-Bot,0.0,2026-03-20 00:25:37,,,OPEN,,
2796519978,XAUUSD,,BUY,4611.255,4589.3432,4638.722,0.01,TraderAI-Bot,0.0,2026-03-20 00:25:37,,,OPEN,,
2796519989,XAUUSD,,BUY,4611.255,4589.3432,4638.722,0.01,TraderAI-Bot,0.0,2026-03-20 00:25:37,,,OPEN,,
2796520075,XAUUSD,,BUY,4610.948,4589.3432,4638.722,0.01,TraderAI-Bot,0.0,2026-03-20 00:25:37,,,OPEN,,
2796520129,XAUUSD,,BUY,4610.472,4589.3432,4638.722,0.01,TraderAI-Bot,0.0,2026-03-20 00:25:37,,,OPEN,,
2796520163,XAUUSD,,BUY,4610.168,4589.3432,4638.722,0.01,TraderAI-Bot,0.0,2026-03-20 00:25:37,,,OPEN,,
2796520179,XAUUSD,,BUY,4610.168,4589.3432,4638.722,0.01,TraderAI-Bot,0.0,2026-03-20 00:25:38,,,OPEN,,
2796520188,XAUUSD,,BUY,4610.168,4589.3432,4638.722,0.01,TraderAI-Bot,0.0,2026-03-20 00:25:38,,,OPEN,,
2796520204,XAUUSD,,BUY,4610.241,4589.3432,4638.722,0.01,TraderAI-Bot,0.0,2026-03-20 00:25:38,,,OPEN,,
2796520212,XAUUSD,,BUY,4610.241,4589.3432,4638.722,0.01,TraderAI-Bot,0.0,2026-03-20 00:25:38,,,OPEN,,
2796520218,XAUUSD,,BUY,4610.241,4589.3432,4638.722,0.01,TraderAI-Bot,0.0,2026-03-20 00:25:38,,,OPEN,,
2796520225,XAUUSD,,BUY,4610.241,4589.3432,4638.722,0.01,TraderAI-Bot,0.0,2026-03-20 00:25:38,,,OPEN,,
2796725153,XAUUSD,,SELL,4623.072,4642.19742,4593.443,0.01,TraderAI-Bot,0.0,2026-03-20 00:55:38,,,OPEN,,
2796725155,XAUUSD,,SELL,4623.072,4642.19742,4593.443,0.01,TraderAI-Bot,0.0,2026-03-20 00:55:38,,,OPEN,,
2796725170,XAUUSD,,SELL,4623.072,4642.19742,4593.443,0.01,TraderAI-Bot,0.0,2026-03-20 00:55:38,,,OPEN,,
2796725189,XAUUSD,,SELL,4622.904,4642.19742,4593.443,0.01,TraderAI-Bot,0.0,2026-03-20 00:55:38,,,OPEN,,
2796725206,XAUUSD,,SELL,4622.833,4642.19742,4593.443,0.01,TraderAI-Bot,0.0,2026-03-20 00:55:38,,,OPEN,,
2796725213,XAUUSD,,SELL,4622.833,4642.19742,4593.443,0.01,TraderAI-Bot,0.0,2026-03-20 00:55:39,,,OPEN,,
2796725218,XAUUSD,,SELL,4622.833,4642.19742,4593.443,0.01,TraderAI-Bot,0.0,2026-03-20 00:55:39,,,OPEN,,
2796725240,XAUUSD,,SELL,4623.246,4642.19742,4593.443,0.01,TraderAI-Bot,0.0,2026-03-20 00:55:39,,,OPEN,,
2796725246,XAUUSD,,SELL,4623.246,4642.19742,4593.443,0.01,TraderAI-Bot,0.0,2026-03-20 00:55:39,,,OPEN,,
2796725249,XAUUSD,,SELL,4623.246,4642.19742,4593.443,0.01,TraderAI-Bot,0.0,2026-03-20 00:55:39,,,OPEN,,
2796725254,XAUUSD,,SELL,4623.246,4642.19742,4593.443,0.01,TraderAI-Bot,0.0,2026-03-20 00:55:39,,,OPEN,,
2796725258,XAUUSD,,SELL,4623.246,4642.19742,4593.443,0.01,TraderAI-Bot,0.0,2026-03-20 00:55:39,,,OPEN,,
2796725287,XAUUSD,,SELL,4622.934,4642.19742,4593.443,0.01,TraderAI-Bot,0.0,2026-03-20 00:55:40,,,OPEN,,
2796725294,XAUUSD,,SELL,4623.135,4642.19742,4593.443,0.01,TraderAI-Bot,0.0,2026-03-20 00:55:40,,,OPEN,,
2796725304,XAUUSD,,SELL,4623.135,4642.19742,4593.443,0.01,TraderAI-Bot,0.0,2026-03-20 00:55:40,,,OPEN,,
2797011975,XAUUSD,,BUY,4612.118,4596.25689,4629.863,0.01,TraderAI-Bot,0.0,2026-03-20 01:46:35,,,OPEN,,
2797012019,XAUUSD,,BUY,4612.118,4596.25689,4629.863,0.01,TraderAI-Bot,0.0,2026-03-20 01:46:35,,,OPEN,,
2797012096,XAUUSD,,BUY,4612.131,4596.25689,4629.863,0.01,TraderAI-Bot,0.0,2026-03-20 01:46:35,,,OPEN,,
2797012242,XAUUSD,,BUY,4612.48,4596.25689,4629.863,0.01,TraderAI-Bot,0.0,2026-03-20 01:46:35,,,OPEN,,
2797012266,XAUUSD,,BUY,4612.48,4596.25689,4629.863,0.01,TraderAI-Bot,0.0,2026-03-20 01:46:35,,,OPEN,,
2797012286,XAUUSD,,BUY,4612.48,4596.25689,4629.863,0.01,TraderAI-Bot,0.0,2026-03-20 01:46:35,,,OPEN,,
2797012295,XAUUSD,,BUY,4612.48,4596.25689,4629.863,0.01,TraderAI-Bot,0.0,2026-03-20 01:46:36,,,OPEN,,
2797012311,XAUUSD,,BUY,4612.48,4596.25689,4629.863,0.01,TraderAI-Bot,0.0,2026-03-20 01:46:36,,,OPEN,,
2797012324,XAUUSD,,BUY,4612.48,4596.25689,4629.863,0.01,TraderAI-Bot,0.0,2026-03-20 01:46:36,,,OPEN,,
2797012335,XAUUSD,,BUY,4612.48,4596.25689,4629.863,0.01,TraderAI-Bot,0.0,2026-03-20 01:46:36,,,OPEN,,
2797012402,XAUUSD,,BUY,4612.326,4596.25689,4629.863,0.01,TraderAI-Bot,0.0,2026-03-20 01:46:36,,,OPEN,,
2797012418,XAUUSD,,BUY,4612.326,4596.25689,4629.863,0.01,TraderAI-Bot,0.0,2026-03-20 01:46:36,,,OPEN,,
2797012431,XAUUSD,,BUY,4612.326,4596.25689,4629.863,0.01,TraderAI-Bot,0.0,2026-03-20 01:46:37,,,OPEN,,
2797012445,XAUUSD,,BUY,4612.326,4596.25689,4629.863,0.01,TraderAI-Bot,0.0,2026-03-20 01:46:37,,,OPEN,,
2797012451,XAUUSD,,BUY,4612.326,4596.25689,4629.863,0.01,TraderAI-Bot,0.0,2026-03-20 01:46:37,,,OPEN,,
2797066911,XAUUSD,,BUY,4613.079,4598.6051,4638.722,0.01,TraderAI-Bot,0.0,2026-03-20 01:58:46,,,OPEN,,
2797066917,XAUUSD,,BUY,4613.079,4598.6051,4638.722,0.01,TraderAI-Bot,0.0,2026-03-20 01:58:46,,,OPEN,,
2797066928,XAUUSD,,BUY,4613.188,4598.6051,4638.722,0.01,TraderAI-Bot,0.0,2026-03-20 01:58:46,,,OPEN,,
2797066969,XAUUSD,,BUY,4613.188,4598.6051,4638.722,0.01,TraderAI-Bot,0.0,2026-03-20 01:58:46,,,OPEN,,
2797066979,XAUUSD,,BUY,4613.188,4598.6051,4638.722,0.01,TraderAI-Bot,0.0,2026-03-20 01:58:46,,,OPEN,,
2797066984,XAUUSD,,BUY,4613.188,4598.6051,4638.722,0.01,TraderAI-Bot,0.0,2026-03-20 01:58:47,,,OPEN,,
2797066993,XAUUSD,,BUY,4613.188,4598.6051,4638.722,0.01,TraderAI-Bot,0.0,2026-03-20 01:58:47,,,OPEN,,
2797066997,XAUUSD,,BUY,4613.188,4598.6051,4638.722,0.01,TraderAI-Bot,0.0,2026-03-20 01:58:47,,,OPEN,,
2797067024,XAUUSD,,BUY,4613.551,4598.6051,4638.722,0.01,TraderAI-Bot,0.0,2026-03-20 01:58:47,,,OPEN,,
2797067076,XAUUSD,,BUY,4613.623,4598.6051,4638.722,0.01,TraderAI-Bot,0.0,2026-03-20 01:58:47,,,OPEN,,
2797067092,XAUUSD,,BUY,4613.623,4598.6051,4638.722,0.01,TraderAI-Bot,0.0,2026-03-20 01:58:47,,,OPEN,,
2797067117,XAUUSD,,BUY,4613.623,4598.6051,4638.722,0.01,TraderAI-Bot,0.0,2026-03-20 01:58:47,,,OPEN,,
2797067126,XAUUSD,,BUY,4613.623,4598.6051,4638.722,0.01,TraderAI-Bot,0.0,2026-03-20 01:58:48,,,OPEN,,
2797067150,XAUUSD,,BUY,4613.623,4598.6051,4638.722,0.01,TraderAI-Bot,0.0,2026-03-20 01:58:48,,,OPEN,,
2797067156,XAUUSD,,BUY,4613.623,4598.6051,4638.722,0.01,TraderAI-Bot,0.0,2026-03-20 01:58:48,,,OPEN,,
2797102625,XAUUSD,,BUY,4643.251,4624.40365,4665.76047,0.01,TraderAI-Bot,0.0,2026-03-20 02:02:12,,,OPEN,,
2797102633,XAUUSD,,BUY,4643.251,4624.40365,4665.76047,0.01,TraderAI-Bot,0.0,2026-03-20 02:02:12,,,OPEN,,
2797102642,XAUUSD,,BUY,4643.251,4624.40365,4665.76047,0.01,TraderAI-Bot,0.0,2026-03-20 02:02:12,,,OPEN,,
2797102652,XAUUSD,,BUY,4643.251,4624.40365,4665.76047,0.01,TraderAI-Bot,0.0,2026-03-20 02:02:12,,,OPEN,,
2797102665,XAUUSD,,BUY,4643.472,4624.40365,4665.76047,0.01,TraderAI-Bot,0.0,2026-03-20 02:02:12,,,OPEN,,
2797102678,XAUUSD,,BUY,4643.548,4624.40365,4665.76047,0.01,TraderAI-Bot,0.0,2026-03-20 02:02:12,,,OPEN,,
2797102687,XAUUSD,,BUY,4643.476,4624.40365,4665.76047,0.01,TraderAI-Bot,0.0,2026-03-20 02:02:12,,,OPEN,,
2797102697,XAUUSD,,BUY,4643.909,4624.40365,4665.76047,0.01,TraderAI-Bot,0.0,2026-03-20 02:02:13,,,OPEN,,
2797102708,XAUUSD,,BUY,4644.047,4624.40365,4665.76047,0.01,TraderAI-Bot,0.0,2026-03-20 02:02:13,,,OPEN,,
2797102720,XAUUSD,,BUY,4644.045,4624.40365,4665.76047,0.01,TraderAI-Bot,0.0,2026-03-20 02:02:13,,,OPEN,,
2797102730,XAUUSD,,BUY,4643.964,4624.40365,4665.76047,0.01,TraderAI-Bot,0.0,2026-03-20 02:02:13,,,OPEN,,
2797102736,XAUUSD,,BUY,4643.964,4624.40365,4665.76047,0.01,TraderAI-Bot,0.0,2026-03-20 02:02:13,,,OPEN,,
2797102751,XAUUSD,,BUY,4644.043,4624.40365,4665.76047,0.01,TraderAI-Bot,0.0,2026-03-20 02:02:13,,,OPEN,,
2797102771,XAUUSD,,BUY,4644.279,4624.40365,4665.76047,0.01,TraderAI-Bot,0.0,2026-03-20 02:02:13,,,OPEN,,
2797102794,XAUUSD,,BUY,4644.43,4624.40365,4665.76047,0.01,TraderAI-Bot,0.0,2026-03-20 02:02:14,,,OPEN,,
2797454372,XAUUSD,,SELL,4634.386,4653.24406,4600.943,0.01,TraderAI-Bot,0.0,2026-03-20 02:45:56,,,OPEN,,
2797454382,XAUUSD,,SELL,4634.468,4653.24406,4600.943,0.01,TraderAI-Bot,0.0,2026-03-20 02:45:56,,,OPEN,,
2797454405,XAUUSD,,SELL,4634.283,4653.24406,4600.943,0.01,TraderAI-Bot,0.0,2026-03-20 02:45:57,,,OPEN,,
2797454438,XAUUSD,,SELL,4634.476,4653.24406,4600.943,0.01,TraderAI-Bot,0.0,2026-03-20 02:45:57,,,OPEN,,
2797454458,XAUUSD,,SELL,4634.715,4653.24406,4600.943,0.01,TraderAI-Bot,0.0,2026-03-20 02:45:57,,,OPEN,,
2797454471,XAUUSD,,SELL,4634.799,4653.24406,4600.943,0.01,TraderAI-Bot,0.0,2026-03-20 02:45:57,,,OPEN,,
2797454478,XAUUSD,,SELL,4634.799,4653.24406,4600.943,0.01,TraderAI-Bot,0.0,2026-03-20 02:45:57,,,OPEN,,
2797454487,XAUUSD,,SELL,4634.799,4653.24406,4600.943,0.01,TraderAI-Bot,0.0,2026-03-20 02:45:58,,,OPEN,,
2797454501,XAUUSD,,SELL,4634.882,4653.24406,4600.943,0.01,TraderAI-Bot,0.0,2026-03-20 02:45:58,,,OPEN,,
2797454508,XAUUSD,,SELL,4634.882,4653.24406,4600.943,0.01,TraderAI-Bot,0.0,2026-03-20 02:45:58,,,OPEN,,
2797454514,XAUUSD,,SELL,4634.882,4653.24406,4600.943,0.01,TraderAI-Bot,0.0,2026-03-20 02:45:58,,,OPEN,,
2797454526,XAUUSD,,SELL,4634.605,4653.24406,4600.943,0.01,TraderAI-Bot,0.0,2026-03-20 02:45:58,,,OPEN,,
2797454542,XAUUSD,,SELL,4634.467,4653.24406,4600.943,0.01,TraderAI-Bot,0.0,2026-03-20 02:45:58,,,OPEN,,
2797454546,XAUUSD,,SELL,4634.467,4653.24406,4600.943,0.01,TraderAI-Bot,0.0,2026-03-20 02:45:58,,,OPEN,,
2797454551,XAUUSD,,SELL,4634.467,4653.24406,4600.943,0.01,TraderAI-Bot,0.0,2026-03-20 02:45:59,,,OPEN,,
2797492070,XAUUSD,,BUY,4635.343,4619.51602,4663.389,0.01,TraderAI-Bot,0.0,2026-03-20 02:52:44,,,OPEN,,
2797492079,XAUUSD,,BUY,4635.343,4619.51602,4663.389,0.01,TraderAI-Bot,0.0,2026-03-20 02:52:44,,,OPEN,,
2797492102,XAUUSD,,BUY,4635.585,4619.51602,4663.389,0.01,TraderAI-Bot,0.0,2026-03-20 02:52:45,,,OPEN,,
2797492115,XAUUSD,,BUY,4635.641,4619.51602,4663.389,0.01,TraderAI-Bot,0.0,2026-03-20 02:52:45,,,OPEN,,
2797492122,XAUUSD,,BUY,4635.641,4619.51602,4663.389,0.01,TraderAI-Bot,0.0,2026-03-20 02:52:45,,,OPEN,,
2797492130,XAUUSD,,BUY,4635.641,4619.51602,4663.389,0.01,TraderAI-Bot,0.0,2026-03-20 02:52:45,,,OPEN,,
2797492143,XAUUSD,,BUY,4635.652,4619.51602,4663.389,0.01,TraderAI-Bot,0.0,2026-03-20 02:52:45,,,OPEN,,
2797492167,XAUUSD,,BUY,4635.582,4619.51602,4663.389,0.01,TraderAI-Bot,0.0,2026-03-20 02:52:45,,,OPEN,,
2797492175,XAUUSD,,BUY,4635.51,4619.51602,4663.389,0.01,TraderAI-Bot,0.0,2026-03-20 02:52:45,,,OPEN,,
2797492181,XAUUSD,,BUY,4635.51,4619.51602,4663.389,0.01,TraderAI-Bot,0.0,2026-03-20 02:52:46,,,OPEN,,
2797492185,XAUUSD,,BUY,4635.581,4619.51602,4663.389,0.01,TraderAI-Bot,0.0,2026-03-20 02:52:46,,,OPEN,,
2797492191,XAUUSD,,BUY,4635.491,4619.51602,4663.389,0.01,TraderAI-Bot,0.0,2026-03-20 02:52:46,,,OPEN,,
2797492211,XAUUSD,,BUY,4635.891,4619.51602,4663.389,0.01,TraderAI-Bot,0.0,2026-03-20 02:52:46,,,OPEN,,
2797492222,XAUUSD,,BUY,4636.056,4619.51602,4663.389,0.01,TraderAI-Bot,0.0,2026-03-20 02:52:46,,,OPEN,,
2797492243,XAUUSD,,BUY,4635.957,4619.51602,4663.389,0.01,TraderAI-Bot,0.0,2026-03-20 02:52:46,,,OPEN,,
2797670177,XAUUSD,,BUY,4657.585,4646.37397,4671.38504,0.01,TraderAI-Bot,0.0,2026-03-20 03:40:32,,,OPEN,,
2797670179,XAUUSD,,BUY,4657.585,4646.37397,4671.38504,0.01,TraderAI-Bot,0.0,2026-03-20 03:40:32,,,OPEN,,
2797670184,XAUUSD,,BUY,4657.585,4646.37397,4671.38504,0.01,TraderAI-Bot,0.0,2026-03-20 03:40:32,,,OPEN,,
2797670187,XAUUSD,,BUY,4657.585,4646.37397,4671.38504,0.01,TraderAI-Bot,0.0,2026-03-20 03:40:32,,,OPEN,,
2797858892,XAUUSD,,SELL,4664.178,4675.78924,4631.915,0.01,TraderAI-Bot,0.0,2026-03-20 05:30:49,,,OPEN,,
2797858901,XAUUSD,,SELL,4664.178,4675.78924,4631.915,0.01,TraderAI-Bot,0.0,2026-03-20 05:30:49,,,OPEN,,
2797858907,XAUUSD,,SELL,4664.178,4675.78924,4631.915,0.01,TraderAI-Bot,0.0,2026-03-20 05:30:49,,,OPEN,,
2797858911,XAUUSD,,SELL,4664.178,4675.78924,4631.915,0.01,TraderAI-Bot,0.0,2026-03-20 05:30:49,,,OPEN,,
2797858927,XAUUSD,,SELL,4664.178,4675.78924,4631.915,0.01,TraderAI-Bot,0.0,2026-03-20 05:30:49,,,OPEN,,
2797858984,XAUUSD,,SELL,4663.929,4675.78924,4631.915,0.01,TraderAI-Bot,0.0,2026-03-20 05:30:49,,,OPEN,,
2797941162,XAUUSD,,BUY,4644.898,4634.14425,4663.389,0.01,TraderAI-Bot,0.0,2026-03-20 05:50:44,,,OPEN,,
2797941190,XAUUSD,,BUY,4644.866,4634.14425,4663.389,0.01,TraderAI-Bot,0.0,2026-03-20 05:50:44,,,OPEN,,
2797941207,XAUUSD,,BUY,4644.866,4634.14425,4663.389,0.01,TraderAI-Bot,0.0,2026-03-20 05:50:44,,,OPEN,,
2797941220,XAUUSD,,BUY,4644.866,4634.14425,4663.389,0.01,TraderAI-Bot,0.0,2026-03-20 05:50:44,,,OPEN,,
2797941240,XAUUSD,,BUY,4644.866,4634.14425,4663.389,0.01,TraderAI-Bot,0.0,2026-03-20 05:50:44,,,OPEN,,
2797941267,XAUUSD,,BUY,4645.169,4634.14425,4663.389,0.01,TraderAI-Bot,0.0,2026-03-20 05:50:44,,,OPEN,,
2797941303,XAUUSD,,BUY,4645.169,4634.14425,4663.389,0.01,TraderAI-Bot,0.0,2026-03-20 05:50:45,,,OPEN,,
2797941353,XAUUSD,,BUY,4646.03,4634.14425,4663.389,0.01,TraderAI-Bot,0.0,2026-03-20 05:50:45,,,OPEN,,
2797941367,XAUUSD,,BUY,4646.03,4634.14425,4663.389,0.01,TraderAI-Bot,0.0,2026-03-20 05:50:45,,,OPEN,,
2798227520,XAUUSD,,BUY,4663.304,4652.50966,4677.032,0.01,TraderAI-Bot,0.0,2026-03-20 07:17:29,,,OPEN,,
2798227526,XAUUSD,,BUY,4663.304,4652.50966,4677.032,0.01,TraderAI-Bot,0.0,2026-03-20 07:17:29,,,OPEN,,
2798227537,XAUUSD,,BUY,4663.304,4652.50966,4677.032,0.01,TraderAI-Bot,0.0,2026-03-20 07:17:29,,,OPEN,,
2798227544,XAUUSD,,BUY,4663.304,4652.50966,4677.032,0.01,TraderAI-Bot,0.0,2026-03-20 07:17:29,,,OPEN,,
2798227548,XAUUSD,,BUY,4663.304,4652.50966,4677.032,0.01,TraderAI-Bot,0.0,2026-03-20 07:17:29,,,OPEN,,
2798227553,XAUUSD,,BUY,4663.304,4652.50966,4677.032,0.01,TraderAI-Bot,0.0,2026-03-20 07:17:29,,,OPEN,,
2798227561,XAUUSD,,BUY,4663.304,4652.50966,4677.032,0.01,TraderAI-Bot,0.0,2026-03-20 07:17:29,,,OPEN,,
2798227568,XAUUSD,,BUY,4663.304,4652.50966,4677.032,0.01,TraderAI-Bot,0.0,2026-03-20 07:17:30,,,OPEN,,
2798227576,XAUUSD,,BUY,4663.304,4652.50966,4677.032,0.01,TraderAI-Bot,0.0,2026-03-20 07:17:30,,,OPEN,,
2798227590,XAUUSD,,BUY,4663.228,4652.50966,4677.032,0.01,TraderAI-Bot,0.0,2026-03-20 07:17:30,,,OPEN,,
2798227600,XAUUSD,,BUY,4663.228,4652.50966,4677.032,0.01,TraderAI-Bot,0.0,2026-03-20 07:17:30,,,OPEN,,
2798227603,XAUUSD,,BUY,4663.228,4652.50966,4677.032,0.01,TraderAI-Bot,0.0,2026-03-20 07:17:30,,,OPEN,,
2798227611,XAUUSD,,BUY,4663.31,4652.50966,4677.032,0.01,TraderAI-Bot,0.0,2026-03-20 07:17:30,,,OPEN,,
2798227622,XAUUSD,,BUY,4663.382,4652.50966,4677.032,0.01,TraderAI-Bot,0.0,2026-03-20 07:17:30,,,OPEN,,
2798227630,XAUUSD,,BUY,4663.382,4652.50966,4677.032,0.01,TraderAI-Bot,0.0,2026-03-20 07:17:30,,,OPEN,,
2798251246,XAUUSD,,BUY,4653.205,4644.38117,4677.032,0.01,TraderAI-Bot,0.0,2026-03-20 07:23:03,,,OPEN,,
2798251269,XAUUSD,,BUY,4653.221,4644.38117,4677.032,0.01,TraderAI-Bot,0.0,2026-03-20 07:23:03,,,OPEN,,
2798251278,XAUUSD,,BUY,4653.221,4644.38117,4677.032,0.01,TraderAI-Bot,0.0,2026-03-20 07:23:03,,,OPEN,,
2798251287,XAUUSD,,BUY,4653.221,4644.38117,4677.032,0.01,TraderAI-Bot,0.0,2026-03-20 07:23:04,,,OPEN,,
2798251294,XAUUSD,,BUY,4653.221,4644.38117,4677.032,0.01,TraderAI-Bot,0.0,2026-03-20 07:23:04,,,OPEN,,
2798251303,XAUUSD,,BUY,4653.221,4644.38117,4677.032,0.01,TraderAI-Bot,0.0,2026-03-20 07:23:04,,,OPEN,,
2798251309,XAUUSD,,BUY,4653.221,4644.38117,4677.032,0.01,TraderAI-Bot,0.0,2026-03-20 07:23:04,,,OPEN,,
2798251318,XAUUSD,,BUY,4653.221,4644.38117,4677.032,0.01,TraderAI-Bot,0.0,2026-03-20 07:23:04,,,OPEN,,
2798251324,XAUUSD,,BUY,4653.221,4644.38117,4677.032,0.01,TraderAI-Bot,0.0,2026-03-20 07:23:04,,,OPEN,,
2798263144,XAUUSD,,BUY,4643.229,4631.56877,4663.389,0.01,TraderAI-Bot,0.0,2026-03-20 07:24:11,,,OPEN,,
2798263157,XAUUSD,,BUY,4643.417,4631.56877,4663.389,0.01,TraderAI-Bot,0.0,2026-03-20 07:24:11,,,OPEN,,
2798263172,XAUUSD,,BUY,4643.487,4631.56877,4663.389,0.01,TraderAI-Bot,0.0,2026-03-20 07:24:11,,,OPEN,,
2798263195,XAUUSD,,BUY,4643.65,4631.56877,4663.389,0.01,TraderAI-Bot,0.0,2026-03-20 07:24:12,,,OPEN,,
2798263223,XAUUSD,,BUY,4643.864,4631.56877,4663.389,0.01,TraderAI-Bot,0.0,2026-03-20 07:24:12,,,OPEN,,
2798263232,XAUUSD,,BUY,4643.864,4631.56877,4663.389,0.01,TraderAI-Bot,0.0,2026-03-20 07:24:12,,,OPEN,,
2798311205,XAUUSD,,SELL,4648.862,4659.47557,4634.231,0.01,TraderAI-Bot,0.0,2026-03-20 07:35:12,,,OPEN,,
2798311208,XAUUSD,,SELL,4648.862,4659.47557,4634.231,0.01,TraderAI-Bot,0.0,2026-03-20 07:35:12,,,OPEN,,
2798311216,XAUUSD,,SELL,4648.938,4659.47557,4634.231,0.01,TraderAI-Bot,0.0,2026-03-20 07:35:12,,,OPEN,,
2798311221,XAUUSD,,SELL,4648.938,4659.47557,4634.231,0.01,TraderAI-Bot,0.0,2026-03-20 07:35:13,,,OPEN,,
2798311225,XAUUSD,,SELL,4648.938,4659.47557,4634.231,0.01,TraderAI-Bot,0.0,2026-03-20 07:35:13,,,OPEN,,
2798311229,XAUUSD,,SELL,4648.938,4659.47557,4634.231,0.01,TraderAI-Bot,0.0,2026-03-20 07:35:13,,,OPEN,,
2798311234,XAUUSD,,SELL,4648.938,4659.47557,4634.231,0.01,TraderAI-Bot,0.0,2026-03-20 07:35:13,,,OPEN,,
2798342587,XAUUSD,,BUY,4655.971,4646.21004,4677.032,0.01,TraderAI-Bot,0.0,2026-03-20 07:45:06,,,OPEN,,
2798342598,XAUUSD,,BUY,4656.014,4646.21004,4677.032,0.01,TraderAI-Bot,0.0,2026-03-20 07:45:06,,,OPEN,,
2798342602,XAUUSD,,BUY,4656.014,4646.21004,4677.032,0.01,TraderAI-Bot,0.0,2026-03-20 07:45:06,,,OPEN,,
2798342605,XAUUSD,,BUY,4656.014,4646.21004,4677.032,0.01,TraderAI-Bot,0.0,2026-03-20 07:45:06,,,OPEN,,
2798342608,XAUUSD,,BUY,4656.014,4646.21004,4677.032,0.01,TraderAI-Bot,0.0,2026-03-20 07:45:07,,,OPEN,,
2798342611,XAUUSD,,BUY,4656.014,4646.21004,4677.032,0.01,TraderAI-Bot,0.0,2026-03-20 07:45:07,,,OPEN,,
2798410591,XAUUSD,,BUY,4644.835,4629.43765,4660.788,0.01,TraderAI-Bot,0.0,2026-03-20 08:00:32,,,OPEN,,
2798410639,XAUUSD,,BUY,4644.764,4629.43765,4660.788,0.01,TraderAI-Bot,0.0,2026-03-20 08:00:32,,,OPEN,,
2798410658,XAUUSD,,BUY,4644.677,4629.43765,4660.788,0.01,TraderAI-Bot,0.0,2026-03-20 08:00:32,,,OPEN,,
2798410681,XAUUSD,,BUY,4644.677,4629.43765,4660.788,0.01,TraderAI-Bot,0.0,2026-03-20 08:00:33,,,OPEN,,
2798428745,XAUUSD,,BUY,4660.073,4644.62645,4678.06207,0.01,TraderAI-Bot,0.0,2026-03-20 08:01:40,,,OPEN,,
2798428754,XAUUSD,,BUY,4660.183,4644.62645,4678.06207,0.01,TraderAI-Bot,0.0,2026-03-20 08:01:40,,,OPEN,,
2798428761,XAUUSD,,BUY,4660.19,4644.62645,4678.06207,0.01,TraderAI-Bot,0.0,2026-03-20 08:01:40,,,OPEN,,
2798428773,XAUUSD,,BUY,4659.48,4644.62645,4678.06207,0.01,TraderAI-Bot,0.0,2026-03-20 08:01:40,,,OPEN,,
2798428787,XAUUSD,,BUY,4659.066,4644.62645,4678.06207,0.01,TraderAI-Bot,0.0,2026-03-20 08:01:40,,,OPEN,,
2798428792,XAUUSD,,BUY,4659.184,4644.62645,4678.06207,0.01,TraderAI-Bot,0.0,2026-03-20 08:01:40,,,OPEN,,
2798489588,XAUUSD,,BUY,4677.666,4659.976,4696.95467,0.01,TraderAI-Bot,0.0,2026-03-20 08:08:19,,,OPEN,,
2798489626,XAUUSD,,BUY,4677.765,4659.976,4696.95467,0.01,TraderAI-Bot,0.0,2026-03-20 08:08:20,,,OPEN,,
2798489670,XAUUSD,,BUY,4677.712,4659.976,4696.95467,0.01,TraderAI-Bot,0.0,2026-03-20 08:08:20,,,OPEN,,
2798489685,XAUUSD,,BUY,4677.712,4659.976,4696.95467,0.01,TraderAI-Bot,0.0,2026-03-20 08:08:20,,,OPEN,,
2798489718,XAUUSD,,BUY,4677.712,4659.976,4696.95467,0.01,TraderAI-Bot,0.0,2026-03-20 08:08:20,,,OPEN,,
2798489743,XAUUSD,,BUY,4677.712,4659.976,4696.95467,0.01,TraderAI-Bot,0.0,2026-03-20 08:08:20,,,OPEN,,
2798489755,XAUUSD,,BUY,4677.604,4659.976,4696.95467,0.01,TraderAI-Bot,0.0,2026-03-20 08:08:20,,,OPEN,,
2798489766,XAUUSD,,BUY,4677.604,4659.976,4696.95467,0.01,TraderAI-Bot,0.0,2026-03-20 08:08:20,,,OPEN,,
2798489774,XAUUSD,,BUY,4677.604,4659.976,4696.95467,0.01,TraderAI-Bot,0.0,2026-03-20 08:08:20,,,OPEN,,
2798489808,XAUUSD,,BUY,4677.213,4659.976,4696.95467,0.01,TraderAI-Bot,0.0,2026-03-20 08:08:21,,,OPEN,,
2798489822,XAUUSD,,BUY,4676.948,4659.976,4696.95467,0.01,TraderAI-Bot,0.0,2026-03-20 08:08:21,,,OPEN,,
2798545318,XAUUSD,,BUY,4653.845,4636.7411,4677.032,0.01,TraderAI-Bot,0.0,2026-03-20 08:16:04,,,OPEN,,
2798545344,XAUUSD,,BUY,4653.876,4636.7411,4677.032,0.01,TraderAI-Bot,0.0,2026-03-20 08:16:04,,,OPEN,,
2798545367,XAUUSD,,BUY,4653.844,4636.7411,4677.032,0.01,TraderAI-Bot,0.0,2026-03-20 08:16:04,,,OPEN,,
2798653070,XAUUSD,,BUY,4675.771,4659.55647,4696.72304,0.01,TraderAI-Bot,0.0,2026-03-20 08:35:57,,,OPEN,,
2798653074,XAUUSD,,BUY,4675.771,4659.55647,4696.72304,0.01,TraderAI-Bot,0.0,2026-03-20 08:35:57,,,OPEN,,
2798653081,XAUUSD,,BUY,4675.771,4659.55647,4696.72304,0.01,TraderAI-Bot,0.0,2026-03-20 08:35:57,,,OPEN,,
2798653083,XAUUSD,,BUY,4675.771,4659.55647,4696.72304,0.01,TraderAI-Bot,0.0,2026-03-20 08:35:57,,,OPEN,,
2798653087,XAUUSD,,BUY,4675.771,4659.55647,4696.72304,0.01,TraderAI-Bot,0.0,2026-03-20 08:35:57,,,OPEN,,
2798653095,XAUUSD,,BUY,4675.771,4659.55647,4696.72304,0.01,TraderAI-Bot,0.0,2026-03-20 08:35:58,,,OPEN,,
2798731460,XAUUSD,,BUY,4692.438,4674.76948,4716.29003,0.01,TraderAI-Bot,0.0,2026-03-20 08:47:02,,,OPEN,,
2798731470,XAUUSD,,BUY,4692.438,4674.76948,4716.29003,0.01,TraderAI-Bot,0.0,2026-03-20 08:47:02,,,OPEN,,
2798731472,XAUUSD,,BUY,4692.438,4674.76948,4716.29003,0.01,TraderAI-Bot,0.0,2026-03-20 08:47:02,,,OPEN,,
2798731476,XAUUSD,,BUY,4692.438,4674.76948,4716.29003,0.01,TraderAI-Bot,0.0,2026-03-20 08:47:02,,,OPEN,,
2798731491,XAUUSD,,BUY,4692.508,4674.76948,4716.29003,0.01,TraderAI-Bot,0.0,2026-03-20 08:47:03,,,OPEN,,
2798731502,XAUUSD,,BUY,4692.508,4674.76948,4716.29003,0.01,TraderAI-Bot,0.0,2026-03-20 08:47:03,,,OPEN,,
2798731509,XAUUSD,,BUY,4692.508,4674.76948,4716.29003,0.01,TraderAI-Bot,0.0,2026-03-20 08:47:03,,,OPEN,,
2798731540,XAUUSD,,BUY,4691.431,4674.76948,4716.29003,0.01,TraderAI-Bot,0.0,2026-03-20 08:47:03,,,OPEN,,
2798731555,XAUUSD,,BUY,4691.431,4674.76948,4716.29003,0.01,TraderAI-Bot,0.0,2026-03-20 08:47:03,,,OPEN,,
2798731568,XAUUSD,,BUY,4691.627,4674.76948,4716.29003,0.01,TraderAI-Bot,0.0,2026-03-20 08:47:03,,,OPEN,,
2798731592,XAUUSD,,BUY,4692.68,4674.76948,4716.29003,0.01,TraderAI-Bot,0.0,2026-03-20 08:47:03,,,OPEN,,
2798808724,XAUUSD,,BUY,4678.221,4663.52932,4698.16923,0.01,TraderAI-Bot,0.0,2026-03-20 09:00:17,,,OPEN,,
2798808728,XAUUSD,,BUY,4678.221,4663.52932,4698.16923,0.01,TraderAI-Bot,0.0,2026-03-20 09:00:17,,,OPEN,,
2798808731,XAUUSD,,BUY,4678.221,4663.52932,4698.16923,0.01,TraderAI-Bot,0.0,2026-03-20 09:00:18,,,OPEN,,
2799058494,XAUUSD,,BUY,4700.068,4681.43586,4715.90186,0.01,TraderAI-Bot,0.0,2026-03-20 09:49:55,,,OPEN,,
2799058558,XAUUSD,,BUY,4699.866,4681.43586,4715.90186,0.01,TraderAI-Bot,0.0,2026-03-20 09:49:55,,,OPEN,,
2799058616,XAUUSD,,BUY,4699.745,4681.43586,4715.90186,0.01,TraderAI-Bot,0.0,2026-03-20 09:49:55,,,OPEN,,
2799058673,XAUUSD,,BUY,4699.745,4681.43586,4715.90186,0.01,TraderAI-Bot,0.0,2026-03-20 09:49:55,,,OPEN,,
2799058711,XAUUSD,,BUY,4699.745,4681.43586,4715.90186,0.01,TraderAI-Bot,0.0,2026-03-20 09:49:56,,,OPEN,,
2799216909,XAUUSD,,SELL,4717.96,4731.30037,4670.239,0.01,TraderAI-Bot,0.0,2026-03-20 10:15:19,,,OPEN,,
2799216916,XAUUSD,,SELL,4717.96,4731.30037,4670.239,0.01,TraderAI-Bot,0.0,2026-03-20 10:15:19,,,OPEN,,
2799216922,XAUUSD,,SELL,4717.96,4731.30037,4670.239,0.01,TraderAI-Bot,0.0,2026-03-20 10:15:19,,,OPEN,,
2799216932,XAUUSD,,SELL,4717.96,4731.30037,4670.239,0.01,TraderAI-Bot,0.0,2026-03-20 10:15:19,,,OPEN,,
2799216942,XAUUSD,,SELL,4717.96,4731.30037,4670.239,0.01,TraderAI-Bot,0.0,2026-03-20 10:15:20,,,OPEN,,
2799216947,XAUUSD,,SELL,4717.96,4731.30037,4670.239,0.01,TraderAI-Bot,0.0,2026-03-20 10:15:20,,,OPEN,,
2799216956,XAUUSD,,SELL,4717.96,4731.30037,4670.239,0.01,TraderAI-Bot,0.0,2026-03-20 10:15:20,,,OPEN,,
2799216967,XAUUSD,,SELL,4717.96,4731.30037,4670.239,0.01,TraderAI-Bot,0.0,2026-03-20 10:15:20,,,OPEN,,
2799216977,XAUUSD,,SELL,4717.975,4731.30037,4670.239,0.01,TraderAI-Bot,0.0,2026-03-20 10:15:20,,,OPEN,,
2799246791,XAUUSD,,SELL,4731.819,4750.08097,4670.239,0.01,TraderAI-Bot,0.0,2026-03-20 10:18:39,,,OPEN,,
2799246799,XAUUSD,,SELL,4731.819,4750.08097,4670.239,0.01,TraderAI-Bot,0.0,2026-03-20 10:18:39,,,OPEN,,
2799246808,XAUUSD,,SELL,4731.96,4750.08097,4670.239,0.01,TraderAI-Bot,0.0,2026-03-20 10:18:39,,,OPEN,,
2799246825,XAUUSD,,SELL,4732.031,4750.08097,4670.239,0.01,TraderAI-Bot,0.0,2026-03-20 10:18:40,,,OPEN,,
2799410254,XAUUSD,,SELL,4722.903,4734.88665,4670.239,0.01,TraderAI-Bot,0.0,2026-03-20 10:50:39,,,OPEN,,
2799410258,XAUUSD,,SELL,4722.903,4734.88665,4670.239,0.01,TraderAI-Bot,0.0,2026-03-20 10:50:39,,,OPEN,,
2799410278,XAUUSD,,SELL,4723.392,4734.88665,4670.239,0.01,TraderAI-Bot,0.0,2026-03-20 10:50:39,,,OPEN,,
2799410283,XAUUSD,,SELL,4723.203,4734.88665,4670.239,0.01,TraderAI-Bot,0.0,2026-03-20 10:50:40,,,OPEN,,
2799410286,XAUUSD,,SELL,4723.203,4734.88665,4670.239,0.01,TraderAI-Bot,0.0,2026-03-20 10:50:40,,,OPEN,,
2799420805,XAUUSD,,BUY,4727.201,4714.27755,4742.30193,0.01,TraderAI-Bot,0.0,2026-03-20 10:52:53,,,OPEN,,
2799420818,XAUUSD,,BUY,4727.201,4714.27755,4742.30193,0.01,TraderAI-Bot,0.0,2026-03-20 10:52:53,,,OPEN,,
2799420831,XAUUSD,,BUY,4727.201,4714.27755,4742.30193,0.01,TraderAI-Bot,0.0,2026-03-20 10:52:53,,,OPEN,,
2799420845,XAUUSD,,BUY,4727.201,4714.27755,4742.30193,0.01,TraderAI-Bot,0.0,2026-03-20 10:52:53,,,OPEN,,
2799426727,XAUUSD,,SELL,4724.223,4736.89145,4670.239,0.01,TraderAI-Bot,0.0,2026-03-20 10:54:00,,,OPEN,,
2799426773,XAUUSD,,SELL,4724.286,4736.89145,4670.239,0.01,TraderAI-Bot,0.0,2026-03-20 10:54:00,,,OPEN,,
2799426802,XAUUSD,,SELL,4724.286,4736.89145,4670.239,0.01,TraderAI-Bot,0.0,2026-03-20 10:54:00,,,OPEN,,
2799426820,XAUUSD,,SELL,4724.286,4736.89145,4670.239,0.01,TraderAI-Bot,0.0,2026-03-20 10:54:01,,,OPEN,,
2799433862,XAUUSD,,BUY,4727.899,4716.06241,4742.57279,0.01,TraderAI-Bot,0.0,2026-03-20 10:56:13,,,OPEN,,
2799433873,XAUUSD,,BUY,4727.899,4716.06241,4742.57279,0.01,TraderAI-Bot,0.0,2026-03-20 10:56:14,,,OPEN,,
2799433885,XAUUSD,,BUY,4727.899,4716.06241,4742.57279,0.01,TraderAI-Bot,0.0,2026-03-20 10:56:14,,,OPEN,,
2799627121,XAUUSD,,BUY,4716.167,4708.02466,4735.802,0.01,TraderAI-Bot,0.0,2026-03-20 11:48:00,,,OPEN,,
2799627133,XAUUSD,,BUY,4716.167,4708.02466,4735.802,0.01,TraderAI-Bot,0.0,2026-03-20 11:48:00,,,OPEN,,
2799667127,XAUUSD,,SELL,4720.888,4728.16898,4670.239,0.01,TraderAI-Bot,0.0,2026-03-20 12:00:07,,,OPEN,,
2799667129,XAUUSD,,SELL,4720.888,4728.16898,4670.239,0.01,TraderAI-Bot,0.0,2026-03-20 12:00:07,,,OPEN,,
2799730640,XAUUSD,,BUY,4717.426,4708.11804,4735.802,0.01,TraderAI-Bot,0.0,2026-03-20 12:14:27,,,OPEN,,
2799730726,XAUUSD,,BUY,4717.325,4708.11804,4735.802,0.01,TraderAI-Bot,0.0,2026-03-20 12:14:27,,,OPEN,,
2799730742,XAUUSD,,BUY,4717.325,4708.11804,4735.802,0.01,TraderAI-Bot,0.0,2026-03-20 12:14:27,,,OPEN,,
2799831861,XAUUSD,,BUY,4705.76,4697.24576,4727.061,0.01,TraderAI-Bot,0.0,2026-03-20 12:36:02,,,OPEN,,
2799831867,XAUUSD,,BUY,4705.76,4697.24576,4727.061,0.01,TraderAI-Bot,0.0,2026-03-20 12:36:02,,,OPEN,,
2799897692,XAUUSD,,SELL,4705.786,4718.58448,4670.239,0.01,TraderAI-Bot,0.0,2026-03-20 12:47:13,,,OPEN,,
2799897698,XAUUSD,,SELL,4705.786,4718.58448,4670.239,0.01,TraderAI-Bot,0.0,2026-03-20 12:47:13,,,OPEN,,
2799909235,XAUUSD,,SELL,4700.809,4713.13268,4670.239,0.01,TraderAI-Bot,0.0,2026-03-20 12:48:28,,,OPEN,,
2799909240,XAUUSD,,SELL,4700.809,4713.13268,4670.239,0.01,TraderAI-Bot,0.0,2026-03-20 12:48:28,,,OPEN,,
2799947931,XAUUSD,,SELL,4697.995,4710.74868,4670.239,0.01,TraderAI-Bot,0.0,2026-03-20 12:53:45,,,OPEN,,
2799947940,XAUUSD,,SELL,4698.196,4710.74868,4670.239,0.01,TraderAI-Bot,0.0,2026-03-20 12:53:45,,,OPEN,,
2799975013,XAUUSD,,SELL,4691.201,4705.90491,4670.239,0.01,TraderAI-Bot,0.0,2026-03-20 12:57:18,,,OPEN,,
2799975032,XAUUSD,,SELL,4691.201,4705.90491,4670.239,0.01,TraderAI-Bot,0.0,2026-03-20 12:57:18,,,OPEN,,
2800045853,XAUUSD,,SELL,4695.89,4708.51356,4670.239,0.01,TraderAI-Bot,0.0,2026-03-20 13:07:36,,,OPEN,,
2800045857,XAUUSD,,SELL,4695.89,4708.51356,4670.239,0.01,TraderAI-Bot,0.0,2026-03-20 13:07:36,,,OPEN,,
2800094921,XAUUSD,,BUY,4692.126,4677.12802,4723.655,0.01,TraderAI-Bot,0.0,2026-03-20 13:14:21,,,OPEN,,
2800094926,XAUUSD,,BUY,4692.126,4677.12802,4723.655,0.01,TraderAI-Bot,0.0,2026-03-20 13:14:21,,,OPEN,,
2800242950,XAUUSD,,SELL,4676.988,4694.17122,4639.284,0.01,TraderAI-Bot,0.0,2026-03-20 13:36:43,,,OPEN,,
2800242961,XAUUSD,,SELL,4676.988,4694.17122,4639.284,0.01,TraderAI-Bot,0.0,2026-03-20 13:36:43,,,OPEN,,
2800599447,XAUUSD,,SELL,4692.642,4703.42582,4670.239,0.01,TraderAI-Bot,0.0,2026-03-20 14:38:21,,,OPEN,,
2800801839,XAUUSD,,SELL,4718.765,4737.86187,4670.239,0.01,TraderAI-Bot,0.0,2026-03-20 15:16:29,,,OPEN,,
2801127363,XAUUSD,,BUY,4692.717,4666.98202,4734.746,0.01,TraderAI-Bot,0.0,2026-03-20 15:59:37,,,OPEN,,
2801127371,XAUUSD,,BUY,4692.717,4666.98202,4734.746,0.01,TraderAI-Bot,0.0,2026-03-20 15:59:37,,,OPEN,,
2803154384,XAUUSD,,BUY,4654.665,4637.27258,4784.4682,0.01,TraderAI-Bot,0.0,2026-03-20 20:39:52,,,OPEN,,
2804099868,XAUUSD,,BUY,4567.04,4552.26278,4750.16625,0.1,TraderAI-Bot,0.0,2026-03-20 21:49:57,,,OPEN,,
2804176581,XAUUSD,,BUY,4560.146,4540.00111,4734.746,0.1,TraderAI-Bot,0.0,2026-03-20 21:56:28,,,OPEN,,
2804209539,XAUUSD,,BUY,4561.858,4545.42244,4751.3816,0.1,TraderAI-Bot,0.0,2026-03-20 21:59:35,,,OPEN,,
2805421976,XAUUSD,,SELL,4576.034,4591.52149,4424.4481,0.01,TraderAI-Bot,0.0,2026-03-20 23:50:43,,,OPEN,,
2806341469,XAUUSD,,BUY,4511.561,4493.07802,4695.521,0.02,TraderAI-Bot,0.0,2026-03-21 02:01:42,,,OPEN,,
2806385805,XAUUSD,,BUY,4496.042,4475.18753,4695.521,0.1,TraderAI-Bot,0.0,2026-03-21 02:07:30,,,OPEN,,
2806421546,XAUUSD,,BUY,4490.675,4479.28069,4695.521,0.1,TraderAI-Bot,0.0,2026-03-21 02:12:33,,,OPEN,,
2806523725,XAUUSD,,BUY,4502.873,4479.83737,4695.521,0.01,TraderAI-Bot,0.0,2026-03-21 02:30:11,,,OPEN,,
2806605945,XAUUSD,,BUY,4511.608,4498.55029,4695.521,0.01,TraderAI-Bot,0.0,2026-03-21 02:45:27,,,OPEN,,
2810760558,XAUUSD,,BUY,4422.722,4398.58651,4764.9029,0.01,TraderAI-Bot,0.0,2026-03-23 08:20:30,,,OPEN,,
2810809607,XAUUSD,,BUY,4430.298,4404.48238,4755.19125,0.01,TraderAI-Bot,0.0,2026-03-23 08:25:13,,,OPEN,,
2810827810,XAUUSD,,BUY,4423.34,4391.49386,4715.70942,0.01,TraderAI-Bot,0.0,2026-03-23 08:27:17,,,OPEN,,
2810844591,XAUUSD,,BUY,4423.06,4391.78686,4716.00242,0.01,TraderAI-Bot,0.0,2026-03-23 08:29:32,,,OPEN,,
2812754384,XAUUSD,,SELL,4366.842,4379.35401,4266.48293,0.01,TraderAI-Bot,0.0,2026-03-23 12:18:54,,,OPEN,,
2812785255,XAUUSD,,SELL,4360.403,4372.78113,4257.97269,0.01,TraderAI-Bot,0.0,2026-03-23 12:23:14,,,OPEN,,
2812799010,XAUUSD,,SELL,4355.245,4369.0442,4246.98603,0.01,TraderAI-Bot,0.0,2026-03-23 12:25:25,,,OPEN,,
2812826245,XAUUSD,,SELL,4356.514,4369.11153,4248.57869,0.01,TraderAI-Bot,0.0,2026-03-23 12:29:45,,,OPEN,,
2812868155,XAUUSD,,SELL,4325.133,4345.33539,4202.68306,0.01,TraderAI-Bot,0.0,2026-03-23 12:32:06,,,OPEN,,
2812896774,XAUUSD,,SELL,4327.364,4339.40013,4188.91873,0.01,TraderAI-Bot,0.0,2026-03-23 12:34:15,,,OPEN,,
2813177701,XAUUSD,,BUY,4318.321,4304.8447,4493.727,0.01,TraderAI-Bot,0.0,2026-03-23 12:58:02,,,OPEN,,
2813201403,XAUUSD,,BUY,4307.051,4296.6987,4493.727,0.01,TraderAI-Bot,0.0,2026-03-23 13:00:18,,,OPEN,,
2813501174,XAUUSD,,SELL,4280.758,4314.46599,4125.91511,0.01,TraderAI-Bot,0.0,2026-03-23 13:19:20,,,OPEN,,
2813543677,XAUUSD,,SELL,4273.89,4314.466,4092.04478,0.01,TraderAI-Bot,0.0,2026-03-23 13:22:45,,,OPEN,,
2813595291,XAUUSD,,SELL,4273.496,4293.98681,4088.36587,0.01,TraderAI-Bot,0.0,2026-03-23 13:27:00,,,OPEN,,
2813767933,XAUUSD,,SELL,4232.004,4264.6277,4024.47896,0.01,TraderAI-Bot,0.0,2026-03-23 13:34:23,,,OPEN,,
2813843752,XAUUSD,,SELL,4229.003,4264.628,4032.56784,0.01,TraderAI-Bot,0.0,2026-03-23 13:38:21,,,OPEN,,
2813921769,XAUUSD,,SELL,4219.136,4265.36998,4007.86017,0.01,TraderAI-Bot,0.0,2026-03-23 13:43:11,,,OPEN,,
2814479613,XAUUSD,,SELL,4152.811,4189.10507,3850.85426,0.01,TraderAI-Bot,0.0,2026-03-23 14:12:26,,,OPEN,,
2815126163,XAUUSD,,SELL,4206.308,4245.22132,3867.75279,0.01,TraderAI-Bot,0.0,2026-03-23 14:52:40,,,OPEN,,
2815187358,XAUUSD,,SELL,4189.8,4235.41953,3865.47273,0.01,TraderAI-Bot,0.0,2026-03-23 14:58:06,,,OPEN,,
2815208094,XAUUSD,,SELL,4206.004,4235.42,3855.98939,0.02,TraderAI-Bot,0.0,2026-03-23 15:00:01,,,OPEN,,
2815242023,XAUUSD,,SELL,4215.195,4258.27844,3896.56061,0.01,TraderAI-Bot,0.0,2026-03-23 15:02:01,,,OPEN,,
